"","ID","Description","GeneRatio","BgRatio","RichFactor","FoldEnrichment","zScore","pvalue","p.adjust","qvalue","geneID","Count"
"GO:1903046","GO:1903046","meiotic cell cycle process","79/3260","192/18842",0.411458333333333,2.37812819529652,8.77909986292828,5.21522909196652e-15,2.88402168785748e-11,2.88402168785748e-11,"NPPC/P3H4/MYBL1/STRA8/ANKLE1/TOP6BL/RAD54B/CDC25A/MAJIN/EME1/SPIRE2/TTK/SYCE1L/PTTG1/MEIOC/RNF212/TDRKH/SGO1/EREG/DMRT1/HORMAD1/BRIP1/TUBB8/MOV10L1/TESMIN/SYCE3/SKA3/TEX11/TUBG1/MND1/RAD51AP1/NCAPD2/NDC80/RBM46/FBXO43/MSH5/EME2/BRME1/SHOC1/DCAF13/CDC20/REC114/STAG3/TEX19/HSF2BP/SKA1/NCAPH/SPDYA/ESPL1/MEIOB/ZWINT/PTTG3P/SHCBP1L/INCENP/PKMYT1/SGO2/FANCD2/MEIOSIN/AURKA/TAF1L/TEX15/PRDM9/CDC25C/SYCP2/BRCA2/BRDT/TOP2A/HORMAD2/FIGNL1/NSUN2/NUF2/KNL1/TDRD12/DDX4/C14orf39/RAD54L/TRIP13/MAEL/RAD51",79
"GO:0000280","GO:0000280","nuclear division","137/3260","422/18842",0.324644549763033,1.87636583025616,8.32810176378447,1.40364308568766e-14,3.42249810942705e-11,3.42249810942705e-11,"P3H4/NCAPG/AURKB/TPX2/MYBL1/STRA8/ANKLE1/BORA/MAD2L1/TOP6BL/RAD54B/MAJIN/EME1/SPIRE2/PRC1/BIRC5/TTK/KIF2C/SYCE1L/CENPF/KIF4A/PTTG1/ANLN/KIF25/DLGAP5/KIF15/MEIOC/RCC1/RNF212/TDRKH/SGO1/EREG/CDCA8/DMRT1/PSRC1/UBE2S/SPC24/SPC25/HORMAD1/BRIP1/CCNB1/TUBB8/MOV10L1/RRS1/KNSTRN/KIF18B/KNTC1/TGFA/TESMIN/KIFC1/CHMP4C/CENPK/MAP10/UHRF1/HASPIN/SYCE3/SKA3/CENPE/TEX11/TUBG1/MND1/CDK1/RAD51AP1/NCAPD2/NDC80/NAT9/KIF4B/RBM46/FBXO43/CHEK2/MSH5/BUB1/EME2/SPAG5/BRME1/SHOC1/DCAF13/CDC20/STAG3/TEX19/EGF/NCAPG2/CDT1/CDCA2/HSF2BP/KIF23/SKA1/KIF20B/NCAPH/SPDYA/CENPA/CHEK1/ESPL1/ZWILCH/MEIOB/ZWINT/KIF22/PTTG3P/SHCBP1L/RACGAP1/INCENP/PKMYT1/SGO2/FANCD2/MEIOSIN/AURKA/TAF1L/PLK1/TEX15/UBE2C/PRDM9/CDC25C/SYCP2/BRCA2/BRDT/KIF18A/TOP2A/HORMAD2/FIGNL1/SPDL1/MKI67/NUF2/KNL1/KIF11/KIF14/TDRD12/DDX4/GEN1/C14orf39/RAD54L/TRIP13/MAEL/RAD51/NEK2/BUB1B/CENPI/CEP85",137
"GO:0061644","GO:0061644","protein localization to CENP-A containing chromatin","18/3260","18/18842",1,5.77975460122699,9.27972422894929,1.85668975194957e-14,3.42249810942705e-11,3.42249810942705e-11,"H4C6/H2AC8/H4C16/H4C11/H4C3/H2AC4/H4C15/H4C2/H4C8/H4C1/H4C13/CENPA/H4C12/H4C14/H2BC11/H4C9/H4C5/H4C4",18
"GO:0016064","GO:0016064","immunoglobulin mediated immune response","71/3260","172/18842",0.412790697674419,2.38582893422742,8.35123806045408,1.02046410897088e-13,1.14331074960859e-10,1.14331074960859e-10,"IGHV1-3/IGHV3-11/IGHV3-48/IGHD/SUSD4/IGHV4-4/IGLC2/C8A/IGHV1-69/IGHV3-33/IGHV3-66/IGHV2-26/HSPD1/IGLC6/IGHV1-58/IGHV3-64/IGHV3-53/IGHV3-64D/IGHV1-45/IGHV3-23/IGHG2/IGHV6-1/IGHV1-18/IGHV3-21/IGHE/IGHV7-4-1/IGHV3-20/IGHV1-69D/IGHV3-73/IGHV3-16/IGHV2-70D/IGHA2/IGHV4-28/IGLC7/IGHV3-7/C4BPB/IGHG1/IGHV2-5/IGHV3-13/IGHV1-24/IGHV3-30/IGHV4-59/IGHV3-74/IGHV5-51/CD19/CD27/IGLL5/IGHV4-39/IGHG4/IGKC/IGHV4-61/IL21/IGHV4-34/TNFSF4/IGHV3-49/ZP3/IGHV3-72/IGHV1-69-2/IGHV3-43/IGHV8-51-1/IGLL1/IGHV3-35/CR2/IGHV7-81/IGHV3-15/IGLC3/IGHA1/IGHV3-38/C8G/IGHV2-70/IGHG3",71
"GO:0019731","GO:0019731","antibacterial humoral response","45/3260","86/18842",0.523255813953488,3.02429019831645,8.60599442969874,1.34903058398718e-13,1.14331074960859e-10,1.14331074960859e-10,"IGHD/RNASE7/H2BC17/H2BC4/H2BC15/H2BC3/H2BC14/WFDC2/H2BC6/H2BC5/IGHG2/WFDC11/WFDC13/IGKV3-20/DEFA5/H2BC19P/H2BC18/H2BC10/IGHE/SPINK5/IGHM/SPRR2A/SEMG1/WFDC3/IGHA2/FGB/PI3/DEFB1/BPIFA1/IGHG1/FGA/TF/H2BC21/IGHG4/H2BC8/H2BC12/CALCA/WFDC10B/H2BC12L/H2BC13/H2BC11/H2BC9/IGHA1/H2BC7/IGHG3",45
"GO:0071459","GO:0071459","protein localization to chromosome, centromeric region","27/3260","37/18842",0.72972972972973,4.21765876305754,8.96093552781016,1.39868128768068e-13,1.14331074960859e-10,1.14331074960859e-10,"H4C6/H2AC8/AURKB/H4C16/H4C11/TTK/H4C3/H2AC4/MTBP/KNTC1/H4C15/HASPIN/H4C2/CDK1/H4C8/H4C1/H4C13/CENPA/ZWILCH/H4C12/H4C14/H2BC11/SPDL1/H4C9/H4C5/KNL1/H4C4",27
"GO:0140013","GO:0140013","meiotic nuclear division","69/3260","166/18842",0.41566265060241,2.40242811737749,8.30121948074695,1.51194436370809e-13,1.14331074960859e-10,1.14331074960859e-10,"P3H4/MYBL1/STRA8/ANKLE1/TOP6BL/RAD54B/MAJIN/EME1/SPIRE2/TTK/SYCE1L/PTTG1/MEIOC/RNF212/TDRKH/SGO1/EREG/DMRT1/HORMAD1/BRIP1/TUBB8/MOV10L1/TESMIN/SYCE3/SKA3/TEX11/MND1/RAD51AP1/NDC80/RBM46/FBXO43/MSH5/EME2/BRME1/SHOC1/DCAF13/STAG3/TEX19/HSF2BP/SKA1/NCAPH/SPDYA/ESPL1/MEIOB/ZWINT/PTTG3P/SHCBP1L/INCENP/SGO2/FANCD2/MEIOSIN/TAF1L/TEX15/PRDM9/SYCP2/BRCA2/BRDT/TOP2A/HORMAD2/FIGNL1/NUF2/KNL1/TDRD12/DDX4/C14orf39/RAD54L/TRIP13/MAEL/RAD51",69
"GO:0019724","GO:0019724","B cell mediated immunity","72/3260","177/18842",0.406779661016949,2.35108661744827,8.26047465766879,1.65397576796903e-13,1.14331074960859e-10,1.14331074960859e-10,"IGHV1-3/IGHV3-11/IGHV3-48/IGHD/SUSD4/IGHV4-4/IGLC2/C8A/IGHV1-69/IGHV3-33/IGHV3-66/IGHV2-26/HSPD1/IGLC6/IGHV1-58/IGHV3-64/IGHV3-53/IGHV3-64D/IGHV1-45/IGHV3-23/IGHG2/IGHV6-1/IGHV1-18/IGHV3-21/IGHE/IGHV7-4-1/IGHV3-20/IGHV1-69D/IGHV3-73/IGHV3-16/IGHV2-70D/IGHA2/IGHV4-28/IGLC7/IGHV3-7/C4BPB/IGHG1/IGHV2-5/IGHV3-13/IGHV1-24/IGHV3-30/IGHV4-59/IGHV3-74/IGHV5-51/CD19/CD27/IGLL5/IGHV4-39/CD70/IGHG4/IGKC/IGHV4-61/IL21/IGHV4-34/TNFSF4/IGHV3-49/ZP3/IGHV3-72/IGHV1-69-2/IGHV3-43/IGHV8-51-1/IGLL1/IGHV3-35/CR2/IGHV7-81/IGHV3-15/IGLC3/IGHA1/IGHV3-38/C8G/IGHV2-70/IGHG3",72
"GO:0051321","GO:0051321","meiotic cell cycle","99/3260","281/18842",0.352313167259786,2.03628364954261,8.00534946470406,2.73028806918203e-13,1.67761033584185e-10,1.67761033584185e-10,"NPPC/P3H4/MYBL1/STRA8/MCMDC2/ANKLE1/TOP6BL/RAD54B/CDC25A/MAJIN/EME1/SPIRE2/TTK/SYCE1L/PTTG1/MEIOC/RNF212/TDRKH/SGO1/EREG/DMRT1/TDRD1/HORMAD1/BRIP1/TUBB8/MOV10L1/TESMIN/SYCE3/SKA3/TEX11/TUBG1/MND1/RAD51AP1/NCAPD2/NDC80/PIWIL3/RBM46/FBXO43/MSH5/EME2/DUSP13B/PRR19/BRME1/SHOC1/DCAF13/CDC20/REC114/STAG3/TEX19/BOLL/CDCA2/HSF2BP/SKA1/NCAPH/SPDYA/ESPL1/PSMA6/MEIOB/ZWINT/PTTG3P/SHCBP1L/INCENP/PKMYT1/SGO2/FANCD2/EXO1/MEIOSIN/AURKA/TAF1L/TEX15/PRDM9/CDC25C/SYCP2/PIWIL1/BRCA2/BRDT/SMC1B/H2AX/TOP2A/HORMAD2/FIGNL1/NSUN2/XRCC2/MKI67/ASPM/NUF2/KNL1/PSMA2/TDRD12/DDX4/FAM9B/RAD21L1/C14orf39/RAD54L/TRIP13/MAEL/RAD51/NEK2/REDIC1",99
"GO:0006334","GO:0006334","nucleosome assembly","52/3260","113/18842",0.460176991150442,2.65971008198056,8.09400249390516,1.31341498073096e-12,7.26318484344219e-10,7.26318484344219e-10,"H4C6/H3C13/H4C16/H4C11/H2BC4/H2BC15/H2BC3/H3C7/H4C3/H2BC14/H1-5/H1-1/H2BC6/H3C6/H4C15/H4C2/H3C12/H3C14/H2BC10/ASF1B/H1-0/H3C1/H3C8/H4C8/H4C1/H1-3/H4C13/H1-6/H1-2/H3C11/H3-4/TSPYL6/H4C12/H4C14/H3C10/H2BC21/CHAF1B/H2BC8/H3C3/H2BC13/H2BC11/H2AX/H2BC9/H4C9/SOX9/H4C5/H2BC7/H4C4/H1-4/H2BC1/H3C2/ATAD2",52
"GO:0048285","GO:0048285","organelle fission","142/3260","470/18842",0.302127659574468,1.74622373058347,7.49357298035484,2.39404538412881e-12,1.20355190674839e-09,1.20355190674839e-09,"MTFP1/P3H4/NCAPG/AURKB/TPX2/MYBL1/STRA8/ANKLE1/BORA/MAD2L1/TOP6BL/RAD54B/MAJIN/EME1/SPIRE2/PRC1/BIRC5/TTK/KIF2C/SYCE1L/CENPF/KIF4A/PTTG1/ANLN/KIF25/DLGAP5/KIF15/MEIOC/RCC1/RNF212/TDRKH/SGO1/EREG/CDCA8/DMRT1/PSRC1/UBE2S/SPC24/SPC25/HORMAD1/BRIP1/CCNB1/TUBB8/MOV10L1/RRS1/KNSTRN/KIF18B/KNTC1/TGFA/TESMIN/KIFC1/CHMP4C/CENPK/MAP10/UHRF1/HASPIN/SYCE3/SKA3/CENPE/TEX11/TUBG1/MND1/CDK1/RAD51AP1/NCAPD2/NDC80/NAT9/KIF4B/RBM46/FBXO43/CHEK2/MSH5/BUB1/EME2/SPAG5/BRME1/SHOC1/DCAF13/CDC20/STAG3/TEX19/EGF/NCAPG2/CDT1/CDCA2/HSF2BP/KIF23/SKA1/KIF20B/MYO19/NCAPH/SPDYA/CENPA/CHEK1/ESPL1/ZWILCH/MEIOB/ZWINT/KIF22/PTTG3P/SHCBP1L/RACGAP1/INCENP/PKMYT1/SGO2/FANCD2/MEIOSIN/AURKA/TAF1L/PLK1/TEX15/UBE2C/MTFR2/PRDM9/CDC25C/SYCP2/BRCA2/BRDT/KIF18A/MTFR1/TOP2A/HORMAD2/FIGNL1/SPDL1/MKI67/BNIP3/NUF2/KNL1/KIF11/KIF14/TDRD12/DDX4/GEN1/C14orf39/RAD54L/TRIP13/MAEL/RAD51/NEK2/BUB1B/CENPI/CEP85",142
"GO:0019730","GO:0019730","antimicrobial humoral response","72/3260","189/18842",0.380952380952381,2.2018112766579,7.595248830309,7.26239127233566e-12,3.34675197800135e-09,3.34675197800135e-09,"IGHD/RNASE7/H2BC17/H2BC4/H2BC15/H2BC3/H2BC14/CCL1/WFDC2/H2BC6/CXCL9/NPPB/H2BC5/IGHG2/NTS/WFDC11/CXCL14/WFDC13/IL36RN/IGKV3-20/DEFA5/H2BC19P/H2BC18/H2BC10/IGHE/SPINK5/REG1A/IGHM/F2/SPRR2A/CCL20/SEMG1/WFDC3/IGHA2/FGB/PI3/HRG/DEFB1/DEFB126/BPIFA1/IGHG1/KNG1/CXCL13/KRT6A/S100A7/PRSS3/FGA/TF/H2BC21/CCL25/PGLYRP3/PRSS2/IGHG4/H2BC8/H2BC12/HAMP/CALCA/WFDC10B/H2BC12L/H2BC13/H2BC11/PGLYRP4/IL17A/CCL19/H2BC9/GAPDH/CCL26/CCL7/IGHA1/H2BC7/IGHG3/CXCL6",72
"GO:0034728","GO:0034728","nucleosome organization","54/3260","130/18842",0.415384615384615,2.40082114204814,7.33066602881812,6.68441085239831e-11,2.84344553952021e-08,2.84344553952021e-08,"H4C6/H3C13/H4C16/H4C11/H2BC4/H2BC15/H2BC3/H3C7/H4C3/H2BC14/H1-5/H1-1/H2BC6/H3C6/H4C15/H4C2/H3C12/H2AC25/H3C14/H2BC10/ASF1B/H1-0/H3C1/H3C8/H4C8/H4C1/H1-3/HMGA1/H4C13/H1-6/H1-2/H3C11/H3-4/TSPYL6/H4C12/H4C14/H3C10/H2BC21/CHAF1B/H2BC8/H3C3/H2BC13/H2BC11/H2AX/H2BC9/H4C9/SOX9/H4C5/H2BC7/H4C4/H1-4/H2BC1/H3C2/ATAD2",54
"GO:0001501","GO:0001501","skeletal system development","106/3260","341/18842",0.310850439882698,1.79663926020546,6.79032355041511,2.42790710642902e-10,9.59023307039463e-08,9.59023307039463e-08,"NPPC/KAT2A/HOXC9/HOXB9/TWIST1/CLEC3A/PTHLH/FBN2/IFITM5/BCAN/ADAMTS12/COL28A1/BMP8B/CHRD/DLX6/COL1A2/HOXD11/EPYC/MMP16/CCDC154/HOXA1/SNORC/MSX2/SCX/SPP2/RFLNA/HOXB3/GREM1/HAPLN3/PITX1/AHSG/INHA/HOXD3/TSKU/SRD5A1/HMGA2/COL18A1/RUNX2/OTOR/HOXC4/CNMD/PAX1/FGF4/EN1/ALX1/HOXD13/ZIC3/SHOX2/COL2A1/DLX1/HOXD4/SCIN/MMP13/SIX2/TFAP2A/DLX3/VCAN/CHRDL2/ZNF664-RFLNA/ITGB8/SOX11/HOXC11/CCN4/WNT10B/COL11A1/LHX1/NKX3-2/MUSTN1/DLX5/COL3A1/WNT1/COL10A1/HOXA13/HSD17B1/MDK/COL11A2/OPTC/CHI3L1/COL19A1/ATG9B/HOXA11/BMP8A/SIX1/WNT5B/TIMP1/COL5A1/FGF8/COL9A2/COL1A1/SULF1/OSR2/SOX9/DLL3/NCAN/BGLAP/MEPE/P2RX5/SFRP4/MMP14/DLX2/PITX2/ACAN/DLX4/COMP/LOXL2/ARSL",106
"GO:0045132","GO:0045132","meiotic chromosome segregation","35/3260","71/18842",0.492957746478873,2.84917480342176,7.14023674194026,5.85574825706566e-10,2.15881919077154e-07,2.15881919077154e-07,"P3H4/MAJIN/TTK/SYCE1L/PTTG1/MEIOC/RNF212/SGO1/HORMAD1/TUBB8/SYCE3/SKA3/TEX11/MND1/NDC80/MSH5/SHOC1/DCAF13/STAG3/SKA1/NCAPH/ESPL1/MEIOB/ZWINT/PTTG3P/SGO2/FANCD2/TEX15/PRDM9/SYCP2/HORMAD2/NUF2/KNL1/C14orf39/TRIP13",35
"GO:0098813","GO:0098813","nuclear chromosome segregation","98/3260","315/18842",0.311111111111111,1.79814587593729,6.53407589952052,1.09160043921066e-09,3.77284401802185e-07,3.77284401802185e-07,"P3H4/NCAPG/AURKB/TPX2/MAD2L1/MAJIN/PRC1/BIRC5/TTK/KIF2C/SYCE1L/CENPF/KIF4A/PTTG1/KIF25/DLGAP5/KIF15/MEIOC/RCC1/RNF212/SGO1/CDCA8/PSRC1/SPC24/SPC25/TACC3/HORMAD1/CCNB1/TUBB8/RRS1/KNSTRN/KIF18B/KNTC1/KIFC1/CHMP4C/CENPK/MAP10/UHRF1/HASPIN/SYCE3/SKA3/CENPE/TEX11/TUBG1/MND1/CDK1/NCAPD2/NDC80/NAT9/SACK1D/KIF4B/CHEK2/MSH5/BUB1/SPAG5/ECT2/DPF1/SHOC1/DCAF13/CDC20/STAG3/NCAPG2/CDT1/KIF23/SKA1/NCAPH/CENPA/ESPL1/ZWILCH/MEIOB/ZWINT/KIF22/PTTG3P/RACGAP1/CDC6/INCENP/SGO2/FANCD2/PLK1/TEX15/UBE2C/PRDM9/SYCP2/RMI2/KIF18A/TOP2A/HORMAD2/SPDL1/NUF2/KNL1/KIF11/KIF14/GEN1/C14orf39/TRIP13/NEK2/BUB1B/CENPI",98
"GO:0061982","GO:0061982","meiosis I cell cycle process","50/3260","125/18842",0.4,2.3119018404908,6.73112107583321,1.60856190729527e-09,5.23255726314286e-07,5.23255726314286e-07,"P3H4/MYBL1/ANKLE1/TOP6BL/RAD54B/CDC25A/MAJIN/EME1/SYCE1L/PTTG1/MEIOC/RNF212/SGO1/HORMAD1/BRIP1/MOV10L1/SYCE3/TEX11/MND1/RAD51AP1/NDC80/MSH5/EME2/BRME1/SHOC1/CDC20/REC114/STAG3/TEX19/HSF2BP/MEIOB/ZWINT/PTTG3P/PKMYT1/SGO2/FANCD2/TEX15/PRDM9/CDC25C/SYCP2/BRCA2/BRDT/TOP2A/HORMAD2/KNL1/DDX4/C14orf39/RAD54L/TRIP13/RAD51",50
"GO:0007586","GO:0007586","digestion","48/3260","122/18842",0.39344262295082,2.27400181031882,6.45722936447383,6.43114201006469e-09,1.97578973975876e-06,1.97578973975876e-06,"NPPC/AKR1C1/VSIG1/NR1I2/AKR1D1/CRACD/CLPSL1/ABCG8/TFF2/CLPS/ADRA2A/VIL1/NMU/TFF1/CHRM5/OPRK1/SI/STK39/SLC26A6/MUC6/CLPSL2/MUC4/OXT/SST/PRSS1/TFF3/PRSS3/CYP8B1/SLC2A5/AKR1C2/CLDN2/NPSR1/AQP5/MDK/PRSS2/MUC13/INAVA/NEUROD1/HAMP/IL17A/CEL/WNK3/SOX9/UCN2/PBLD/ASAH2/MUC2/NPC1L1",48
"GO:0006959","GO:0006959","humoral immune response","91/3260","296/18842",0.307432432432432,1.77688401591776,6.16206235520617,8.15859757707206e-09,2.37458129480045e-06,2.37458129480045e-06,"IGHD/RNASE7/SUSD4/H2BC17/C8A/H2BC4/H2BC15/H2BC3/TNFRSF21/H2BC14/CCL1/CFHR4/IFNE/WFDC2/H2BC6/CXCL9/NPPB/H2BC5/IGHG2/NTS/WFDC11/CXCL14/WFDC13/IL36RN/IGKV3-20/DEFA5/H2BC19P/POU2AF1/H2BC18/H2BC10/IGHE/SPINK5/REG1A/IGHM/F2/SPRR2A/CCL20/SEMG1/WFDC3/MS4A1/IGHA2/FGB/PI3/HRG/DEFB1/AIRE/DEFB126/BPIFA1/C4BPB/IGHG1/KNG1/CXCL13/KRT6A/S100A7/PRSS3/IFNB1/FGA/CFHR3/TF/CFHR5/H2BC21/CCL25/PGLYRP3/PRSS2/IGHG4/H2BC8/H2BC12/GPI/HAMP/CALCA/WFDC10B/H2BC12L/ZP3/H2BC13/H2BC11/PGLYRP4/CFB/IL17A/CCL19/H2BC9/CR2/GAPDH/CCL26/CCL7/IGHA1/H2BC7/C8G/IFNG/IFNK/IGHG3/CXCL6",91
"GO:0007127","GO:0007127","meiosis I","45/3260","112/18842",0.401785714285714,2.32222283085013,6.41939277817879,8.80292455439883e-09,2.43400863929128e-06,2.43400863929128e-06,"P3H4/MYBL1/ANKLE1/TOP6BL/RAD54B/MAJIN/EME1/SYCE1L/PTTG1/MEIOC/RNF212/SGO1/HORMAD1/BRIP1/MOV10L1/SYCE3/TEX11/MND1/RAD51AP1/NDC80/MSH5/EME2/BRME1/SHOC1/STAG3/TEX19/HSF2BP/MEIOB/ZWINT/PTTG3P/SGO2/FANCD2/TEX15/PRDM9/SYCP2/BRCA2/BRDT/TOP2A/HORMAD2/KNL1/DDX4/C14orf39/RAD54L/TRIP13/RAD51",45
"GO:0045109","GO:0045109","intermediate filament organization","34/3260","74/18842",0.45945945945946,2.65556292488808,6.52682140907881,1.03220569222236e-08,2.71814165618556e-06,2.71814165618556e-06,"KRT12/KRT19/KRT80/INA/KRT15/KRT78/KRT86/KRT33B/KRT40/BFSP2/KRT36/KRT6C/KRT6B/PKP2/GFAP/KRT39/KRT6A/KRT9/KRT20/KRT81/KRT32/PKP1/NEFL/NEFH/DSP/KRT17/KRT31/KRT14/KRT83/KRT16/KRT3/KRT34/KRT23/KRT75",34
"GO:0051783","GO:0051783","regulation of nuclear division","50/3260","135/18842",0.37037037037037,2.14064985230629,6.08367961219776,3.26822596210388e-08,8.21513162292476e-06,8.21513162292476e-06,"AURKB/STRA8/BORA/MAD2L1/BIRC5/TTK/CENPF/DLGAP5/RCC1/EREG/CDCA8/DMRT1/SPC24/SPC25/HORMAD1/CCNB1/KNTC1/TGFA/HASPIN/SKA3/RAD51AP1/NDC80/FBXO43/BUB1/CDC20/EGF/CDCA2/SKA1/KIF20B/CHEK1/ESPL1/ZWILCH/ZWINT/INCENP/PKMYT1/MEIOSIN/AURKA/PLK1/UBE2C/PRDM9/CDC25C/HORMAD2/SPDL1/MKI67/NUF2/KNL1/GEN1/TRIP13/NEK2/BUB1B",50
"GO:0045143","GO:0045143","homologous chromosome segregation","26/3260","51/18842",0.509803921568627,2.94654156140984,6.36682624066618,3.89836052695822e-08,9.37301465829519e-06,9.37301465829519e-06,"P3H4/MAJIN/SYCE1L/PTTG1/MEIOC/RNF212/SGO1/HORMAD1/SYCE3/TEX11/MND1/MSH5/SHOC1/STAG3/MEIOB/ZWINT/PTTG3P/SGO2/FANCD2/TEX15/PRDM9/SYCP2/HORMAD2/KNL1/C14orf39/TRIP13",26
"GO:0002227","GO:0002227","innate immune response in mucosa","20/3260","34/18842",0.588235294117647,3.39985564778058,6.40622878907169,6.29616019970104e-08,1.45074024601445e-05,1.45074024601445e-05,"H2BC17/H2BC4/H2BC15/H2BC3/H2BC14/H2BC6/H2BC5/H2BC19P/H2BC18/H2BC10/DEFB1/CLDN2/H2BC21/H2BC8/H2BC12/H2BC12L/H2BC13/H2BC11/H2BC9/H2BC7",20
"GO:0007059","GO:0007059","chromosome segregation","116/3260","420/18842",0.276190476190476,1.59631317557698,5.65301107423288,7.04196663661559e-08,1.54843611045199e-05,1.54843611045199e-05,"CENPO/P3H4/NCAPG/AURKB/TPX2/MAD2L1/MAJIN/PRC1/BIRC5/TTK/KIF2C/SYCE1L/CENPF/KIF4A/PTTG1/KIF25/DLGAP5/KIF15/MEIOC/RCC1/STIL/RNF212/SGO1/CDCA8/PSRC1/SPC24/SPC25/TACC3/HORMAD1/CCNB1/TUBB8/RRS1/KNSTRN/KIF18B/KNTC1/KIFC1/CHMP4C/CENPK/MAP10/UHRF1/HASPIN/SYCE3/SKA3/CENPE/TEX11/TUBG1/MND1/HJURP/CDK1/NCAPD2/SASS6/NDC80/NAT9/SACK1D/KIF4B/CHEK2/MSH5/FIRRM/BUB1/SPAG5/ECT2/DPF1/CENPU/LOC100533997/SHOC1/DCAF13/CDC20/STAG3/CENPL/NCAPG2/CDT1/CDCA2/GPSM2/KIF23/SKA1/CENPW/NCAPH/CENPA/ESPL1/CENPM/ZWILCH/MEIOB/ZWINT/KIF22/PTTG3P/RACGAP1/CDC6/INCENP/SGO2/FANCD2/PLK1/TEX15/UBE2C/PRDM9/SYCP2/RMI2/KIF18A/TOP2A/HORMAD2/SPDL1/CENPH/MKI67/SRPK1/NUF2/KNL1/KIF11/KIF14/GEN1/BRCA1/RAD21L1/C14orf39/TRIP13/NEK2/BUB1B/CENPI/CEP85",116
"GO:0044786","GO:0044786","cell cycle DNA replication","22/3260","40/18842",0.55,3.17886503067485,6.30968204651074,7.34583588373419e-08,1.54843611045199e-05,1.54843611045199e-05,"TK1/DONSON/MCM2/RTEL1/MCM4/E2F8/DBF4/CDC45/ATAD5/PCNA/DNA2/MCM6/GINS1/CDT1/CDC7/GMNN/BLM/BRCA2/DBF4B/FEN1/E2F7/RAD51",22
"GO:0008544","GO:0008544","epidermis development","86/3260","287/18842",0.299651567944251,1.73191252859067,5.71503408800628,7.56017630781261e-08,1.54843611045199e-05,1.54843611045199e-05,"HOXB13/GRHL3/FOXI3/TMEM79/STRC/PTHLH/GAL/PLA2G10/AKR1C3/SPRR3/NME2/KRT80/FOXE1/KRT15/CNFN/KRT78/ABCA12/EREG/ESRP1/ALOXE3/KRT86/FA2H/FERMT1/CLDN4/LAMC2/MIR125B1/KRT36/SPRR1A/SPINK5/KRT6C/KRT6B/PI3/ZNF750/COL7A1/LIPK/DLX3/TP63/SPRR2F/CDH3/SPRR2E/SPRR2D/KRT6A/S100A7/IVL/KRT9/PKP3/OVOL3/CRABP2/COL17A1/ST14/KRT81/KRT32/PKP1/SPRR1B/CYP27B1/OVOL1/GRHL1/DSP/DSC1/CLDN1/KRT17/IL17A/OPN3/LAMB3/TMEM132E/NSUN2/KRT31/CYSRT1/WNT16/WNT10A/KRT14/SOX9/CASP14/GJB5/KRT83/USH1C/CALML5/KRT16/SFRP4/LSR/KRT3/PITX2/ETV4/KRT34/TGM5/KRT75",86
"GO:0045653","GO:0045653","negative regulation of megakaryocyte differentiation","14/3260","19/18842",0.736842105263158,4.25876654827252,6.50032100230457,1.01967863286845e-07,2.01386529991519e-05,2.01386529991519e-05,"H4C6/H4C16/H4C11/H4C3/H4C15/H4C2/H4C8/H4C1/H4C13/H4C12/H4C14/H4C9/H4C5/H4C4",14
"GO:0051784","GO:0051784","negative regulation of nuclear division","31/3260","70/18842",0.442857142857143,2.55960560911481,5.9794014236319,1.30037567560439e-07,2.47968189175596e-05,2.47968189175596e-05,"AURKB/MAD2L1/BIRC5/TTK/CENPF/CDCA8/DMRT1/SPC24/SPC25/HORMAD1/CCNB1/KNTC1/HASPIN/SKA3/NDC80/FBXO43/BUB1/CDC20/SKA1/CHEK1/ZWILCH/ZWINT/INCENP/PLK1/HORMAD2/SPDL1/NUF2/KNL1/GEN1/TRIP13/BUB1B",31
"GO:0035825","GO:0035825","homologous recombination","31/3260","71/18842",0.436619718309859,2.52355482588784,5.88291714013994,1.92728733639569e-07,3.55263299008938e-05,3.55263299008938e-05,"ANKLE1/TOP6BL/RAD54B/EME1/RNF212/BRIP1/UHRF1/SYCE3/TEX11/MND1/RAD51AP1/MSH5/FIRRM/EME2/HDAC10/BRME1/SHOC1/TEX19/HSF2BP/BARD1/MEIOB/FANCD2/PRDM9/SYCP2/TOP2A/FIGNL1/BRCA1/C14orf39/RAD54L/TRIP13/RAD51",31
"GO:0007292","GO:0007292","female gamete generation","43/3260","115/18842",0.373913043478261,2.16112563350227,5.71272347607974,2.14312714785596e-07,3.65994289452155e-05,3.65994289452155e-05,"NPPC/INHBB/STRA8/BCL2L10/SPIRE2/SOHLH2/MEIOC/MCM8/TDRKH/EREG/TDRD1/HORMAD1/CCNB1/ZAR1L/TUBB8/NANOS1/YBX2/SKA3/NDC80/RBM46/PABPC1L/BRME1/DCAF13/REC114/AMH/HSF2BP/SKA1/NCAPH/MEIOB/TDRD5/MEIOSIN/CGB3/MDK/PRDM9/FOXL2/HROB/CGB7/ZP3/TOP2A/PDE3A/SOHLH1/C14orf39/TRIP13",43
"GO:0045104","GO:0045104","intermediate filament cytoskeleton organization","36/3260","89/18842",0.404494382022472,2.33787826566485,5.78662581080096,2.15043171786424e-07,3.65994289452155e-05,3.65994289452155e-05,"KRT12/KRT19/KRT80/INA/KRT15/KRT78/KRT86/KRT33B/KRT40/BFSP2/KRT36/KRT18/KRT6C/KRT6B/PKP2/GFAP/KRT39/KRT6A/KRT9/KRT20/KRT81/KRT32/SACK1H/PKP1/NEFL/NEFH/DSP/KRT17/KRT31/KRT14/KRT83/KRT16/KRT3/KRT34/KRT23/KRT75",36
"GO:0051256","GO:0051256","mitotic spindle midzone assembly","10/3260","11/18842",0.909090909090909,5.25432236475181,6.45563876093309,2.20404177354686e-07,3.65994289452155e-05,3.65994289452155e-05,"AURKB/PRC1/BIRC5/KIF4A/CDCA8/MAP10/KIF4B/KIF23/RACGAP1/INCENP",10
"GO:0051231","GO:0051231","spindle elongation","11/3260","13/18842",0.846153846153846,4.89056158565361,6.41829268269253,2.26772258229328e-07,3.65994289452155e-05,3.65994289452155e-05,"AURKB/PRC1/BIRC5/KIF4A/CDCA8/MAP10/KIF4B/KIF23/RACGAP1/INCENP/KIF11",11
"GO:0033260","GO:0033260","nuclear DNA replication","20/3260","36/18842",0.555555555555556,3.21097477845944,6.07345751319472,2.31641955349465e-07,3.65994289452155e-05,3.65994289452155e-05,"TK1/DONSON/MCM2/RTEL1/MCM4/DBF4/CDC45/ATAD5/PCNA/DNA2/MCM6/GINS1/CDT1/CDC7/GMNN/BLM/BRCA2/DBF4B/FEN1/RAD51",20
"GO:0007088","GO:0007088","regulation of mitotic nuclear division","44/3260","120/18842",0.366666666666667,2.11924335378323,5.62585068655897,2.97173380977925e-07,4.4701028445776e-05,4.4701028445776e-05,"AURKB/BORA/MAD2L1/BIRC5/TTK/CENPF/DLGAP5/RCC1/EREG/CDCA8/DMRT1/SPC24/SPC25/CCNB1/KNTC1/TGFA/HASPIN/SKA3/NDC80/FBXO43/BUB1/CDC20/EGF/CDCA2/SKA1/KIF20B/CHEK1/ESPL1/ZWILCH/ZWINT/INCENP/PKMYT1/AURKA/PLK1/UBE2C/CDC25C/SPDL1/MKI67/NUF2/KNL1/GEN1/TRIP13/NEK2/BUB1B",44
"GO:0045103","GO:0045103","intermediate filament-based process","36/3260","90/18842",0.4,2.3119018404908,5.70621293239742,2.9908463878729e-07,4.4701028445776e-05,4.4701028445776e-05,"KRT12/KRT19/KRT80/INA/KRT15/KRT78/KRT86/KRT33B/KRT40/BFSP2/KRT36/KRT18/KRT6C/KRT6B/PKP2/GFAP/KRT39/KRT6A/KRT9/KRT20/KRT81/KRT32/SACK1H/PKP1/NEFL/NEFH/DSP/KRT17/KRT31/KRT14/KRT83/KRT16/KRT3/KRT34/KRT23/KRT75",36
"GO:0000070","GO:0000070","mitotic sister chromatid segregation","65/3260","205/18842",0.317073170731707,1.83260511746222,5.48248154712165,3.10789404107076e-07,4.52280369661087e-05,4.52280369661087e-05,"NCAPG/AURKB/TPX2/MAD2L1/PRC1/BIRC5/TTK/KIF2C/CENPF/KIF4A/KIF25/DLGAP5/KIF15/RCC1/CDCA8/PSRC1/SPC24/SPC25/CCNB1/RRS1/KNSTRN/KIF18B/KNTC1/KIFC1/CHMP4C/CENPK/MAP10/UHRF1/HASPIN/SKA3/CENPE/TUBG1/CDK1/NCAPD2/NDC80/NAT9/KIF4B/CHEK2/BUB1/SPAG5/CDC20/NCAPG2/CDT1/KIF23/SKA1/NCAPH/CENPA/ESPL1/ZWILCH/ZWINT/KIF22/RACGAP1/INCENP/PLK1/UBE2C/KIF18A/SPDL1/NUF2/KNL1/KIF11/KIF14/GEN1/TRIP13/BUB1B/CENPI",65
"GO:0022600","GO:0022600","digestive system process","36/3260","91/18842",0.395604395604396,2.28649632576013,5.62686122450254,4.12963042994405e-07,5.60914974874209e-05,5.60914974874209e-05,"NPPC/AKR1C1/VSIG1/NR1I2/CRACD/ABCG8/TFF2/ADRA2A/VIL1/NMU/TFF1/CHRM5/OPRK1/STK39/SLC26A6/MUC6/MUC4/OXT/TFF3/CYP8B1/SLC2A5/CLDN2/NPSR1/AQP5/MDK/MUC13/INAVA/NEUROD1/HAMP/IL17A/CEL/WNK3/SOX9/PBLD/MUC2/NPC1L1",36
"GO:0007094","GO:0007094","mitotic spindle assembly checkpoint signaling","26/3260","56/18842",0.464285714285714,2.68345749342682,5.77069584230127,4.26011373322184e-07,5.60914974874209e-05,5.60914974874209e-05,"AURKB/MAD2L1/BIRC5/TTK/CENPF/CDCA8/SPC24/SPC25/CCNB1/KNTC1/HASPIN/SKA3/NDC80/BUB1/CDC20/SKA1/ZWILCH/ZWINT/INCENP/PLK1/SPDL1/NUF2/KNL1/GEN1/TRIP13/BUB1B",26
"GO:0071173","GO:0071173","spindle assembly checkpoint signaling","26/3260","56/18842",0.464285714285714,2.68345749342682,5.77069584230127,4.26011373322184e-07,5.60914974874209e-05,5.60914974874209e-05,"AURKB/MAD2L1/BIRC5/TTK/CENPF/CDCA8/SPC24/SPC25/CCNB1/KNTC1/HASPIN/SKA3/NDC80/BUB1/CDC20/SKA1/ZWILCH/ZWINT/INCENP/PLK1/SPDL1/NUF2/KNL1/GEN1/TRIP13/BUB1B",26
"GO:0071174","GO:0071174","mitotic spindle checkpoint signaling","26/3260","56/18842",0.464285714285714,2.68345749342682,5.77069584230127,4.26011373322184e-07,5.60914974874209e-05,5.60914974874209e-05,"AURKB/MAD2L1/BIRC5/TTK/CENPF/CDCA8/SPC24/SPC25/CCNB1/KNTC1/HASPIN/SKA3/NDC80/BUB1/CDC20/SKA1/ZWILCH/ZWINT/INCENP/PLK1/SPDL1/NUF2/KNL1/GEN1/TRIP13/BUB1B",26
"GO:0140014","GO:0140014","mitotic nuclear division","82/3260","281/18842",0.291814946619217,1.68661878042923,5.30416868855451,5.12426706652355e-07,6.59004578555238e-05,6.59004578555238e-05,"NCAPG/AURKB/TPX2/BORA/MAD2L1/PRC1/BIRC5/TTK/KIF2C/CENPF/KIF4A/ANLN/KIF25/DLGAP5/KIF15/RCC1/EREG/CDCA8/DMRT1/PSRC1/UBE2S/SPC24/SPC25/CCNB1/RRS1/KNSTRN/KIF18B/KNTC1/TGFA/KIFC1/CHMP4C/CENPK/MAP10/UHRF1/HASPIN/SKA3/CENPE/TUBG1/CDK1/NCAPD2/NDC80/NAT9/KIF4B/FBXO43/CHEK2/BUB1/SPAG5/CDC20/EGF/NCAPG2/CDT1/CDCA2/KIF23/SKA1/KIF20B/NCAPH/CENPA/CHEK1/ESPL1/ZWILCH/ZWINT/KIF22/RACGAP1/INCENP/PKMYT1/AURKA/PLK1/UBE2C/CDC25C/KIF18A/SPDL1/MKI67/NUF2/KNL1/KIF11/KIF14/GEN1/TRIP13/NEK2/BUB1B/CENPI/CEP85",82
"GO:0000075","GO:0000075","cell cycle checkpoint signaling","61/3260","191/18842",0.319371727748691,1.84589021295731,5.37438528672727,5.37505890067858e-07,6.721898655653e-05,6.721898655653e-05,"E2F1/AURKB/MAD2L1/EME1/BIRC5/DONSON/TTK/CLSPN/CENPF/ORC1/CDCA8/PRKDC/DBF4/SPC24/CDC45/SPC25/CDK5RAP3/HORMAD1/BRIP1/CCNB1/DTL/KNTC1/TICRR/CHMP4C/HASPIN/TIMELESS/DNA2/SKA3/CDK1/NDC80/CHEK2/BUB1/EME2/CDC20/CDT1/CDC7/BARD1/SKA1/CHEK1/ZWILCH/ZWINT/CDC6/INCENP/FANCD2/PLK1/BLM/BRSK1/BRCA2/H2AX/HORMAD2/RFC4/SPDL1/NSUN2/WDR76/NUF2/KNL1/GEN1/BRCA1/TRIP13/RAD51/BUB1B",61
"GO:0061844","GO:0061844","antimicrobial humoral immune response mediated by antimicrobial peptide","49/3260","142/18842",0.345070422535211,1.99442236239523,5.4405577655538,5.46989944854223e-07,6.721898655653e-05,6.721898655653e-05,"RNASE7/H2BC17/H2BC4/H2BC15/H2BC3/H2BC14/CCL1/H2BC6/CXCL9/NPPB/H2BC5/NTS/CXCL14/DEFA5/H2BC19P/H2BC18/H2BC10/SPINK5/REG1A/F2/CCL20/SEMG1/HRG/DEFB1/DEFB126/BPIFA1/KNG1/CXCL13/KRT6A/S100A7/H2BC21/CCL25/PGLYRP3/H2BC8/H2BC12/HAMP/CALCA/H2BC12L/H2BC13/H2BC11/PGLYRP4/IL17A/CCL19/H2BC9/GAPDH/CCL26/CCL7/H2BC7/CXCL6",49
"GO:0048729","GO:0048729","tissue morphogenesis","110/3260","408/18842",0.269607843137255,1.55826717189943,5.21448659466939,5.65580154477703e-07,6.79925707448195e-05,6.79925707448195e-05,"AGT/CEACAM1/GRHL3/PROX1/KRT12/GATA4/PLA2G10/SYNE4/TNNT2/HS3ST3A1/ADAMTS12/ITGA2/KRT19/HOXD11/FOXE1/KRT15/LGR4/PERP/STIL/SCX/LBX2/KRT33B/MYH7/TMEM59L/FERMT1/KRT40/GREM1/PAK1/SAPCD2/TIMELESS/HMGA2/GREB1/TBXT/KRT36/ITGB3/TNNI3/MMP12/CASR/SIX3/ARTN/NKX2-5/GDNF/ZIC3/SHOX2/SALL1/PKP2/SFRP2/TRIM15/EGF/BRSK2/SIX2/TFAP2A/AIRE/GREB1L/FOXD1/DLX3/FOXH1/KRT39/ITGB4/EYA2/SOX11/CARMIL2/KRT6A/DKK1/MESP2/KRT9/ITGAV/POU4F1/KRT20/TBX18/LHX1/KRT32/COL3A1/BRSK1/MDK/TBX20/APELA/SCRIB/DSP/HOXA11/DSC1/FOXN4/SIX1/SIX4/WNT5B/KRT17/ISL1/MYH6/RNF207/COL5A1/FGF8/KRT31/WNT16/WNT10A/SULF1/KRT14/SOX9/KIF26B/RET/FIGNL2/TNC/PKHD1/HOXB7/KRT16/MET/LCN2/MESP1/KRT34/KRT23/DCHS2",110
"GO:0031577","GO:0031577","spindle checkpoint signaling","26/3260","57/18842",0.456140350877193,2.63637929178775,5.65932946741691,6.54773591404164e-07,7.70403821375537e-05,7.70403821375537e-05,"AURKB/MAD2L1/BIRC5/TTK/CENPF/CDCA8/SPC24/SPC25/CCNB1/KNTC1/HASPIN/SKA3/NDC80/BUB1/CDC20/SKA1/ZWILCH/ZWINT/INCENP/PLK1/SPDL1/NUF2/KNL1/GEN1/TRIP13/BUB1B",26
"GO:0043588","GO:0043588","skin development","71/3260","236/18842",0.300847457627119,1.73882447748778,5.22420178588766,8.49675718258864e-07,9.78897233744066e-05,9.78897233744066e-05,"GRHL3/FOXI3/TMEM79/GAL/PLA2G10/AKR1C3/SPRR3/ITGA2/COL1A2/NME2/KRT80/FOXE1/CNFN/KRT78/ABCA12/EREG/ALOXE3/KRT86/FA2H/FERMT1/CLDN4/MIR125B1/KRT36/SPRR1A/ABCB6/SPINK5/KRT6C/KRT6B/COL5A2/PI3/LIPK/DLX3/TP63/SPRR2F/ITGB4/CDH3/SPRR2E/SPRR2D/KRT6A/S100A7/IVL/KRT9/PKP3/OVOL3/ST14/KRT81/COL3A1/PKP1/SPRR1B/CYP27B1/DSP/DSC1/CLDN1/KRT17/COL5A1/IL17A/OPN3/NSUN2/CYSRT1/WNT16/WNT10A/COL1A1/KRT14/SOX9/CASP14/KRT83/KRT16/LSR/KRT3/ETV4/KRT75",71
"GO:0007093","GO:0007093","mitotic cell cycle checkpoint signaling","48/3260","140/18842",0.342857142857143,1.98163014899211,5.3323304446205,8.80042590460209e-07,9.93190923519378e-05,9.93190923519378e-05,"AURKB/MAD2L1/EME1/BIRC5/DONSON/TTK/CLSPN/CENPF/ORC1/CDCA8/PRKDC/DBF4/SPC24/SPC25/CDK5RAP3/CCNB1/DTL/KNTC1/TICRR/CHMP4C/HASPIN/TIMELESS/SKA3/CDK1/NDC80/CHEK2/BUB1/EME2/CDC20/CDC7/BARD1/SKA1/CHEK1/ZWILCH/ZWINT/CDC6/INCENP/FANCD2/PLK1/BLM/BRSK1/SPDL1/NUF2/KNL1/GEN1/BRCA1/TRIP13/BUB1B",48
"GO:0033046","GO:0033046","negative regulation of sister chromatid segregation","26/3260","58/18842",0.448275862068966,2.5909244764121,5.5503285949622,9.921046258788e-07,0.00010351582228509,0.00010351582228509,"AURKB/MAD2L1/BIRC5/TTK/CENPF/CDCA8/SPC24/SPC25/CCNB1/KNTC1/HASPIN/SKA3/NDC80/BUB1/CDC20/SKA1/ZWILCH/ZWINT/INCENP/PLK1/SPDL1/NUF2/KNL1/GEN1/TRIP13/BUB1B",26
"GO:0033048","GO:0033048","negative regulation of mitotic sister chromatid segregation","26/3260","58/18842",0.448275862068966,2.5909244764121,5.5503285949622,9.921046258788e-07,0.00010351582228509,0.00010351582228509,"AURKB/MAD2L1/BIRC5/TTK/CENPF/CDCA8/SPC24/SPC25/CCNB1/KNTC1/HASPIN/SKA3/NDC80/BUB1/CDC20/SKA1/ZWILCH/ZWINT/INCENP/PLK1/SPDL1/NUF2/KNL1/GEN1/TRIP13/BUB1B",26
"GO:0045841","GO:0045841","negative regulation of mitotic metaphase/anaphase transition","26/3260","58/18842",0.448275862068966,2.5909244764121,5.5503285949622,9.921046258788e-07,0.00010351582228509,0.00010351582228509,"AURKB/MAD2L1/BIRC5/TTK/CENPF/CDCA8/SPC24/SPC25/CCNB1/KNTC1/HASPIN/SKA3/NDC80/BUB1/CDC20/SKA1/ZWILCH/ZWINT/INCENP/PLK1/SPDL1/NUF2/KNL1/GEN1/TRIP13/BUB1B",26
"GO:2000816","GO:2000816","negative regulation of mitotic sister chromatid separation","26/3260","58/18842",0.448275862068966,2.5909244764121,5.5503285949622,9.921046258788e-07,0.00010351582228509,0.00010351582228509,"AURKB/MAD2L1/BIRC5/TTK/CENPF/CDCA8/SPC24/SPC25/CCNB1/KNTC1/HASPIN/SKA3/NDC80/BUB1/CDC20/SKA1/ZWILCH/ZWINT/INCENP/PLK1/SPDL1/NUF2/KNL1/GEN1/TRIP13/BUB1B",26
"GO:0060078","GO:0060078","regulation of postsynaptic membrane potential","48/3260","141/18842",0.340425531914894,1.96757603446025,5.27486584764139,1.11246411638836e-06,0.000112134535708506,0.000112134535708506,"GRIN1/GRIK5/STX1A/GRIN2D/GABRR2/RGS7/GABRG3/ELOVL4/CHRNB1/GLRA1/HTR3A/GRIN2A/CHRNA6/KCND2/P2RX3/MAPK8IP2/GRIN2C/CHRNB4/GABRA3/SLC8A2/CBLN1/TRPV1/SYT1/INSYN2A/GABRB1/GRIA4/KCNK1/HTR3B/GLRA3/GRIK2/CHRNB3/HCN1/SLC1A7/PNOC/RIMS1/CHRNG/CHRNA5/CHRNA9/GABRA5/RIMS2/CHRNA1/GRIA2/MET/P2RX5/CHRND/NTSR1/GABRG2/GABRD",48
"GO:0000022","GO:0000022","mitotic spindle elongation","10/3260","12/18842",0.833333333333333,4.81646216768916,6.04888878227032,1.11526210921661e-06,0.000112134535708506,0.000112134535708506,"AURKB/PRC1/BIRC5/KIF4A/CDCA8/MAP10/KIF4B/KIF23/RACGAP1/INCENP",10
"GO:0007130","GO:0007130","synaptonemal complex assembly","13/3260","19/18842",0.68421052631579,3.95456893768163,5.89353248656291,1.16551566119969e-06,0.000113075466779548,0.000113075466779548,"P3H4/SYCE1L/MEIOC/HORMAD1/SYCE3/TEX11/SHOC1/STAG3/TEX15/SYCP2/HORMAD2/C14orf39/TRIP13",13
"GO:0070193","GO:0070193","synaptonemal complex organization","13/3260","19/18842",0.68421052631579,3.95456893768163,5.89353248656291,1.16551566119969e-06,0.000113075466779548,0.000113075466779548,"P3H4/SYCE1L/MEIOC/HORMAD1/SYCE3/TEX11/SHOC1/STAG3/TEX15/SYCP2/HORMAD2/C14orf39/TRIP13",13
"GO:0010965","GO:0010965","regulation of mitotic sister chromatid separation","29/3260","69/18842",0.420289855072464,2.4291722237041,5.43990664912276,1.24550077193387e-06,0.000118752056358522,0.000118752056358522,"AURKB/MAD2L1/BIRC5/TTK/CENPF/DLGAP5/CDCA8/SPC24/SPC25/CCNB1/KNTC1/HASPIN/SKA3/NDC80/BUB1/CDC20/SKA1/ESPL1/ZWILCH/ZWINT/INCENP/PLK1/UBE2C/SPDL1/NUF2/KNL1/GEN1/TRIP13/BUB1B",29
"GO:0007129","GO:0007129","homologous chromosome pairing at meiosis","20/3260","39/18842",0.512820512820513,2.96397671857795,5.61570441644244,1.28262934531317e-06,0.000120219326772573,0.000120219326772573,"P3H4/MAJIN/SYCE1L/MEIOC/RNF212/HORMAD1/SYCE3/TEX11/MND1/MSH5/SHOC1/STAG3/MEIOB/FANCD2/TEX15/PRDM9/SYCP2/HORMAD2/C14orf39/TRIP13",20
"GO:0070192","GO:0070192","chromosome organization involved in meiotic cell cycle","22/3260","46/18842",0.478260869565217,2.76423046145639,5.47962311326021,1.7543710970027e-06,0.000161694536107082,0.000161694536107082,"P3H4/MAJIN/SYCE1L/MEIOC/RNF212/HORMAD1/SYCE3/TEX11/MND1/NCAPD2/MSH5/SHOC1/STAG3/MEIOB/FANCD2/TEX15/PRDM9/SYCP2/HORMAD2/C14orf39/TRIP13/RAD51",22
"GO:0002449","GO:0002449","lymphocyte mediated immunity","93/3260","339/18842",0.274336283185841,1.58559639502687,4.97652676335074,1.85936409927042e-06,0.0001685620240814,0.0001685620240814,"CEACAM1/IGHV1-3/IGHV3-11/IGHV3-48/IGHD/SUSD4/AZGP1/IGHV4-4/IGLC2/C8A/IGHV1-69/IGHV3-33/IGHV3-66/IGHV2-26/HSPD1/IGLC6/IGHV1-58/IGHV3-64/IGHV3-53/NECTIN4/IGHV3-64D/IGHV1-45/IGHV3-23/IGHG2/IGHV6-1/IGHV1-18/IGHV3-21/SCART1/IGHE/IGHV7-4-1/IGHV3-20/IGHV1-69D/IGHV3-73/IGHV3-16/IGHV2-70D/IGHA2/IGHV4-28/IGLC7/GSDMB/TIGIT/RAET1L/AIRE/IGHV3-7/KLRC2/C4BPB/IGHG1/CD1A/IGHV2-5/IGHV3-13/IGHV1-24/IGHV3-30/IGHV4-59/IFNB1/IGHV3-74/IL23A/CLNK/IGHV5-51/CD19/CD27/SLAMF7/KLRF2/IGLL5/IGHV4-39/CD70/IGHG4/IGKC/IGHV4-61/CLEC2A/TRAF2/IL21/IGHV4-34/TNFSF4/IGHV3-49/ZP3/IGHV3-72/IGHV1-69-2/LAG3/IGHV3-43/IGHV8-51-1/IGLL1/IGHV3-35/CR2/IGHV7-81/IGHV3-15/IGLC3/IL4I1/IGHA1/IGHV3-38/C8G/SERPINB4/IGHV2-70/FOXP3/IGHG3",93
"GO:0030277","GO:0030277","maintenance of gastrointestinal epithelium","15/3260","25/18842",0.6,3.4678527607362,5.64759092318928,2.0490637546448e-06,0.000182763267148157,0.000182763267148157,"VSIG1/NR1I2/CRACD/TFF2/TFF1/MUC6/MUC4/TFF3/MUC13/INAVA/NEUROD1/IL17A/SOX9/PBLD/MUC2",15
"GO:1902100","GO:1902100","negative regulation of metaphase/anaphase transition of cell cycle","26/3260","60/18842",0.433333333333333,2.50456032719836,5.33904385156267,2.18796922878403e-06,0.000187905157878352,0.000187905157878352,"AURKB/MAD2L1/BIRC5/TTK/CENPF/CDCA8/SPC24/SPC25/CCNB1/KNTC1/HASPIN/SKA3/NDC80/BUB1/CDC20/SKA1/ZWILCH/ZWINT/INCENP/PLK1/SPDL1/NUF2/KNL1/GEN1/TRIP13/BUB1B",26
"GO:1905819","GO:1905819","negative regulation of chromosome separation","26/3260","60/18842",0.433333333333333,2.50456032719836,5.33904385156267,2.18796922878403e-06,0.000187905157878352,0.000187905157878352,"AURKB/MAD2L1/BIRC5/TTK/CENPF/CDCA8/SPC24/SPC25/CCNB1/KNTC1/HASPIN/SKA3/NDC80/BUB1/CDC20/SKA1/ZWILCH/ZWINT/INCENP/PLK1/SPDL1/NUF2/KNL1/GEN1/TRIP13/BUB1B",26
"GO:0048598","GO:0048598","embryonic morphogenesis","96/3260","354/18842",0.271186440677966,1.56739107829885,4.92933509308815,2.20865013781065e-06,0.000187905157878352,0.000187905157878352,"EPHB2/GRHL3/MFAP2/HOXC9/NECTIN1/HOXB9/TWIST1/STRC/PROX1/FBN2/ZIC1/TTC39C/GATA4/ITGA2/HOXD11/FOXE1/STRA6/STIL/UGDH/SOX2/HPN/HOXA1/OTX2/MSX2/SCX/LBX2/HOXB3/GREM1/PITX1/HOXD3/GSC/HMGA2/TBXT/ITGB3/HOXC4/SIX3/ALX1/TENM4/NKX2-5/GDNF/HOXD13/ZIC3/COL2A1/TH/SALL1/HOXD4/COL5A2/TRIM15/HTR2B/SIX2/TFAP2A/COL7A1/FOXH1/ITGB4/MIXL1/EYA2/SOX11/HOXC11/DKK1/MMP9/PPP1R35/MESP2/ITGAV/TBX18/COL11A1/LHX1/DUSP4/MUSTN1/HOXA13/TBX20/APELA/SCRIB/HOXA11/NEUROD1/FOXL2/FOXN4/SIX1/SIX4/WNT8B/WNT5B/RNF207/COL5A1/MMP8/MYO3A/LAMB3/FGF8/WNT16/SULF1/OSR2/MYO3B/SOX9/USH1C/SP9/MMP14/MESP1/POU5F1",96
"GO:0042391","GO:0042391","regulation of membrane potential","110/3260","419/18842",0.262529832935561,1.51735800986866,4.89854596517997,2.24921964318183e-06,0.000188457342830236,0.000188457342830236,"KCNA7/AGT/ADCY10/GRIN1/KCNG2/GRIK5/SCN8A/CNGB1/TRPA1/CNR2/PYCR1/STX1A/GRIN2D/GABRR2/KCNK16/RGS7/KCNV2/GABRG3/MLLT11/ELOVL4/KCNV1/CHRNB1/GLRA1/KCNH8/HTR3A/GRIN2A/KCNH4/KCNN4/FZD9/CACNB3/CHRNA6/HCN3/HCN2/KCND2/P2RX3/KCNC1/MAPK8IP2/CACNA1G/PIP5KL1/ATP1A3/GRIN2C/CHRNB4/GABRA3/CCN6/KCNG1/KCNE4/ATP1B1/CASR/CLCN2/KCNK2/GABRR1/KISS1R/SLC8A2/CBLN1/SCN3A/KCNK9/KCNJ13/PKP2/TRPV1/SYT1/INSYN2A/GABRB1/GRIA4/ASIC5/KCNC2/KCNK1/SCN5A/SLC4A3/HTR3B/KISS1/PMAIP1/KCNF1/GLRA3/GRIK2/POPDC3/CHRNB3/SLC34A1/TBX18/HCN1/SCN4A/SLC1A7/ALB/KCNH2/DSG2/DSP/CDKN2A/PNOC/RIMS1/CHRNG/RNF207/KCNK5/KCNQ2/CHRNA5/CHRNA9/KCNMB3/GABRA5/RIMS2/BNIP3/CHRNA1/TRPC5/GRIA2/MET/P2RX5/SLC4A11/OPRD1/GOT1/CHRND/NTSR1/GABRG2/GABRD",110
"GO:0051306","GO:0051306","mitotic sister chromatid separation","29/3260","71/18842",0.408450704225352,2.36074483712089,5.25425733923978,2.5098374226787e-06,0.000204089832296793,0.000204089832296793,"AURKB/MAD2L1/BIRC5/TTK/CENPF/DLGAP5/CDCA8/SPC24/SPC25/CCNB1/KNTC1/HASPIN/SKA3/NDC80/BUB1/CDC20/SKA1/ESPL1/ZWILCH/ZWINT/INCENP/PLK1/UBE2C/SPDL1/NUF2/KNL1/GEN1/TRIP13/BUB1B",29
"GO:1905818","GO:1905818","regulation of chromosome separation","32/3260","82/18842",0.390243902439024,2.25551399072273,5.21148198194086,2.53376982350812e-06,0.000204089832296793,0.000204089832296793,"NCAPG/AURKB/MAD2L1/BIRC5/TTK/CENPF/DLGAP5/CDCA8/SPC24/SPC25/CCNB1/KNTC1/HASPIN/SKA3/NDC80/BUB1/CDC20/NCAPG2/SKA1/NCAPH/ESPL1/ZWILCH/ZWINT/INCENP/PLK1/UBE2C/SPDL1/NUF2/KNL1/GEN1/TRIP13/BUB1B",32
"GO:0048562","GO:0048562","embryonic organ morphogenesis","51/3260","157/18842",0.32484076433121,1.87749990230941,5.05009475318362,2.54650966156939e-06,0.000204089832296793,0.000204089832296793,"EPHB2/MFAP2/HOXC9/NECTIN1/HOXB9/TWIST1/STRC/PROX1/FBN2/ZIC1/TTC39C/GATA4/HOXD11/FOXE1/STRA6/STIL/HPN/HOXA1/HOXB3/HOXD3/GSC/HOXC4/SIX3/ALX1/NKX2-5/ZIC3/COL2A1/TH/HOXD4/SIX2/TFAP2A/FOXH1/SOX11/HOXC11/PPP1R35/TBX18/LHX1/TBX20/HOXA11/NEUROD1/FOXL2/FOXN4/SIX1/RNF207/MYO3A/WNT16/OSR2/MYO3B/SOX9/USH1C/MESP1",51
"GO:0045839","GO:0045839","negative regulation of mitotic nuclear division","27/3260","64/18842",0.421875,2.43833397239264,5.27198581104775,2.63395252028721e-06,0.000205151513199834,0.000205151513199834,"AURKB/MAD2L1/BIRC5/TTK/CENPF/CDCA8/SPC24/SPC25/CCNB1/KNTC1/HASPIN/SKA3/NDC80/BUB1/CDC20/SKA1/CHEK1/ZWILCH/ZWINT/INCENP/PLK1/SPDL1/NUF2/KNL1/GEN1/TRIP13/BUB1B",27
"GO:0048706","GO:0048706","embryonic skeletal system development","27/3260","64/18842",0.421875,2.43833397239264,5.27198581104775,2.63395252028721e-06,0.000205151513199834,0.000205151513199834,"HOXC9/HOXB9/TWIST1/DLX6/HOXD11/HOXA1/SCX/HOXB3/HOXD3/HOXC4/ALX1/COL2A1/DLX1/HOXD4/TFAP2A/DLX3/SOX11/HOXC11/LHX1/DLX5/HOXA11/SIX1/COL1A1/SULF1/OSR2/DLX2/DLX4",27
"GO:0043009","GO:0043009","chordate embryonic development","68/3260","230/18842",0.295652173913043,1.70879701253668,4.9469605754815,2.82456916062599e-06,0.000216942603586968,0.000216942603586968,"GRHL3/HOXC9/TFAP2C/FOXI3/HOXB9/TWIST1/PROX1/IFITM5/FOXD3/CHRD/DLX6/HOXD11/STIL/HOXA1/LFNG/E2F8/SCX/CDX1/HOXB3/HORMAD1/PDCD6/RIPPLY3/HOXD3/GSC/TBXT/HOXC4/GCM1/ALX1/NKX2-5/ZIC3/SOX15/COL2A1/DLX1/HOXD4/FURIN/TFAP2A/CDX2/DLX3/SOX11/HOXC11/MESP2/TBX18/LHX1/DLX5/COL3A1/SCRIB/TET1/DSP/HOXA11/SIX1/SIX4/ISL1/MYH6/ZP3/ASCL2/COL1A1/SULF1/OSR2/SOX9/PLK4/BRCA1/FUT8/MESP1/DLX2/FOXB1/E2F7/DLX4/POU5F1",68
"GO:0051985","GO:0051985","negative regulation of chromosome segregation","26/3260","61/18842",0.426229508196721,2.46350196117872,5.23658364170434,3.18852008295761e-06,0.000241541315873364,0.000241541315873364,"AURKB/MAD2L1/BIRC5/TTK/CENPF/CDCA8/SPC24/SPC25/CCNB1/KNTC1/HASPIN/SKA3/NDC80/BUB1/CDC20/SKA1/ZWILCH/ZWINT/INCENP/PLK1/SPDL1/NUF2/KNL1/GEN1/TRIP13/BUB1B",26
"GO:0048705","GO:0048705","skeletal system morphogenesis","38/3260","106/18842",0.358490566037736,2.07198749855307,5.06236423499538,3.50416854482742e-06,0.000261865568282374,0.000261865568282374,"NPPC/HOXC9/HOXB9/TWIST1/FBN2/IFITM5/COL28A1/HOXD11/HOXA1/MSX2/SCX/RFLNA/HOXB3/GREM1/HOXD3/TSKU/OTOR/HOXC4/ALX1/COL2A1/HOXD4/MMP13/TFAP2A/ZNF664-RFLNA/SOX11/HOXC11/COL11A1/LHX1/DLX5/COL3A1/COL11A2/ATG9B/HOXA11/SIX1/COL5A1/OSR2/SOX9/SFRP4",38
"GO:0033047","GO:0033047","regulation of mitotic sister chromatid segregation","27/3260","65/18842",0.415384615384615,2.40082114204814,5.1745839575303,3.76656137389327e-06,0.000277721125301731,0.000277721125301731,"AURKB/MAD2L1/BIRC5/TTK/CENPF/CDCA8/SPC24/SPC25/CCNB1/KNTC1/HASPIN/SKA3/CDK1/NDC80/BUB1/CDC20/SKA1/ZWILCH/ZWINT/INCENP/PLK1/SPDL1/NUF2/KNL1/GEN1/TRIP13/BUB1B",27
"GO:1901605","GO:1901605","alpha-amino acid metabolic process","59/3260","193/18842",0.305699481865285,1.76686798690359,4.89802123062267,3.97208764439156e-06,0.000289021640440596,0.000289021640440596,"ASNS/GAD2/SCLY/PYCR1/GCLM/TDO2/MAT1A/CTH/ARHGAP11B/PSPH/CBS/AGMAT/OAT/GAD1/GPT/GCLC/GCSH/ACAD8/NOX4/NMNAT2/TAT/ACMSD/NAT8L/ODC1/HAL/TH/HGD/KYNU/PSAT1/BHMT/P4HB/AZIN2/GCAT/GPT2/BHMT2/NR1H4/HAO1/BAAT/PYCR3/DPEP1/SHMT2/FTCD/LOC102724560/GLDC/SLC25A2/BPHL/IL4I1/QPRT/KYAT1/TYR/HNF4A/PAH/IYD/GLS2/GOT1/SLC45A2/CAD/CPS1/ALDH18A1",59
"GO:0051255","GO:0051255","spindle midzone assembly","10/3260","13/18842",0.769230769230769,4.44596507786692,5.68483802586345,4.07689494584086e-06,0.000292795182474025,0.000292795182474025,"AURKB/PRC1/BIRC5/KIF4A/CDCA8/MAP10/KIF4B/KIF23/RACGAP1/INCENP",10
"GO:0008608","GO:0008608","attachment of spindle microtubules to kinetochore","24/3260","55/18842",0.436363636363636,2.52207473508087,5.17056234447855,4.60446695855308e-06,0.000326444901035879,0.000326444901035879,"AURKB/BIRC5/KIF2C/SGO1/CDCA8/SPC24/SPC25/CCNB1/KNSTRN/KNTC1/SKA3/CENPE/CDK1/NDC80/SPAG5/ECT2/CDT1/SKA1/ZWILCH/RACGAP1/INCENP/NUF2/KNL1/NEK2",24
"GO:0090068","GO:0090068","positive regulation of cell cycle process","72/3260","252/18842",0.285714285714286,1.65135845749343,4.76134670958203,5.66068351561767e-06,0.000396247846093237,0.000396247846093237,"NCAPG/AURKB/STRA8/MAD2L1/CDC25A/BIRC5/DLGAP5/RCC1/STIL/EREG/E2F8/CDCA8/DMRT1/MTBP/DBF4/CCNE1/ATAD5/CCNB1/OR2A4/DTL/RRM2/TGFA/MAP10/TAS2R13/SKA3/CDK1/RAD51AP1/PHOX2B/SASS6/NDC80/SACK1D/BUB1/SPAG5/ECT2/SOX15/CDC20/EGF/NCAPG2/TERT/CIT/GPSM2/CDC7/KIF23/TP63/SKA1/KIF20B/NCAPH/ESPL1/PPP1R35/RACGAP1/CDC6/PKP3/INCENP/MEIOSIN/AURKA/PLK1/UBE2C/PRDM9/TBX20/CDC25C/SSTR5/DBF4B/CCNE2/SLF1/FEN1/KNL1/KIF14/GEN1/PLK4/DDX11/E2F7/EZH2",72
"GO:0090596","GO:0090596","sensory organ morphogenesis","49/3260","153/18842",0.320261437908497,1.85103251934721,4.83446047258212,6.19214264868818e-06,0.000428031860590571,0.00042803186059057,"EPHB2/MFAP2/NECTIN1/TWIST1/STRC/PROX1/FBN2/ZIC1/TTC39C/LCTL/THY1/STRA6/HPN/HOXA1/PAX6/TSKU/GSC/SIX3/MYO7A/ZIC3/PROM1/TH/COL5A2/TULP1/EFNA5/TFAP2A/SOX11/SDK1/TBX18/LHX1/SAMD7/TENM3/OLFM3/FOXL2/FOXN4/SIX1/SIX4/COL5A1/MYO3A/WNT16/CALB1/OSR2/MYO3B/SOX9/SOX12/USH1C/FOXE3/PITX2/SOX4",49
"GO:0002385","GO:0002385","mucosal immune response","22/3260","49/18842",0.448979591836735,2.59499186177539,5.11337483085348,6.48174807787224e-06,0.000442519344081895,0.000442519344081895,"H2BC17/H2BC4/H2BC15/H2BC3/H2BC14/H2BC6/H2BC5/H2BC19P/H2BC18/H2BC10/DEFB1/CLDN2/H2BC21/H2BC8/H2BC12/H2BC12L/H2BC13/H2BC11/GP2/H2BC9/H2BC7/IFNL2",22
"GO:0051310","GO:0051310","metaphase chromosome alignment","38/3260","109/18842",0.348623853211009,2.01496031969381,4.86080076883545,7.48487564968009e-06,0.000504772711496718,0.000504772711496718,"AURKB/BIRC5/TTK/KIF2C/CENPF/MEIOC/SGO1/CDCA8/PSRC1/SPC24/SPC25/CCNB1/RRS1/KNSTRN/KNTC1/KIFC1/CHMP4C/SKA3/CENPE/CDK1/NDC80/SACK1D/SPAG5/ECT2/CDT1/SKA1/CENPA/ZWILCH/ZWINT/KIF22/RACGAP1/INCENP/KIF18A/SPDL1/NUF2/KNL1/KIF14/NEK2",38
"GO:1902969","GO:1902969","mitotic DNA replication","11/3260","16/18842",0.6875,3.97358128834356,5.44264432450228,7.59323627649078e-06,0.000505910802518,0.000505910802518,"TK1/MCM2/MCM4/CDC45/PCNA/MCM6/GINS1/CDT1/GMNN/BRCA2/RAD51",11
"GO:0007140","GO:0007140","male meiotic nuclear division","20/3260","43/18842",0.465116279069767,2.68825795405907,5.06937983773494,8.80114154777431e-06,0.000574462827381135,0.000574462827381135,"MYBL1/MEIOC/TDRKH/MOV10L1/TESMIN/TEX11/RBM46/TEX19/HSF2BP/SPDYA/MEIOB/SHCBP1L/TAF1L/TEX15/BRCA2/BRDT/FIGNL1/TDRD12/DDX4/MAEL",20
"GO:0000819","GO:0000819","sister chromatid segregation","70/3260","246/18842",0.284552845528455,1.64464561823532,4.65508906466692,8.82989879338091e-06,0.000574462827381135,0.000574462827381135,"NCAPG/AURKB/TPX2/MAD2L1/PRC1/BIRC5/TTK/KIF2C/CENPF/KIF4A/KIF25/DLGAP5/KIF15/RCC1/CDCA8/PSRC1/SPC24/SPC25/TACC3/CCNB1/RRS1/KNSTRN/KIF18B/KNTC1/KIFC1/CHMP4C/CENPK/MAP10/UHRF1/HASPIN/SKA3/CENPE/TUBG1/CDK1/NCAPD2/NDC80/NAT9/KIF4B/CHEK2/BUB1/SPAG5/DPF1/CDC20/NCAPG2/CDT1/KIF23/SKA1/NCAPH/CENPA/ESPL1/ZWILCH/ZWINT/KIF22/RACGAP1/CDC6/INCENP/PLK1/UBE2C/RMI2/KIF18A/TOP2A/SPDL1/NUF2/KNL1/KIF11/KIF14/GEN1/TRIP13/BUB1B/CENPI",70
"GO:0007131","GO:0007131","reciprocal meiotic recombination","25/3260","61/18842",0.40983606557377,2.36875188574877,4.89755663100795,1.13362910937771e-05,0.000720571146535488,0.000720571146535488,"ANKLE1/TOP6BL/RAD54B/EME1/RNF212/BRIP1/SYCE3/TEX11/MND1/RAD51AP1/MSH5/EME2/BRME1/SHOC1/TEX19/HSF2BP/MEIOB/FANCD2/PRDM9/SYCP2/TOP2A/C14orf39/RAD54L/TRIP13/RAD51",25
"GO:0140527","GO:0140527","reciprocal homologous recombination","25/3260","61/18842",0.40983606557377,2.36875188574877,4.89755663100795,1.13362910937771e-05,0.000720571146535488,0.000720571146535488,"ANKLE1/TOP6BL/RAD54B/EME1/RNF212/BRIP1/SYCE3/TEX11/MND1/RAD51AP1/MSH5/EME2/BRME1/SHOC1/TEX19/HSF2BP/MEIOB/FANCD2/PRDM9/SYCP2/TOP2A/C14orf39/RAD54L/TRIP13/RAD51",25
"GO:0002009","GO:0002009","morphogenesis of an epithelium","85/3260","316/18842",0.268987341772152,1.55468082627941,4.54825745558265,1.15179599632455e-05,0.000723799074963044,0.000723799074963044,"AGT/CEACAM1/GRHL3/PROX1/KRT12/GATA4/PLA2G10/SYNE4/HS3ST3A1/ADAMTS12/KRT19/HOXD11/FOXE1/KRT15/LGR4/PERP/STIL/LBX2/KRT33B/TMEM59L/FERMT1/KRT40/GREM1/PAK1/SAPCD2/TIMELESS/GREB1/KRT36/ITGB3/MMP12/CASR/NKX2-5/GDNF/ZIC3/SALL1/SFRP2/EGF/BRSK2/SIX2/TFAP2A/AIRE/GREB1L/FOXD1/DLX3/FOXH1/KRT39/SOX11/CARMIL2/KRT6A/KRT9/ITGAV/KRT20/TBX18/LHX1/KRT32/BRSK1/MDK/TBX20/SCRIB/HOXA11/DSC1/FOXN4/SIX1/SIX4/WNT5B/KRT17/RNF207/COL5A1/KRT31/WNT16/WNT10A/SULF1/KRT14/SOX9/KIF26B/FIGNL2/TNC/PKHD1/HOXB7/KRT16/MET/LCN2/MESP1/KRT34/KRT23",85
"GO:0010817","GO:0010817","regulation of hormone levels","121/3260","487/18842",0.248459958932238,1.43603759085927,4.45923533226235,1.29568661263631e-05,0.000805072693020088,0.000805072693020088,"KLK6/PCSK6/AKR1B10/AGT/AKR1C1/UCN/UGT2B28/BLK/INHBB/SLC5A5/TRPA1/GAL/AKR1C3/CLTRN/AKR1D1/DHRS11/RASL10B/PDX1/RDH10/STX1A/UGT1A7/KCNK16/FOXE1/SPP1/HPN/ABCA12/IL11/ERO1B/AANAT/UGT2B10/ADH6/DPP4/SLC16A1/SERPINA7/INHA/TUNAR/DIO2/CPLX1/CYP21A2/SRD5A1/GIP/RFX6/ADRA2A/CYP27C1/NMU/UGT2B11/CASR/GPRC6A/PTPRN/CLCN2/NKX6-1/FAM3B/TNFSF11/DIO1/KISS1R/CYP2C9/HTR2C/OPRK1/ALDOA/UGT1A10/KCNK9/DHRS2/CYP2D6/FGB/UQCC2/FURIN/TPO/BRSK2/EFNA5/LRAT/CYP19A1/FOXD1/UGT2B15/SCG5/AKR1C4/TRPM5/KISS1/ADH1C/P4HB/SOX11/SRD5A3/CYP26A1/HSD17B2/BCO1/FGA/UGT1A6/PCSK1/SRRM3/NR1H4/AKR1C2/GNRHR/LHB/HSD17B1/MEP1A/UGT1A1/TFR2/SSTR5/BMP8A/NEUROD1/SLCO1B1/SYT7/ISL1/CYP2W1/GCG/CEL/SLC2A2/GNB3/CYP2C18/AKR1B15/ADH4/RIMS2/SLC17A4/HNF1A/IFNG/SLC7A5/HNF4A/BACE2/IYD/CYP3A4/SOX4/CCKAR",121
"GO:0015698","GO:0015698","inorganic anion transport","49/3260","157/18842",0.312101910828025,1.80387245516002,4.62636184613615,1.36157545654574e-05,0.000835302569646767,0.000835302569646767,"SLC26A1/XPR1/SLC5A5/ANO9/SLC34A3/SLC26A4/GABRR2/GABRG3/SLC5A6/GLRA1/CLDN4/GABRP/GABRA3/CASR/CLIC6/CLCN2/KCNK2/GABRR1/SLC26A6/SLC25A10/GABRB1/KCNK1/SLC4A3/GABRQ/P2RY4/GLRA3/BEST4/RACGAP1/TTYH3/SLC34A1/SLC1A7/GABRE/CLCNKA/SLC1A4/CLDN3/SLC12A7/GABRR3/ANO7/GABRA5/SLC17A4/TTYH1/CLCN1/P2RX5/SLC4A11/SFRP4/BEST3/AQP6/GABRG2/GABRD",49
"GO:0048663","GO:0048663","neuron fate commitment","14/3260","25/18842",0.56,3.23666257668712,5.1185206294751,1.37454853233012e-05,0.000835302569646767,0.000835302569646767,"ESRP1/MNX1/ATOH7/PAX6/ASCL1/EPOP/ISL2/TBR1/POU4F1/ATOH1/FOXN4/POU3F2/ISL1/PRDM12",14
"GO:0051304","GO:0051304","chromosome separation","32/3260","88/18842",0.363636363636364,2.10172894590073,4.73825374922668,1.43722118270248e-05,0.000863894906559207,0.000863894906559207,"NCAPG/AURKB/MAD2L1/BIRC5/TTK/CENPF/DLGAP5/CDCA8/SPC24/SPC25/CCNB1/KNTC1/HASPIN/SKA3/NDC80/BUB1/CDC20/NCAPG2/SKA1/NCAPH/ESPL1/ZWILCH/ZWINT/INCENP/PLK1/UBE2C/SPDL1/NUF2/KNL1/GEN1/TRIP13/BUB1B",32
"GO:0010669","GO:0010669","epithelial structure maintenance","18/3260","38/18842",0.473684210526316,2.73777849531805,4.90467540193905,1.80527088085514e-05,0.00106346143460881,0.00106346143460881,"VSIG1/NR1I2/CRACD/TFF2/TFF1/MUC6/MUC4/TFF3/PKP3/SCRIB/MUC13/INAVA/NEUROD1/IL17A/SOX9/PBLD/LSR/MUC2",18
"GO:0000727","GO:0000727","double-strand break repair via break-induced replication","9/3260","12/18842",0.75,4.33481595092025,5.28550524284944,1.82692289851424e-05,0.00106346143460881,0.00106346143460881,"MCMDC2/MCM2/MCM4/CDC45/GINS4/MCM7/MCM6/CDC7/GINS2",9
"GO:0070365","GO:0070365","hepatocyte differentiation","9/3260","12/18842",0.75,4.33481595092025,5.28550524284944,1.82692289851424e-05,0.00106346143460881,0.00106346143460881,"PROX1/ITGA2/E2F8/FOXH1/WNT1/PCK1/MESP1/CPS1/E2F7",9
"GO:0035036","GO:0035036","sperm-egg recognition","17/3260","35/18842",0.485714285714286,2.80730937773883,4.89503652575767,2.03779603897485e-05,0.00116175382428154,0.00116175382428154,"SPESP1/ZPBP2/LY6K/ADAM32/DCST1/ZP1/ALDOA/DCST2/SPACA4/PRSS55/ZAN/ZP3/ADAM18/FETUB/PAEP/ADAM2/TEX101",17
"GO:0045652","GO:0045652","regulation of megakaryocyte differentiation","17/3260","35/18842",0.485714285714286,2.80730937773883,4.89503652575767,2.03779603897485e-05,0.00116175382428154,0.00116175382428154,"H4C6/TESC/H4C16/H4C11/H4C3/H4C15/THPO/H4C2/H4C8/SCIN/H4C1/H4C13/H4C12/H4C14/H4C9/H4C5/H4C4",17
"GO:0002251","GO:0002251","organ or tissue specific immune response","22/3260","52/18842",0.423076923076923,2.4452807928268,4.77353034517391,2.07141699277398e-05,0.00116887101735103,0.00116887101735103,"H2BC17/H2BC4/H2BC15/H2BC3/H2BC14/H2BC6/H2BC5/H2BC19P/H2BC18/H2BC10/DEFB1/CLDN2/H2BC21/H2BC8/H2BC12/H2BC12L/H2BC13/H2BC11/GP2/H2BC9/H2BC7/IFNL2",22
"GO:0002460","GO:0002460","adaptive immune response based on somatic recombination of immune receptors built from immunoglobulin superfamily domains","97/3260","377/18842",0.257294429708223,1.48709866397618,4.36980575502715,2.11115388831682e-05,0.00117926070731233,0.00117926070731233,"EPHB2/CEACAM1/IGHV1-3/IGHV3-11/IGHV3-48/IGHD/SUSD4/AZGP1/IGHV4-4/IGLC2/C8A/IGHV1-69/IGHV3-33/IGHV3-66/IGHV2-26/HSPD1/IGLC6/PSG9/IGHV1-58/IGHV3-64/JAK3/IGHV3-53/IGHV3-64D/IGHV1-45/IGHV3-23/IGHG2/IGHV6-1/IGHV1-18/IGHV3-21/SCART1/IGHE/IGHV7-4-1/IGHV3-20/IGHV1-69D/IGHV3-73/IGHV3-16/IGHV2-70D/IGHA2/IGHV4-28/IGLC7/IL12RB2/RAET1L/AIRE/IGHV3-7/C4BPB/PLA2G4A/IGHG1/CD1A/CRACR2A/IGHV2-5/IGHV3-13/PSMA6/CXCL13/IGHV1-24/IGHV3-30/IGHV4-59/IFNB1/IL17C/IGHV3-74/IL23A/IGHV5-51/CD19/CD27/IGLL5/IGHV4-39/CD70/IGHG4/IGKC/IGHV4-61/TRAF2/IL21/IGHV4-34/TNFSF4/IGHV3-49/ZP3/IGHV3-72/IGHV1-69-2/LAG3/IL17A/IGHV3-43/IGHV8-51-1/CCL19/IGLL1/IGHV3-35/CR2/ASCL2/IGHV7-81/IGHV3-15/IGLC3/IL4I1/IGHA1/IGHV3-38/C8G/PSMA2/IGHV2-70/FOXP3/IGHG3",97
"GO:0009792","GO:0009792","embryo development ending in birth or egg hatching","69/3260","248/18842",0.278225806451613,1.6080768850188,4.40907104360496,2.29609212517474e-05,0.00126973894522163,0.00126973894522163,"GRHL3/HOXC9/TFAP2C/FOXI3/HOXB9/TWIST1/PROX1/IFITM5/FOXD3/CHRD/DLX6/HOXD11/STIL/HOXA1/LFNG/E2F8/SCX/CDX1/HOXB3/HORMAD1/PDCD6/RIPPLY3/HOXD3/GSC/TBXT/HOXC4/GCM1/PAX1/ALX1/NKX2-5/ZIC3/SOX15/COL2A1/DLX1/HOXD4/FURIN/TFAP2A/CDX2/DLX3/SOX11/HOXC11/MESP2/TBX18/LHX1/DLX5/COL3A1/SCRIB/TET1/DSP/HOXA11/SIX1/SIX4/ISL1/MYH6/ZP3/ASCL2/COL1A1/SULF1/OSR2/SOX9/PLK4/BRCA1/FUT8/MESP1/DLX2/FOXB1/E2F7/DLX4/POU5F1",69
"GO:0051988","GO:0051988","regulation of attachment of spindle microtubules to kinetochore","13/3260","23/18842",0.565217391304348,3.26681781808482,4.97543938197637,2.45940634190465e-05,0.00134423866532817,0.00134423866532817,"AURKB/BIRC5/CDCA8/CCNB1/KNSTRN/KNTC1/CDK1/SPAG5/ECT2/ZWILCH/RACGAP1/INCENP/NEK2",13
"GO:0007143","GO:0007143","female meiotic nuclear division","14/3260","26/18842",0.538461538461538,3.11217555450684,4.92949248148892,2.50373566959858e-05,0.00134423866532817,0.00134423866532817,"SPIRE2/MEIOC/EREG/TUBB8/SKA3/NDC80/RBM46/BRME1/DCAF13/HSF2BP/SKA1/NCAPH/MEIOB/TOP2A",14
"GO:0007339","GO:0007339","binding of sperm to zona pellucida","14/3260","26/18842",0.538461538461538,3.11217555450684,4.92949248148892,2.50373566959858e-05,0.00134423866532817,0.00134423866532817,"ZPBP2/LY6K/ADAM32/ZP1/ALDOA/SPACA4/PRSS55/ZAN/ZP3/ADAM18/FETUB/PAEP/ADAM2/TEX101",14
"GO:0050000","GO:0050000","chromosome localization","40/3260","123/18842",0.32520325203252,1.87959499226894,4.47654708209785,2.8583957403605e-05,0.00151989696578784,0.00151989696578784,"AURKB/MAJIN/BIRC5/TTK/KIF2C/CENPF/DLGAP5/MEIOC/SGO1/CDCA8/PSRC1/SPC24/SPC25/CCNB1/RRS1/KNSTRN/KNTC1/KIFC1/CHMP4C/SKA3/CENPE/CDK1/NDC80/SACK1D/SPAG5/ECT2/CDT1/SKA1/CENPA/ZWILCH/ZWINT/KIF22/RACGAP1/INCENP/KIF18A/SPDL1/NUF2/KNL1/KIF14/NEK2",40
"GO:0030574","GO:0030574","collagen catabolic process","19/3260","43/18842",0.441860465116279,2.55384505635611,4.66577443376891,3.61718260561185e-05,0.00187964220923886,0.00187964220923886,"KLK6/MMP16/MMP17/MMP1/MMP12/FURIN/MMP13/MMP20/MMP9/MMP3/TMPRSS6/PRSS2/FAP/MMP8/ADAMTS14/MMP11/MMP10/MMP14/MMP7",19
"GO:0006261","GO:0006261","DNA-templated DNA replication","51/3260","171/18842",0.298245614035088,1.72378646001507,4.34884465951862,3.62968613388224e-05,0.00187964220923886,0.00187964220923886,"TK1/MCM10/EME1/DONSON/MCM2/RTEL1/MCM4/POLE2/MCM8/ORC1/E2F8/WDHD1/DBF4/CDC45/ATAD5/DTL/GINS4/MCM7/TICRR/PCNA/MCIDAS/TIMELESS/DNA2/POLG2/MCM6/EME2/GINS1/CDT1/CDC7/BARD1/GMNN/ORC6/CDC6/EXO1/FAM111B/BLM/TRAIP/BRCA2/DBF4B/TWNK/RFC4/POLB/FEN1/RNASEH2A/GEN1/BRCA1/DDX11/POLQ/E2F7/TONSL/RAD51",51
"GO:0098659","GO:0098659","inorganic cation import across plasma membrane","44/3260","141/18842",0.312056737588652,1.8036113649219,4.38099125302088,3.67091064372147e-05,0.00187964220923886,0.00187964220923886,"ATP4A/KCNJ4/SLC39A4/KCNJ6/SLC24A2/TRPM2/CACNA1E/SLC5A6/SLC9A2/SLC9A4/KCNN4/CACNA1B/HCN3/HCN2/CACNA1G/ATP1A3/NALF2/ATP1B1/TRPV3/FXYD4/MS4A1/STK39/KCNK9/KCNJ13/KCNJ10/TRPV1/SLC9A3/ASIC5/SLC39A5/ATP4B/KCNJ1/SLC39A11/SLC34A1/CACNA1I/HCN1/KCNJ18/KCNH2/CNGA3/SLC12A7/IFNG/SCNN1D/LCN2/P2RX5/SLC9A7",44
"GO:0099587","GO:0099587","inorganic ion import across plasma membrane","44/3260","141/18842",0.312056737588652,1.8036113649219,4.38099125302088,3.67091064372147e-05,0.00187964220923886,0.00187964220923886,"ATP4A/KCNJ4/SLC39A4/KCNJ6/SLC24A2/TRPM2/CACNA1E/SLC5A6/SLC9A2/SLC9A4/KCNN4/CACNA1B/HCN3/HCN2/CACNA1G/ATP1A3/NALF2/ATP1B1/TRPV3/FXYD4/MS4A1/STK39/KCNK9/KCNJ13/KCNJ10/TRPV1/SLC9A3/ASIC5/SLC39A5/ATP4B/KCNJ1/SLC39A11/SLC34A1/CACNA1I/HCN1/KCNJ18/KCNH2/CNGA3/SLC12A7/IFNG/SCNN1D/LCN2/P2RX5/SLC9A7",44
"GO:0045787","GO:0045787","positive regulation of cell cycle","82/3260","312/18842",0.262820512820513,1.5190380682712,4.22851595907764,4.0068107333108e-05,0.00203281315185401,0.00203281315185401,"MIR26B/PROX1/ASNS/NCAPG/AURKB/STRA8/MAD2L1/CDC25A/BIRC5/DLGAP5/MEIOC/RCC1/STIL/EREG/E2F8/CDCA8/DMRT1/MTBP/DBF4/CCNE1/ATAD5/CCNB1/OR2A4/DTL/RRM2/TGFA/MAP10/TAS2R13/SKA3/CDK1/RAD51AP1/PHOX2B/SASS6/NDC80/SACK1D/RBM46/EIF4EBP1/BUB1/SPAG5/ECT2/SOX15/CDC20/EGF/NCAPG2/TERT/CIT/GPSM2/CDC7/KIF23/TP63/SKA1/KIF20B/NCAPH/CHEK1/ESPL1/PPP1R35/RACGAP1/CDC6/PKP3/INCENP/MEIOSIN/AURKA/PLK1/UBE2C/PRDM9/TBX20/CDC25C/SSTR5/PTK6/DBF4B/CCNE2/SLF1/MAGEA4/FEN1/KNL1/KIF14/GEN1/PLK4/DDX11/E2F7/FOXA1/EZH2",82
"GO:0048704","GO:0048704","embryonic skeletal system morphogenesis","18/3260","40/18842",0.45,2.60088957055215,4.63594763308061,4.28930674089922e-05,0.00215635147974297,0.00215635147974297,"HOXC9/HOXB9/TWIST1/HOXD11/HOXA1/HOXB3/HOXD3/HOXC4/ALX1/COL2A1/HOXD4/TFAP2A/SOX11/HOXC11/LHX1/HOXA11/SIX1/OSR2",18
"GO:0048568","GO:0048568","embryonic organ development","68/3260","248/18842",0.274193548387097,1.58477142291708,4.24008675783104,4.33888741600692e-05,0.00216162589283948,0.00216162589283948,"EPHB2/MFAP2/HOXC9/NECTIN1/HOXB9/TWIST1/STRC/PROX1/FBN2/ZIC1/TTC39C/GATA4/HOXD11/FOXE1/STRA6/PPIL1/STIL/HPN/HOXA1/E2F8/HOXB3/HOXD3/GSC/HOXC4/GCM1/SIX3/EN1/ALX1/NKX2-5/GDNF/ZIC3/SOX15/COL2A1/TH/SALL1/HOXD4/TPO/SIX2/TFAP2A/FOXH1/SOX11/HOXC11/PPP1R35/EN2/TBX18/LHX1/WNT1/TBX20/APELA/HOXA11/NEUROD1/FOXL2/FOXN4/SIX1/UTP25/RNF207/MYO3A/WNT16/ASCL2/OSR2/MYO3B/SOX9/PLK4/USH1C/HOXB7/MESP1/PITX2/E2F7",68
"GO:2000242","GO:2000242","negative regulation of reproductive process","20/3260","47/18842",0.425531914893617,2.45947004307532,4.58217977293154,4.41227048308406e-05,0.00217855855102275,0.00217855855102275,"NPPC/NLRP5/TTK/SPINK13/DMRT1/ZP1/HORMAD1/FBXO43/PLAT/SEMG1/ZWINT/PKMYT1/TIMP1/ZP3/HORMAD2/PAEP/SULF1/KNL1/TRIP13/NR5A1",20
"GO:0007423","GO:0007423","sensory organ development","96/3260","379/18842",0.253298153034301,1.4640011654823,4.17384883764817,4.47210577019227e-05,0.00218856149638613,0.00218856149638613,"HSF4/EPHB2/MFAP2/NECTIN1/TWIST1/STRC/PROX1/FBN2/KRT12/OPN4/ZIC1/TTC39C/LCTL/MCM2/NEUROG2/THY1/STRA6/SOX2/HPN/HOXA1/LENEP/SIX6/ESRP1/PAX5/ATOH7/PAX6/CRYGN/TSKU/GSC/ASCL1/PLAAT1/SLC6A3/PHOX2B/SIX3/KCNK2/MYO7A/KDM5B/ZIC3/PROM1/COL2A1/DLX1/TH/COL5A2/SOX3/SPRED3/TULP1/EFNA5/TFAP2A/SLC39A5/PMEL/SOX11/GJB2/PRSS56/SDK1/BHLHA15/TBX18/CRYBA2/LHX1/SAMD7/TENM3/ATOH1/OLFM3/HPCA/WNT6/OLIG3/NEUROD1/FOXL2/FOXN4/SIX1/SIX4/CLDN3/DCX/SMOC1/WNT5B/COL5A1/MYO3A/CNGA3/NHS/ADAMTS18/TMEM132E/WNT16/ASCL2/WNT10A/CALB1/OSR2/MYO3B/SOX9/SOX12/GABRA5/LHX3/USH1C/FOXE3/DLX2/PITX2/SOX4/CCNA2",96
"GO:0048592","GO:0048592","eye morphogenesis","34/3260","101/18842",0.336633663366337,1.94565996476948,4.35861475394092,5.04260082394586e-05,0.00244610373301935,0.00244610373301935,"MFAP2/TWIST1/PROX1/FBN2/LCTL/THY1/STRA6/PAX6/TSKU/SIX3/MYO7A/PROM1/TH/COL5A2/TULP1/EFNA5/TFAP2A/SOX11/SDK1/LHX1/SAMD7/TENM3/OLFM3/FOXL2/FOXN4/COL5A1/WNT16/CALB1/SOX9/SOX12/USH1C/FOXE3/PITX2/SOX4",34
"GO:0071168","GO:0071168","protein localization to chromatin","24/3260","62/18842",0.387096774193548,2.23732436176529,4.46355396127018,5.16096438811331e-05,0.00248175070141449,0.00248175070141449,"H4C6/H2AC8/AURKB/H4C16/H4C11/H4C3/INTS8/MCM8/H2AC4/H4C15/UHRF1/H4C2/H4C8/H4C1/H4C13/CENPA/H4C12/H4C14/PLK1/H2BC11/H4C9/H4C5/H4C4/TONSL",24
"GO:0035725","GO:0035725","sodium ion transmembrane transport","55/3260","191/18842",0.287958115183246,1.66432724119102,4.22082026241543,5.40690440662731e-05,0.00257760184212492,0.00257760184212492,"SLC5A3/AGT/ATP4A/GRIN1/TESC/SCN8A/SLC5A5/CNGB1/SLC6A18/ASIC1/SLC34A3/SLC24A2/TRPM2/SLC28A3/SLC5A6/SLC9A2/SLC9A4/SLC6A17/GRIN2A/SLC6A8/HCN3/HCN2/CNGA1/ATP1A3/SLC6A3/ATP1B1/TRPV3/SLC8A2/FXYD4/STK39/SCN3A/KCNK9/SLC9A3/BPIFA1/SLC13A3/ASIC5/KCNK1/SCN5A/SLC5A12/ATP4B/TRPM5/SLC34A1/HCN1/SCN4A/SLC6A11/SLC38A4/CNGA3/WNK3/SLC17A4/SCNN1D/SLC6A15/WNK2/SLC4A11/SLC9A7/SLC13A5",55
"GO:0170039","GO:0170039","proteinogenic amino acid metabolic process","46/3260","152/18842",0.302631578947368,1.74913626089764,4.24157486762109,5.77013788949344e-05,0.00272725320759818,0.00272725320759818,"ASNS/GAD2/PYCR1/TDO2/MAT1A/CTH/ARHGAP11B/PSPH/CBS/AGMAT/OAT/GAD1/GPT/GCSH/ACAD8/NMNAT2/TAT/ACMSD/ODC1/HAL/TH/HGD/KYNU/PSAT1/BHMT/AZIN2/GCAT/GPT2/BHMT2/HAO1/BAAT/PYCR3/SHMT2/FTCD/LOC102724560/GLDC/IL4I1/QPRT/TYR/PAH/IYD/GLS2/GOT1/SLC45A2/CAD/ALDH18A1",46
"GO:0030198","GO:0030198","extracellular matrix organization","74/3260","278/18842",0.266187050359712,1.53849582910359,4.1373107034554,5.96579355196429e-05,0.00279583375782733,0.00279583375782733,"AGT/P3H4/ADAMTS12/COL28A1/ITGA2/COL1A2/MMP16/HPN/MMP17/MIA/SERPINH1/SCX/APLP1/ADAMTS16/FERMT1/DPP4/GREM1/ADAMTSL5/MELTF/MMP1/COL9A3/COL18A1/MMP12/DMP1/COL9A1/FSCN1/SPINK5/LOXL1/COL2A1/COL5A2/FURIN/MMP13/COL7A1/TLL2/CTSV/PRSS1/MMP20/CARMIL2/MMP9/MMP3/COL17A1/COL11A1/TMPRSS6/COL22A1/COL3A1/MIR205/COL10A1/COL11A2/OPTC/PRSS2/FAP/COL19A1/SMOC1/COL5A1/MMP8/ADAM8/ADAMTS18/POSTN/COL9A2/COL1A1/SULF1/NPHS1/IBSP/ADAMTS14/COL24A1/PLOD2/ADAMTS20/MMP11/MMP10/MMP14/LOXL2/PLAU/MMP7/GDPD2",74
"GO:2000241","GO:2000241","regulation of reproductive process","45/3260","148/18842",0.304054054054054,1.75735781794064,4.23087336105146,6.09623004870992e-05,0.00281805770749117,0.00281805770749117,"ADAM7/NPPC/RNASE10/INHBB/STRA8/PLA2G10/CDC25A/NLRP5/TTK/TAC4/MEIOC/SPINK13/GLRA1/DMRT1/ZP1/HORMAD1/GCM1/RAD51AP1/RBM46/FBXO43/PLAT/SEMG1/CDC20/DEFB1/OXT/ZWINT/PKMYT1/MEIOSIN/PRDM9/CDC25C/CCDC87/APELA/TIMP1/ZP3/HORMAD2/TAC3/PAEP/SULF1/SOX9/ASPM/KNL1/NOX5/TRIP13/NR5A1/TEX101",45
"GO:0048477","GO:0048477","oogenesis","27/3260","74/18842",0.364864864864865,2.10882938152877,4.37140216030559,6.11513426580362e-05,0.00281805770749117,0.00281805770749117,"NPPC/STRA8/SOHLH2/MEIOC/TDRKH/EREG/TDRD1/HORMAD1/CCNB1/ZAR1L/TUBB8/NANOS1/YBX2/RBM46/PABPC1L/DCAF13/REC114/AMH/TDRD5/MEIOSIN/MDK/FOXL2/ZP3/PDE3A/SOHLH1/C14orf39/TRIP13",27
"GO:0043062","GO:0043062","extracellular structure organization","74/3260","279/18842",0.265232974910394,1.53298150713548,4.10241257449809,6.76564775090904e-05,0.0030920687654981,0.0030920687654981,"AGT/P3H4/ADAMTS12/COL28A1/ITGA2/COL1A2/MMP16/HPN/MMP17/MIA/SERPINH1/SCX/APLP1/ADAMTS16/FERMT1/DPP4/GREM1/ADAMTSL5/MELTF/MMP1/COL9A3/COL18A1/MMP12/DMP1/COL9A1/FSCN1/SPINK5/LOXL1/COL2A1/COL5A2/FURIN/MMP13/COL7A1/TLL2/CTSV/PRSS1/MMP20/CARMIL2/MMP9/MMP3/COL17A1/COL11A1/TMPRSS6/COL22A1/COL3A1/MIR205/COL10A1/COL11A2/OPTC/PRSS2/FAP/COL19A1/SMOC1/COL5A1/MMP8/ADAM8/ADAMTS18/POSTN/COL9A2/COL1A1/SULF1/NPHS1/IBSP/ADAMTS14/COL24A1/PLOD2/ADAMTS20/MMP11/MMP10/MMP14/LOXL2/PLAU/MMP7/GDPD2",74
"GO:1902476","GO:1902476","chloride transmembrane transport","36/3260","111/18842",0.324324324324324,1.87451500580335,4.22666130795574,7.47175406012597e-05,0.00338678688135218,0.00338678688135218,"SLC26A1/ANO9/SLC26A4/GABRR2/GABRG3/GLRA1/CLDN4/GABRP/GABRA3/CASR/CLIC6/CLCN2/KCNK2/GABRR1/SLC26A6/GABRB1/KCNK1/SLC4A3/GABRQ/GLRA3/BEST4/TTYH3/SLC1A7/GABRE/CLCNKA/SLC1A4/SLC12A7/GABRR3/ANO7/GABRA5/TTYH1/CLCN1/BEST3/AQP6/GABRG2/GABRD",36
"GO:0045229","GO:0045229","external encapsulating structure organization","74/3260","280/18842",0.264285714285714,1.52750657318142,4.06765098257645,7.66301716223694e-05,0.0034452426753797,0.0034452426753797,"AGT/P3H4/ADAMTS12/COL28A1/ITGA2/COL1A2/MMP16/HPN/MMP17/MIA/SERPINH1/SCX/APLP1/ADAMTS16/FERMT1/DPP4/GREM1/ADAMTSL5/MELTF/MMP1/COL9A3/COL18A1/MMP12/DMP1/COL9A1/FSCN1/SPINK5/LOXL1/COL2A1/COL5A2/FURIN/MMP13/COL7A1/TLL2/CTSV/PRSS1/MMP20/CARMIL2/MMP9/MMP3/COL17A1/COL11A1/TMPRSS6/COL22A1/COL3A1/MIR205/COL10A1/COL11A2/OPTC/PRSS2/FAP/COL19A1/SMOC1/COL5A1/MMP8/ADAM8/ADAMTS18/POSTN/COL9A2/COL1A1/SULF1/NPHS1/IBSP/ADAMTS14/COL24A1/PLOD2/ADAMTS20/MMP11/MMP10/MMP14/LOXL2/PLAU/MMP7/GDPD2",74
"GO:0006310","GO:0006310","DNA recombination","86/3260","338/18842",0.254437869822485,1.4705884488329,3.99315324818019,9.19014927963855e-05,0.00409851012229042,0.00409851012229042,"SLX1B/KPNA2/MCMDC2/ANKLE1/RAG2/TOP6BL/RAD54B/EME1/MCM2/RTEL1/MCM4/RNF212/H1-5/HSPD1/MCM8/H1-1/FANCB/SKP2/PRKDC/CDC45/BRIP1/GINS4/MCM7/UHRF1/TIMELESS/SYCE3/TEX11/MND1/RAD51AP1/ZGRF1/MCM6/PIF1/MSH5/FIRRM/EME2/H1-0/HELLS/HDAC10/BRME1/HMGB3/SHOC1/REC114/ZSCAN4/TEX19/H1-3/TERT/CDC7/HSF2BP/BARD1/NCAPH/GINS2/CHEK1/H1-6/MEIOB/H1-2/AUNIP/FANCD2/EXO1/PLK1/TEX15/BLM/PRDM9/SYCP2/RECQL4/HROB/RMI2/BRCA2/TNFSF4/PARPBP/H2AX/TOP2A/FIGNL1/SLF1/FEN1/XRCC2/GEN1/MRGBP/BRCA1/RAD21L1/C14orf39/RAD54L/TRIP13/POLQ/H1-4/TONSL/RAD51",86
"GO:0042363","GO:0042363","fat-soluble vitamin catabolic process","9/3260","14/18842",0.642857142857143,3.71555652936021,4.64911132527396,0.000118892078350181,0.00525978554621203,0.00525978554621203,"CYP24A1/CYP26A1/CYP4F11/CYP27B1/CYP4F3/CYP4F8/CYP2W1/CBR3/CYP3A4",9
"GO:0042445","GO:0042445","hormone metabolic process","60/3260","219/18842",0.273972602739726,1.58349441129507,3.97267567651769,0.000121337842184658,0.00532538307365999,0.00532538307365999,"KLK6/PCSK6/AKR1B10/AKR1C1/UGT2B28/SLC5A5/GAL/AKR1C3/AKR1D1/DHRS11/RDH10/UGT1A7/FOXE1/SPP1/HPN/ERO1B/AANAT/UGT2B10/ADH6/DPP4/DIO2/CYP21A2/SRD5A1/CYP27C1/UGT2B11/CLCN2/DIO1/CYP2C9/UGT1A10/DHRS2/CYP2D6/FURIN/TPO/LRAT/CYP19A1/UGT2B15/SCG5/AKR1C4/ADH1C/P4HB/SRD5A3/CYP26A1/HSD17B2/BCO1/UGT1A6/PCSK1/AKR1C2/LHB/HSD17B1/MEP1A/UGT1A1/CYP2W1/CEL/GNB3/CYP2C18/AKR1B15/ADH4/BACE2/IYD/CYP3A4",60
"GO:0006814","GO:0006814","sodium ion transport","65/3260","242/18842",0.268595041322314,1.5524134259494,3.95607586042478,0.000122439022269858,0.00533139994608121,0.00533139994608121,"SLC5A3/AGT/ATP4A/GRIN1/TESC/SCN8A/SLC5A5/CNGB1/SLC6A18/ASIC1/SLC34A3/SLC24A2/TRPM2/SLC28A3/SLC38A3/SLC5A6/SLC9A2/SLC9A4/SLC6A17/GRIN2A/SLC6A8/HCN3/HCN2/NKAIN1/CNGA1/SLC38A11/NKAIN3/ATP1A3/SLC6A3/ATP1B1/TRPV3/SLC8A2/NKX2-5/FXYD4/STK39/SCN3A/KCNK9/PKP2/SLC5A11/SLC9A3/BPIFA1/SLC13A3/ASIC5/KCNK1/SCN5A/SLC5A12/ATP4B/TRPM5/SLC34A1/HCN1/SCN4A/SLC6A11/SLC38A4/CNGA3/WNK3/NKAIN4/CATSPER4/SLC17A4/SCNN1D/NKAIN2/SLC6A15/WNK2/SLC4A11/SLC9A7/SLC13A5",65
"GO:0050909","GO:0050909","sensory perception of taste","24/3260","65/18842",0.369230769230769,2.13406323737612,4.18918965369935,0.000124155958098704,0.00536392537723306,0.00536392537723306,"TAS2R20/TAS2R38/AZGP1/ASIC1/TAS2R3/GNG13/CST2/LPO/TAS2R13/TAS1R1/TAS2R42/TAS2R31/CALHM3/CST1/CST4/TAS2R2/TAS2R50/GNAT3/TAS2R30/TAS2R46/TAS2R60/CA6/SCNN1D/TAS1R3",24
"GO:0006821","GO:0006821","chloride transport","38/3260","122/18842",0.311475409836066,1.80025143316906,4.05604372879848,0.000126049019089966,0.00540349670982569,0.00540349670982569,"SLC26A1/ANO9/SLC26A4/GABRR2/GABRG3/GLRA1/CLDN4/GABRP/GABRA3/CASR/CLIC6/CLCN2/KCNK2/GABRR1/SLC26A6/GABRB1/KCNK1/SLC4A3/GABRQ/P2RY4/GLRA3/BEST4/TTYH3/SLC1A7/GABRE/CLCNKA/SLC1A4/SLC12A7/GABRR3/ANO7/GABRA5/TTYH1/CLCN1/P2RX5/BEST3/AQP6/GABRG2/GABRD",38
"GO:0007218","GO:0007218","neuropeptide signaling pathway","36/3260","115/18842",0.31304347826087,1.80931448386236,3.98181705587404,0.000167525913342154,0.00707898665144577,0.00707898665144577,"ECEL1/UCN/GAL/NPBWR1/GLRA1/NPPB/NTS/MCHR1/GALR3/NMU/KISS1R/OPRK1/NTSR2/MC4R/GPR143/SCG5/PROKR1/GPR37/NXPH4/CCKBR/NPSR1/MC5R/SSTR5/NPW/PNOC/UTS2R/TAC3/GPR84/NPFFR2/PCSK1N/MCHR2/OPRM1/TENM1/OPRD1/GALR2/NTSR1",36
"GO:0001708","GO:0001708","cell fate specification","25/3260","70/18842",0.357142857142857,2.06419807186678,4.08004910264344,0.000167693897168064,0.00707898665144577,0.00707898665144577,"FOXI3/SOX2/TBX6/ESRP1/MNX1/GSC/ASCL1/TBXT/ISL2/SIX2/TBR1/EYA2/DKK1/TBX10/POU4F1/TBX18/TBX15/TBX20/HOXA11/POU3F2/ISL1/SOX9/PRDM12/MESP1/POU5F1",25
"GO:0009988","GO:0009988","cell-cell recognition","20/3260","51/18842",0.392156862745098,2.26657043185372,4.14274938745082,0.000173209579258746,0.00725643161591564,0.00725643161591564,"PCDHA7/FUT3/SPESP1/ZPBP2/LY6K/ADAM32/DCST1/ZP1/ALDOA/DCST2/SPACA4/PRSS55/ZAN/ZP3/ADAM18/FETUB/PAEP/CCL19/ADAM2/TEX101",20
"GO:0021510","GO:0021510","spinal cord development","21/3260","55/18842",0.381818181818182,2.20681539319576,4.0996109356375,0.000187514006218584,0.00779663499540426,0.00779663499540426,"PROX1/ZIC1/CHRD/LRP8/MNX1/PAX6/SRD5A1/ASCL1/LHX5/GDNF/MDGA2/VSTM5/SOX11/LHX1/NEFL/TBX20/FOXN4/ISL1/SOX12/FOXB1/SOX4",21
"GO:0034502","GO:0034502","protein localization to chromosome","35/3260","112/18842",0.3125,1.80617331288344,3.91397200376354,0.00021277369827865,0.00878088471254431,0.00878088471254431,"H4C6/H2AC8/AURKB/H4C16/H4C11/TTK/H4C3/INTS8/MCM8/H2AC4/MTBP/KNTC1/H4C15/UHRF1/HASPIN/H4C2/CDK1/GNL3/H4C8/H4C1/H4C13/CENPA/ZWILCH/H4C12/H4C14/PLK1/H2BC11/H2AX/SLF1/SPDL1/H4C9/H4C5/KNL1/H4C4/TONSL",35
"GO:1902850","GO:1902850","microtubule cytoskeleton organization involved in mitosis","46/3260","160/18842",0.2875,1.66167944785276,3.84454658494575,0.000220124098978667,0.00901693531371872,0.00901693531371872,"AURKB/TPX2/BORA/PRC1/BIRC5/TTK/KIF4A/DLGAP5/KIF15/RCC1/STIL/CDCA8/PSRC1/SPC25/TACC3/CCNB1/SAPCD2/KIFC1/CHMP4C/MAP10/UHRF1/CENPE/TUBG1/CDK1/SASS6/NDC80/NAT9/KIF4B/CHEK2/FSD1/GPSM2/KIF23/CENPA/ESPL1/RACGAP1/INCENP/AURKA/PLK1/PLK5/SPDL1/CENPH/WDR62/NUF2/KIF11/PKHD1/TBCE",46
"GO:0065004","GO:0065004","protein-DNA complex assembly","57/3260","210/18842",0.271428571428571,1.56879053461876,3.79124145958502,0.000230513163736911,0.00936354807475788,0.00936354807475788,"H4C6/H3C13/H4C16/H4C11/H2BC4/H2BC15/H2BC3/H3C7/H4C3/H2BC14/H1-5/H1-1/H2BC6/CDC45/H3C6/H4C15/H4C2/H3C12/H3C14/H2BC10/ASF1B/H1-0/H3C1/H3C8/H4C8/H4C1/H1-3/CDT1/H4C13/H1-6/H1-2/TAF7L/H3C11/H3-4/TSPYL6/H4C12/H4C14/H3C10/TAF1L/H2BC21/CHAF1B/H2BC8/H3C3/H2BC13/H2BC11/H2AX/H2BC9/H4C9/SOX9/H4C5/H2BC7/H4C4/H1-4/RAD51/H2BC1/H3C2/ATAD2",57
"GO:0007091","GO:0007091","metaphase/anaphase transition of mitotic cell cycle","33/3260","104/18842",0.317307692307692,1.8339605946201,3.90076473297859,0.000231972167494002,0.00936354807475788,0.00936354807475788,"AURKB/MAD2L1/BIRC5/TTK/CENPF/DLGAP5/CDCA8/SPC24/SPC25/TACC3/CCNB1/KNTC1/HASPIN/SKA3/CENPE/NDC80/BUB1/DPF1/CDC20/SKA1/ESPL1/ZWILCH/ZWINT/CDC6/INCENP/PLK1/UBE2C/SPDL1/NUF2/KNL1/GEN1/TRIP13/BUB1B",33
"GO:0007052","GO:0007052","mitotic spindle organization","40/3260","134/18842",0.298507462686567,1.72529988096328,3.85394488511444,0.000234232629384328,0.00938627855431402,0.00938627855431402,"AURKB/TPX2/BORA/PRC1/BIRC5/TTK/KIF4A/DLGAP5/KIF15/RCC1/STIL/CDCA8/PSRC1/SPC25/TACC3/CCNB1/KIFC1/CHMP4C/MAP10/UHRF1/CENPE/TUBG1/SASS6/NDC80/NAT9/KIF4B/CHEK2/FSD1/GPSM2/KIF23/RACGAP1/INCENP/AURKA/PLK1/PLK5/CENPH/WDR62/NUF2/KIF11/TBCE",40
"GO:0030071","GO:0030071","regulation of mitotic metaphase/anaphase transition","32/3260","100/18842",0.32,1.84952147239264,3.89596968169213,0.000241123630688337,0.00959290415616188,0.00959290415616188,"AURKB/MAD2L1/BIRC5/TTK/CENPF/DLGAP5/CDCA8/SPC24/SPC25/CCNB1/KNTC1/HASPIN/SKA3/CENPE/NDC80/BUB1/DPF1/CDC20/SKA1/ESPL1/ZWILCH/ZWINT/CDC6/INCENP/PLK1/UBE2C/SPDL1/NUF2/KNL1/GEN1/TRIP13/BUB1B",32
"GO:0099565","GO:0099565","chemical synaptic transmission, postsynaptic","35/3260","113/18842",0.309734513274336,1.79018947825615,3.85356194259582,0.000257640092144761,0.0101767836397181,0.0101767836397181,"GRIN1/STX1A/GRIN2D/ELOVL4/CHRNB1/GLRA1/HTR3A/GRIN2A/CHRNA6/P2RX3/MAPK8IP2/GRIN2C/CHRNB4/KCNK2/SLC8A2/CBLN1/TRPV1/SYT1/INSYN2A/HTR3B/GLRA3/GRIK2/CHRNB3/SLC1A7/PNOC/RIMS1/CHRNG/CHRNA5/CHRNA9/RIMS2/CHRNA1/MET/P2RX5/CHRND/NTSR1",35
"GO:0040020","GO:0040020","regulation of meiotic nuclear division","11/3260","21/18842",0.523809523809524,3.02749050540462,4.25202984276442,0.000261599608753434,0.0102598995489822,0.0102598995489822,"STRA8/DMRT1/HORMAD1/RAD51AP1/FBXO43/ZWINT/MEIOSIN/PRDM9/HORMAD2/KNL1/TRIP13",11
"GO:0021517","GO:0021517","ventral spinal cord development","10/3260","18/18842",0.555555555555556,3.21097477845944,4.29252920557866,0.000267706747783799,0.0103525756310798,0.0103525756310798,"LRP8/MNX1/PAX6/ASCL1/MDGA2/VSTM5/LHX1/TBX20/FOXN4/ISL1",10
"GO:0051447","GO:0051447","negative regulation of meiotic cell cycle","10/3260","18/18842",0.555555555555556,3.21097477845944,4.29252920557866,0.000267706747783799,0.0103525756310798,0.0103525756310798,"NPPC/TTK/DMRT1/HORMAD1/FBXO43/ZWINT/PKMYT1/HORMAD2/KNL1/TRIP13",10
"GO:0048593","GO:0048593","camera-type eye morphogenesis","26/3260","76/18842",0.342105263157895,1.97728446884081,3.90473092404406,0.000277566586155475,0.0105311370800018,0.0105311370800018,"TWIST1/PROX1/LCTL/THY1/STRA6/PAX6/TSKU/SIX3/PROM1/TH/EFNA5/TFAP2A/SOX11/SDK1/LHX1/SAMD7/TENM3/FOXN4/WNT16/CALB1/SOX9/SOX12/USH1C/FOXE3/PITX2/SOX4",26
"GO:0006805","GO:0006805","xenobiotic metabolic process","40/3260","135/18842",0.296296296296296,1.71251988184504,3.80023954739636,0.000278037253830065,0.0105311370800018,0.0105311370800018,"AKR1C1/GRIN1/SULT1C3/CMBL/NR1I2/CBR1/UGT1A7/NQO1/SLC28A3/ABCC3/SMOX/SLCO1B3/AHRR/LPO/CYP2C19/UGT2B11/CES3/CYP2C9/UGT1A10/CYP2E1/CYP2D6/CYP2B6/UGT2A3/UGT2B15/GSTA5/CYP26A1/ALDH3A1/UGT1A6/UGT1A1/SLCO1B1/CYP2W1/ABCB11/ABCC2/CYP2C18/BPHL/HNF4A/CBR3/CAD/CYP3A4/SLC28A2",40
"GO:0007338","GO:0007338","single fertilization","40/3260","135/18842",0.296296296296296,1.71251988184504,3.80023954739636,0.000278037253830065,0.0105311370800018,0.0105311370800018,"RNASE10/PLA2G10/NLRP5/FCRL5/LYZL4/SPESP1/ZPBP2/SPINK13/GARIN1B/LY6K/GLRA1/ADAM32/DCST1/ZP1/SERPINA5/SPATA46/CDK1/PLAT/ALDOA/SYT6/PLCZ1/DCST2/SPACA4/DEFB126/CLGN/PRSS55/TRPC7/MST1R/OVGP1/ZAN/CCDC87/RIMS1/ZP3/ADAM18/FETUB/PAEP/NOX5/SPACA3/ADAM2/TEX101",40
"GO:0032963","GO:0032963","collagen metabolic process","33/3260","105/18842",0.314285714285714,1.81649430324277,3.83748733281417,0.000282847026943022,0.0106404357754756,0.0106404357754756,"KLK6/NPPC/UCN/P3H4/P3H3/ITGA2/MMP16/MMP17/SCX/SERPINB7/MMP1/MMP12/F2/FURIN/MMP13/RCN3/MMP20/MMP9/MMP3/TMPRSS6/PRSS2/FAP/COL5A1/MMP8/COL1A1/CBX8/ADAMTS14/PLOD2/MMP11/MMP10/MMP14/GOT1/MMP7",33
"GO:1905820","GO:1905820","positive regulation of chromosome separation","14/3260","31/18842",0.451612903225806,2.61021175539284,4.10399736169517,0.000289579576487771,0.0108201017430903,0.0108201017430904,"NCAPG/AURKB/BIRC5/DLGAP5/CDCA8/SKA3/CDC20/NCAPG2/SKA1/NCAPH/ESPL1/INCENP/PLK1/UBE2C",14
"GO:0001658","GO:0001658","branching involved in ureteric bud morphogenesis","16/3260","38/18842",0.421052631578947,2.43358088472716,4.04611342639755,0.00029283691341815,0.010868376719479,0.010868376719479,"AGT/HS3ST3A1/HOXD11/LGR4/TMEM59L/GREM1/GDNF/SALL1/SIX2/FOXD1/LHX1/HOXA11/SIX1/SIX4/SOX9/HOXB7",16
"GO:0071695","GO:0071695","anatomical structure maturation","50/3260","180/18842",0.277777777777778,1.60548738922972,3.73345943643965,0.000299932133789383,0.0110574979990353,0.0110574979990353,"ADAM7/NPPC/TMEM79/CNGB1/GAL/ADAMTS12/CATSPERQ/CCDC154/TDRKH/EREG/TDRD1/CNTN2/RFLNA/CATSPERB/CCNB1/FERMT1/EPO/ZAR1L/TUBB8/FLVCR1/GREM1/ROPN1/CATSPERH/PTPRN/SIX3/NKX6-1/SPINK5/PLEK2/EPHA8/SEMG1/PABPC1L/SLC26A6/DEFB1/G6PD/CDH3/ZNF664-RFLNA/TDRD5/CABYR/SMIM45/IL21/PAEP/CCL19/NSUN2/PDE3A/CATSPER4/CEND1/KIF14/CATSPERT/CNTNAP2/P2RX5",50
"GO:0051983","GO:0051983","regulation of chromosome segregation","41/3260","140/18842",0.292857142857143,1.69264241893076,3.7625150994927,0.000308373363285742,0.0112934086024513,0.0112934086024513,"NCAPG/AURKB/MAD2L1/BIRC5/TTK/KIF2C/CENPF/DLGAP5/CDCA8/SPC24/SPC25/TACC3/HORMAD1/CCNB1/KNTC1/HASPIN/SKA3/CENPE/CDK1/NDC80/BUB1/DPF1/LOC100533997/CDC20/NCAPG2/SKA1/NCAPH/ESPL1/ZWILCH/ZWINT/CDC6/INCENP/PLK1/UBE2C/RMI2/SPDL1/NUF2/KNL1/GEN1/TRIP13/BUB1B",41
"GO:0007369","GO:0007369","gastrulation","38/3260","127/18842",0.299212598425197,1.72937539249312,3.77230871252335,0.000314206145406965,0.0114313156848718,0.0114313156848718,"ITGA2/UGDH/SOX2/OTX2/SCX/LBX2/GSC/HMGA2/TBXT/ITGB3/TENM4/ZIC3/COL5A2/TRIM15/SIX2/COL7A1/ITGB4/MIXL1/EYA2/DKK1/MMP9/MESP2/ITGAV/COL11A1/LHX1/DUSP4/TBX20/APELA/HOXA11/WNT8B/WNT5B/COL5A1/MMP8/LAMB3/FGF8/MMP14/MESP1/POU5F1",38
"GO:0051216","GO:0051216","cartilage development","40/3260","136/18842",0.294117647058824,1.69992782389029,3.7469804068018,0.00032903437363415,0.0118925495829859,0.0118925495829859,"NPPC/KAT2A/PTHLH/ADAMTS12/BMP8B/EPYC/SNORC/SCX/RFLNA/GREM1/HOXD3/TSKU/HMGA2/RUNX2/OTOR/CNMD/FGF4/COL2A1/SCIN/SIX2/CHRDL2/ZNF664-RFLNA/ITGB8/CCN4/WNT10B/NKX3-2/MUSTN1/COL3A1/MDK/COL11A2/OPTC/CHI3L1/HOXA11/BMP8A/WNT5B/TIMP1/SULF1/OSR2/SOX9/LOXL2",40
"GO:0007492","GO:0007492","endoderm development","21/3260","57/18842",0.368421052631579,2.12938327413626,3.90591110227528,0.000334010244926663,0.0119268907621199,0.0119268907621199,"GATA4/SOX2/HMGA2/COL5A2/COL7A1/MIXL1/HOXC11/DKK1/MMP9/ITGAV/COL11A1/LHX1/DUSP4/TBX20/APELA/COL5A1/MMP8/LAMB3/MMP14/MESP1/POU5F1",21
"GO:0009072","GO:0009072","aromatic amino acid metabolic process","17/3260","42/18842",0.404761904761905,2.33942448144902,3.97478029291319,0.000336454784609531,0.0119268907621199,0.0119268907621199,"TDO2/NMNAT2/TAT/ACMSD/HPDL/HAL/TH/HGD/KYNU/TPH2/FTCD/IL4I1/QPRT/TYR/PAH/IYD/SLC45A2",17
"GO:0060675","GO:0060675","ureteric bud morphogenesis","17/3260","42/18842",0.404761904761905,2.33942448144902,3.97478029291319,0.000336454784609531,0.0119268907621199,0.0119268907621199,"AGT/HS3ST3A1/HOXD11/LGR4/TMEM59L/GREM1/GDNF/SALL1/SIX2/FOXD1/LHX1/HOXA11/SIX1/SIX4/SOX9/KIF26B/HOXB7",17
"GO:0045835","GO:0045835","negative regulation of meiotic nuclear division","7/3260","10/18842",0.7,4.0458282208589,4.40662768219488,0.000339381019039373,0.0119539938553359,0.0119539938553359,"DMRT1/HORMAD1/FBXO43/ZWINT/HORMAD2/KNL1/TRIP13",7
"GO:0009566","GO:0009566","fertilization","44/3260","154/18842",0.285714285714286,1.65135845749343,3.71234371177526,0.000345934921642199,0.012107722257477,0.012107722257477,"RNASE10/PLA2G10/NLRP5/FCRL5/LYZL4/SPESP1/ZPBP2/SPINK13/GARIN1B/TDRKH/LY6K/GLRA1/ADAM32/DCST1/ZP1/SERPINA5/SPATA46/CDK1/PLAT/ALDOA/SYT6/PLCZ1/DCST2/SPACA4/DEFB126/CLGN/PRSS55/MEIOB/TRPC7/MST1R/OVGP1/ZAN/PRDM9/CCDC87/RIMS1/ZP3/ADAM18/FETUB/PAEP/TDRD12/NOX5/SPACA3/ADAM2/TEX101",44
"GO:0022617","GO:0022617","extracellular matrix disassembly","25/3260","73/18842",0.342465753424658,1.97936801411883,3.83474026579627,0.000354201814303787,0.0123190945477984,0.0123190945477984,"HPN/DPP4/MELTF/MMP1/MMP12/FSCN1/FURIN/MMP13/CTSV/PRSS1/CARMIL2/MMP9/MMP3/TMPRSS6/MIR205/PRSS2/FAP/MMP8/ADAM8/MMP11/MMP10/MMP14/PLAU/MMP7/GDPD2",25
"GO:0098656","GO:0098656","monoatomic anion transmembrane transport","41/3260","141/18842",0.290780141843972,1.68063786276813,3.71058530705551,0.000363189219325345,0.0125527273929322,0.0125527273929322,"SLC26A1/SLC5A5/ANO9/SLC26A4/GABRR2/GABRG3/SLC5A6/GLRA1/GPHRA/CLDN4/GABRP/GABRA3/CASR/GPHRB/CLIC6/CLCN2/KCNK2/GABRR1/SLC26A6/GABRB1/KCNK1/SLC4A3/GABRQ/GLRA3/BEST4/TTYH3/SLC1A7/GABRE/CLCNKA/SLC1A4/SLC12A7/GABRR3/ANO7/GABRA5/TTYH1/CLCN1/P2RX5/BEST3/AQP6/GABRG2/GABRD",41
"GO:0008037","GO:0008037","cell recognition","38/3260","128/18842",0.296875,1.71586464723926,3.71707875306298,0.000373402195223861,0.0127298743610727,0.0127298743610727,"OPCML/EPHB2/PCDHA7/ADGRB1/FUT3/IGSF9/MYPN/TNFRSF21/SPESP1/ZPBP2/LY6K/ADAM32/CNTN2/DCST1/ZP1/CDK5R1/EPHB3/EMB/LBP/ALDOA/DCST2/EFNA5/SPACA4/C4BPB/VCAN/PRSS55/IGLON5/ZAN/ZP3/CFB/ADAM18/FETUB/PAEP/CCL19/CNTNAP2/GAP43/ADAM2/TEX101",38
"GO:0033045","GO:0033045","regulation of sister chromatid segregation","35/3260","115/18842",0.304347826086957,1.75905574819952,3.73454471013037,0.000373432715335523,0.0127298743610727,0.0127298743610727,"AURKB/MAD2L1/BIRC5/TTK/CENPF/DLGAP5/CDCA8/SPC24/SPC25/TACC3/CCNB1/KNTC1/HASPIN/SKA3/CENPE/CDK1/NDC80/BUB1/DPF1/CDC20/SKA1/ESPL1/ZWILCH/ZWINT/CDC6/INCENP/PLK1/UBE2C/RMI2/SPDL1/NUF2/KNL1/GEN1/TRIP13/BUB1B",35
"GO:0170033","GO:0170033","L-amino acid metabolic process","45/3260","159/18842",0.283018867924528,1.63577960412085,3.68240050682038,0.000375220528183519,0.0127298743610727,0.0127298743610727,"ASNS/GAD2/PYCR1/TDO2/MAT1A/CTH/ARHGAP11B/PSPH/CBS/AGMAT/OAT/GAD1/GPT/ACAD8/NMNAT2/TAT/ACMSD/NAT8L/ODC1/HAL/TH/HGD/KYNU/PSAT1/BHMT/P4HB/AZIN2/GCAT/GPT2/BHMT2/PYCR3/SHMT2/FTCD/LOC102724560/IL4I1/QPRT/KYAT1/TYR/PAH/IYD/GLS2/GOT1/SLC45A2/CAD/ALDH18A1",45
"GO:0001704","GO:0001704","formation of primary germ layer","29/3260","90/18842",0.322222222222222,1.86236537150648,3.75092120726122,0.000405675728912964,0.0136791876883457,0.0136791876883457,"ITGA2/SOX2/SCX/HMGA2/TBXT/ITGB3/COL5A2/TRIM15/SIX2/COL7A1/ITGB4/MIXL1/EYA2/DKK1/MMP9/MESP2/ITGAV/COL11A1/LHX1/DUSP4/TBX20/APELA/HOXA11/COL5A1/MMP8/LAMB3/MMP14/MESP1/POU5F1",29
"GO:0044784","GO:0044784","metaphase/anaphase transition of cell cycle","33/3260","107/18842",0.308411214953271,1.78254113869618,3.71296959533276,0.000415243172555623,0.0139169378438339,0.0139169378438339,"AURKB/MAD2L1/BIRC5/TTK/CENPF/DLGAP5/CDCA8/SPC24/SPC25/TACC3/CCNB1/KNTC1/HASPIN/SKA3/CENPE/NDC80/BUB1/DPF1/CDC20/SKA1/ESPL1/ZWILCH/ZWINT/CDC6/INCENP/PLK1/UBE2C/SPDL1/NUF2/KNL1/GEN1/TRIP13/BUB1B",33
"GO:0006520","GO:0006520","amino acid metabolic process","69/3260","271/18842",0.254612546125461,1.47159803499875,3.57674651036733,0.000422004438179447,0.0140583406212792,0.0140583406212792,"ASNS/GAD2/AARSD1/SCLY/PYCR1/GCLM/TDO2/MAT1A/CTH/ARHGAP11B/PSPH/CBS/AGMAT/VARS1/OAT/GARS1/GAD1/GPT/GCLC/GCSH/ACAD8/NOX4/NMNAT2/TAT/ACMSD/TARS2/HPDL/NAT8L/ODC1/VARS2/DIO1/HAL/TH/HGD/KYNU/PSAT1/BHMT/TPH2/P4HB/AZIN2/GCAT/GPT2/BHMT2/NR1H4/HAO1/BAAT/PYCR3/DPEP1/SHMT2/FTCD/LOC102724560/ACY1/GLDC/SLC25A2/BPHL/IL4I1/QPRT/KYAT1/DARS2/TYR/HNF4A/PAH/IYD/GLS2/GOT1/SLC45A2/CAD/CPS1/ALDH18A1",69
"GO:0090183","GO:0090183","regulation of kidney development","14/3260","32/18842",0.4375,2.52864263803681,3.95854635809068,0.000433338102459285,0.0143494593209572,0.0143494593209572,"AGT/LGR4/GREM1/GDNF/SIX2/FOXD1/LHX1/SIX1/SIX4/SOX9/RET/HOXB7/BASP1/EZH2",14
"GO:1902099","GO:1902099","regulation of metaphase/anaphase transition of cell cycle","32/3260","103/18842",0.310679611650485,1.79565191494431,3.70354557987752,0.000436424508719856,0.0143656400786953,0.0143656400786953,"AURKB/MAD2L1/BIRC5/TTK/CENPF/DLGAP5/CDCA8/SPC24/SPC25/CCNB1/KNTC1/HASPIN/SKA3/CENPE/NDC80/BUB1/DPF1/CDC20/SKA1/ESPL1/ZWILCH/ZWINT/CDC6/INCENP/PLK1/UBE2C/SPDL1/NUF2/KNL1/GEN1/TRIP13/BUB1B",32
"GO:1901970","GO:1901970","positive regulation of mitotic sister chromatid separation","11/3260","22/18842",0.5,2.8898773006135,4.05680669631617,0.000441626826608787,0.0144508659831159,0.0144508659831159,"AURKB/BIRC5/DLGAP5/CDCA8/SKA3/CDC20/SKA1/ESPL1/INCENP/PLK1/UBE2C",11
"GO:0098773","GO:0098773","skin epidermis development","25/3260","74/18842",0.337837837837838,1.95261979771182,3.75556808922752,0.000448076177462911,0.0145756544786465,0.0145756544786465,"GRHL3/FOXI3/TMEM79/GAL/PLA2G10/FOXE1/ABCA12/ALOXE3/FA2H/FERMT1/CLDN4/SPINK5/DLX3/TP63/CDH3/PKP3/DSC1/CLDN1/KRT17/NSUN2/CYSRT1/WNT10A/SOX9/KRT16/LSR",25
"GO:0071805","GO:0071805","potassium ion transmembrane transport","55/3260","206/18842",0.266990291262136,1.54313836440527,3.58522911206427,0.000457503516253288,0.014795289151349,0.014795289151349,"KCNA7/ATP4A/KCNJ4/KCNG2/KCNK12/KCNJ6/KCNK16/SLC24A2/KCNV2/SLC9A2/KCNK10/KCNV1/HPN/SLC9A4/KCNH8/KCNH4/KCNN4/HCN3/HCN2/KCND2/KCNC1/ATP1A3/KCNG1/KCNK15/KCNN1/KCNE4/ATP1B1/KCNQ5/KCNK2/KCNQ3/OPRK1/FXYD4/STK39/KCNK9/KCNJ13/KCNJ10/SLC9A3/LRRC26/KCNC2/KCNK1/ATP4B/TRPM5/KCNF1/KCNJ1/HCN1/KCNJ18/KCNH2/KCNK5/KCNQ2/SLC12A7/DPP10/KCNMB3/SLC12A8/SLC9A7/KCNU1",55
"GO:0043583","GO:0043583","ear development","34/3260","112/18842",0.303571428571429,1.75456836108677,3.66342992632202,0.000473265811456661,0.0152160461474147,0.0152160461474147,"EPHB2/NECTIN1/TWIST1/STRC/PROX1/ZIC1/TTC39C/MCM2/STRA6/SOX2/HPN/HOXA1/ESRP1/TSKU/GSC/PHOX2B/KCNK2/ZIC3/COL2A1/TFAP2A/GJB2/TBX18/ATOH1/NEUROD1/SIX1/MYO3A/CALB1/OSR2/MYO3B/SOX9/GABRA5/LHX3/USH1C/CCNA2",34
"GO:0003228","GO:0003228","atrial cardiac muscle tissue development","10/3260","19/18842",0.526315789473684,3.04197610590894,4.07316693933793,0.000477661268447108,0.0152685943035405,0.0152685943035405,"PROX1/CACNA1G/NKX2-5/ZIC3/SHOX2/TBX18/ISL1/MYH6/GJB6/MESP1",10
"GO:0009111","GO:0009111","vitamin catabolic process","9/3260","16/18842",0.5625,3.25111196319018,4.12028478868363,0.000486575794981663,0.0154641617600494,0.0154641617600494,"CYP24A1/CYP26A1/CYP4F11/CYP27B1/CYP4F3/CYP4F8/CYP2W1/CBR3/CYP3A4",9
"GO:0000076","GO:0000076","DNA replication checkpoint signaling","12/3260","26/18842",0.461538461538462,2.66757904672015,3.8918726975868,0.000615347710197563,0.0193345047579121,0.0193345047579121,"DONSON/CLSPN/ORC1/DBF4/CDC45/TICRR/TIMELESS/DNA2/CDT1/CDC7/CDC6/RFC4",12
"GO:0051315","GO:0051315","attachment of mitotic spindle microtubules to kinetochore","12/3260","26/18842",0.461538461538462,2.66757904672015,3.8918726975868,0.000615347710197563,0.0193345047579121,0.0193345047579121,"AURKB/BIRC5/KIF2C/CDCA8/SKA3/CENPE/CDK1/NDC80/CDT1/SKA1/INCENP/NUF2",12
"GO:0006820","GO:0006820","monoatomic anion transport","44/3260","158/18842",0.278481012658228,1.60955191426575,3.51927730185583,0.000630224979995875,0.0196900798834869,0.0196900798834869,"SLC26A1/SLC5A5/TRPA1/ANO9/SLC26A4/GABRR2/GABRG3/SLC5A6/GLRA1/GPHRA/CLDN4/GABRP/GABRA3/CASR/GPHRB/CLIC6/CLCN2/KCNK2/GABRR1/SLC26A6/GABRB1/KCNK1/SLC4A3/GABRQ/P2RY4/GLRA3/BEST4/TTYH3/SLC1A7/GABRE/CLCNKA/SLC1A4/SLC12A7/GABRR3/ANO7/GABRA5/TTYH1/CLCN1/P2RX5/SLC4A11/BEST3/AQP6/GABRG2/GABRD",44
"GO:0009994","GO:0009994","oocyte differentiation","17/3260","44/18842",0.386363636363636,2.23308700501952,3.74553113351786,0.000640252804845017,0.0197798771552679,0.0197798771552679,"NPPC/SOHLH2/MEIOC/TDRKH/EREG/TDRD1/CCNB1/ZAR1L/TUBB8/YBX2/PABPC1L/DCAF13/TDRD5/FOXL2/ZP3/PDE3A/SOHLH1",17
"GO:0072171","GO:0072171","mesonephric tubule morphogenesis","17/3260","44/18842",0.386363636363636,2.23308700501952,3.74553113351786,0.000640252804845017,0.0197798771552679,0.0197798771552679,"AGT/HS3ST3A1/HOXD11/LGR4/TMEM59L/GREM1/GDNF/SALL1/SIX2/FOXD1/LHX1/HOXA11/SIX1/SIX4/SOX9/KIF26B/HOXB7",17
"GO:0060079","GO:0060079","excitatory postsynaptic potential","31/3260","101/18842",0.306930693069307,1.77398408552512,3.56734828602751,0.000669693102468117,0.0205744603147149,0.0205744603147149,"GRIN1/STX1A/GRIN2D/ELOVL4/CHRNB1/GLRA1/HTR3A/GRIN2A/CHRNA6/P2RX3/MAPK8IP2/GRIN2C/CHRNB4/SLC8A2/CBLN1/TRPV1/HTR3B/GLRA3/GRIK2/CHRNB3/SLC1A7/PNOC/RIMS1/CHRNG/CHRNA5/CHRNA9/RIMS2/CHRNA1/MET/P2RX5/CHRND",31
"GO:0048880","GO:0048880","sensory system development","68/3260","271/18842",0.250922509225092,1.45027052724515,3.41499204306396,0.000709659124779348,0.0216818506078994,0.0216818506078994,"HSF4/MFAP2/TWIST1/PROX1/FBN2/KRT12/OPN4/LCTL/THY1/STRA6/SOX2/LENEP/SIX6/ATOH7/PAX6/CRYGN/TSKU/PLAAT1/SLC6A3/PHOX2B/SIX3/MYO7A/KDM5B/PROM1/DLX1/TH/COL5A2/SPRED3/TULP1/EFNA5/TFAP2A/SLC39A5/PMEL/SOX11/PRSS56/SDK1/POU4F1/CRYBA2/LHX1/SEMA3A/SAMD7/TENM3/OLFM3/HPCA/WNT6/NEUROD1/FOXL2/FOXN4/CLDN3/DCX/SMOC1/WNT5B/ISL1/COL5A1/CNGA3/NHS/ADAMTS18/TMEM132E/WNT16/CALB1/OSR2/SOX9/SOX12/USH1C/FOXE3/DLX2/PITX2/SOX4",68
"GO:0044282","GO:0044282","small molecule catabolic process","86/3260","359/18842",0.239554317548747,1.38456516909616,3.36496161155503,0.000759367093599253,0.0230730770747465,0.0230730770747465,"AKR1B10/ADCY10/TWIST1/GAD2/AKR1C3/AKR1D1/PFKP/SCLY/FUT2/ALDOB/TDO2/MAT1A/FMO1/ARHGAP11B/XYLB/CBS/OAT/GLB1L2/GAD1/GPT/ALDH3B2/SLC16A1/TPI1/GCSH/ACAD8/PGK2/TAT/CYP24A1/SLC27A2/GLB1L3/ACMSD/FUT6/SORD/ALDH1B1/ALDOA/HAL/ALDH1L1/OXCT2/DECR2/HGD/KYNU/GLYATL2/XDH/PON1/FUT9/SRD5A3/CYP26A1/CYP4F11/GCAT/GPT2/LDHB/CPT1B/CYP27B1/HAO1/LDHA/DPEP1/CYP4F3/SHMT2/CDA/CYP4F8/ENO1/CYP2W1/ALDH1L2/FTCD/LOC102724560/GLDC/ABCB11/GAPDH/ENO3/ADH4/IL4I1/NUDT8/QPRT/KYAT1/MIOX/PAH/GDA/FUT8/SLC16A3/CBR3/GLS2/GOT1/CAD/CYP3A4/NTSR1/GALE",86
"GO:0001655","GO:0001655","urogenital system development","13/3260","30/18842",0.433333333333333,2.50456032719836,3.77226264605081,0.00077316590805838,0.0232651756398965,0.0232651756398965,"HOXB13/EPHB2/EPHB3/SRD5A1/HOXA10/HOXD13/LHX1/HOXA13/HOXA11/SULF1/OSR2/SOX9/FOXB1",13
"GO:0071824","GO:0071824","protein-DNA complex organization","59/3260","229/18842",0.25764192139738,1.48910708066547,3.40614143418381,0.000774103493262378,0.0232651756398965,0.0232651756398965,"H4C6/H3C13/H4C16/H4C11/H2BC4/H2BC15/H2BC3/H3C7/H4C3/H2BC14/H1-5/H1-1/H2BC6/CDC45/H3C6/H4C15/H4C2/H3C12/H2AC25/H3C14/H2BC10/ASF1B/H1-0/H3C1/H3C8/H4C8/H4C1/H1-3/CDT1/HMGA1/H4C13/H1-6/H1-2/TAF7L/H3C11/H3-4/TSPYL6/H4C12/H4C14/H3C10/TAF1L/H2BC21/CHAF1B/H2BC8/H3C3/H2BC13/H2BC11/H2AX/H2BC9/H4C9/SOX9/H4C5/H2BC7/H4C4/H1-4/RAD51/H2BC1/H3C2/ATAD2",59
"GO:0002934","GO:0002934","desmosome organization","7/3260","11/18842",0.636363636363636,3.67802565532627,4.06371796517729,0.000793468513389331,0.0235907574142097,0.0235907574142097,"DSG3/PKP2/PKP3/PKP1/DSG2/DSP/DSC1",7
"GO:0033313","GO:0033313","meiotic cell cycle checkpoint signaling","7/3260","11/18842",0.636363636363636,3.67802565532627,4.06371796517729,0.000793468513389331,0.0235907574142097,0.0235907574142097,"TTK/HORMAD1/ZWINT/HORMAD2/NSUN2/KNL1/TRIP13",7
"GO:0090189","GO:0090189","regulation of branching involved in ureteric bud morphogenesis","10/3260","20/18842",0.5,2.8898773006135,3.86780790636898,0.000807697996149944,0.0238854006348085,0.0238854006348085,"AGT/LGR4/GREM1/GDNF/SIX2/LHX1/SIX1/SIX4/SOX9/HOXB7",10
"GO:0030261","GO:0030261","chromosome condensation","17/3260","45/18842",0.377777777777778,2.18346284935242,3.63551373977953,0.00086485780845115,0.0252730823346355,0.0252730823346355,"NCAPG/H1-5/H1-1/CCNB1/HMGA2/CDK1/NCAPD2/H1-0/H1-3/NCAPG2/NCAPH/H1-6/H1-2/PLK1/ERN2/TOP2A/H1-4",17
"GO:0050912","GO:0050912","detection of chemical stimulus involved in sensory perception of taste","17/3260","45/18842",0.377777777777778,2.18346284935242,3.63551373977953,0.00086485780845115,0.0252730823346355,0.0252730823346355,"TAS2R20/TAS2R38/AZGP1/TAS2R3/CST2/LPO/TAS2R13/TAS1R1/TAS2R31/CST1/CST4/TAS2R2/TAS2R50/TAS2R30/TAS2R46/CA6/TAS1R3",17
"GO:0035270","GO:0035270","endocrine system development","25/3260","77/18842",0.324675324675325,1.87654370169708,3.52528170003942,0.000872292205616686,0.0252730823346355,0.0252730823346355,"ARX/CDH2/FOXI3/INHBB/PDX1/FOXE1/STRA6/SOX2/INSM1/MNX1/PAX6/HOXD3/SRD5A1/RFX6/SIX3/NKX6-1/NR0B1/NKX2-5/SALL1/SOX3/MDK/DSG2/NEUROD1/SIX1/PITX2",25
"GO:0090190","GO:0090190","positive regulation of branching involved in ureteric bud morphogenesis","9/3260","17/18842",0.529411764705882,3.05987008300253,3.88638635919269,0.000875548011543586,0.0252730823346355,0.0252730823346355,"AGT/LGR4/GREM1/GDNF/LHX1/SIX1/SIX4/SOX9/HOXB7",9
"GO:0007530","GO:0007530","sex determination","8/3260","14/18842",0.571428571428571,3.30271691498685,3.94231796415136,0.000886614461649058,0.0252730823346355,0.0252730823346355,"DMRT1/SRD5A1/NR0B1/SOX3/AMH/SIX4/SOX9/NR5A1",8
"GO:0045780","GO:0045780","positive regulation of bone resorption","8/3260","14/18842",0.571428571428571,3.30271691498685,3.94231796415136,0.000886614461649058,0.0252730823346355,0.0252730823346355,"SPP1/ITGB3/DLK1/TNFSF11/MC4R/TNFRSF11A/RUFY4/ADAM8",8
"GO:0048665","GO:0048665","neuron fate specification","8/3260","14/18842",0.571428571428571,3.30271691498685,3.94231796415136,0.000886614461649058,0.0252730823346355,0.0252730823346355,"ESRP1/MNX1/ASCL1/ISL2/POU4F1/POU3F2/ISL1/PRDM12",8
"GO:0051383","GO:0051383","kinetochore organization","14/3260","34/18842",0.411764705882353,2.37989895344641,3.68353338658247,0.000907186157711156,0.0257268689853471,0.0257268689853471,"CENPO/MIS18A/CENPF/DLGAP5/KNTC1/CENPK/CENPE/HJURP/CENPW/CENPA/OIP5/CENPH/NUF2/CENPI",14
"GO:2000243","GO:2000243","positive regulation of reproductive process","23/3260","69/18842",0.333333333333333,1.92658486707566,3.5268913681498,0.000920433343326351,0.0259693693295649,0.0259693693295649,"ADAM7/RNASE10/INHBB/STRA8/PLA2G10/CDC25A/TAC4/MEIOC/GLRA1/RAD51AP1/RBM46/DEFB1/OXT/MEIOSIN/PRDM9/CDC25C/CCDC87/APELA/ZP3/TAC3/SOX9/KNL1/NR5A1",23
"GO:0061436","GO:0061436","establishment of skin barrier","12/3260","27/18842",0.444444444444444,2.56877982276755,3.73113480671028,0.000934396985301494,0.026229519435113,0.026229519435113,"GRHL3/TMEM79/ABCA12/ALOXE3/FA2H/CLDN4/TP63/DSC1/CLDN1/CYSRT1/KRT16/LSR",12
"GO:0051445","GO:0051445","regulation of meiotic cell cycle","20/3260","57/18842",0.350877192982456,2.02798407060596,3.55522742924695,0.000943459827928065,0.0263501659012232,0.0263501659012232,"NPPC/STRA8/CDC25A/TTK/MEIOC/DMRT1/HORMAD1/RAD51AP1/RBM46/FBXO43/CDC20/ZWINT/PKMYT1/MEIOSIN/PRDM9/CDC25C/HORMAD2/ASPM/KNL1/TRIP13",20
"GO:0008210","GO:0008210","estrogen metabolic process","16/3260","42/18842",0.380952380952381,2.2018112766579,3.56640918873819,0.00109603831104664,0.0303054593004396,0.0303054593004396,"UGT2B28/DHRS11/UGT1A7/UGT2B10/UGT2B11/CYP2C9/UGT1A10/CYP2D6/CYP19A1/UGT2B15/HSD17B2/UGT1A6/HSD17B1/UGT1A1/AKR1B15/CYP3A4",16
"GO:0050913","GO:0050913","sensory perception of bitter taste","16/3260","42/18842",0.380952380952381,2.2018112766579,3.56640918873819,0.00109603831104664,0.0303054593004396,0.0303054593004396,"TAS2R20/TAS2R38/AZGP1/TAS2R3/CST2/LPO/TAS2R13/TAS2R31/CST1/CST4/TAS2R2/TAS2R50/TAS2R30/TAS2R46/TAS2R60/CA6",16
"GO:0000395","GO:0000395","mRNA 5'-splice site recognition","11/3260","24/18842",0.458333333333333,2.64905419222904,3.69745580364658,0.00111441578979762,0.0305236354845465,0.0305236354845465,"RNVU1-1/RNVU1-7/RNVU1-15/RNVU1-4/RNU6ATAC/RNVU1-8/RNVU1-3/SRSF12/RNVU1-20/RNVU1-2A/RNU4ATAC",11
"GO:0001823","GO:0001823","mesonephros development","24/3260","74/18842",0.324324324324324,1.87451500580335,3.44765105368849,0.00111496824012267,0.0305236354845465,0.0305236354845465,"AGT/HS3ST3A1/HOXD11/LGR4/TMEM59L/GREM1/GDNF/SALL1/SIX2/FOXD1/EPCAM/LHX1/SIM1/HOXA11/SIX1/SIX4/FGF8/CRLF1/CALB1/OSR2/SOX9/KIF26B/HOXB7/BASP1",24
"GO:0007080","GO:0007080","mitotic metaphase chromosome alignment","23/3260","70/18842",0.328571428571429,1.89906222611744,3.44693166231396,0.00114955663770879,0.0313155084065498,0.0313155084065498,"AURKB/BIRC5/TTK/KIF2C/CDCA8/PSRC1/CCNB1/RRS1/KIFC1/CHMP4C/SKA3/CENPE/CDK1/NDC80/CDT1/SKA1/CENPA/KIF22/INCENP/KIF18A/SPDL1/NUF2/KIF14",23
"GO:0042303","GO:0042303","molting cycle","22/3260","66/18842",0.333333333333333,1.92658486707566,3.4490922270284,0.00117802586400581,0.0317779659900103,0.0317779659900103,"FOXI3/GAL/EPS8L3/PLA2G10/FOXE1/KRT33B/FERMT1/TSKU/SPINK5/TRPV3/TERT/DLX3/CDH3/PKP3/DSC1/KRT17/NSUN2/WNT10A/KRT14/SOX9/KRT83/KRT16",22
"GO:0042633","GO:0042633","hair cycle","22/3260","66/18842",0.333333333333333,1.92658486707566,3.4490922270284,0.00117802586400581,0.0317779659900103,0.0317779659900103,"FOXI3/GAL/EPS8L3/PLA2G10/FOXE1/KRT33B/FERMT1/TSKU/SPINK5/TRPV3/TERT/DLX3/CDH3/PKP3/DSC1/KRT17/NSUN2/WNT10A/KRT14/SOX9/KRT83/KRT16",22
"GO:1905330","GO:1905330","regulation of morphogenesis of an epithelium","18/3260","50/18842",0.36,2.08071165644172,3.49991511098919,0.00118912386355466,0.031921626045909,0.031921626045909,"AGT/ADAMTS12/LGR4/LBX2/GREM1/GDNF/EGF/SIX2/LHX1/MDK/SIX1/SIX4/WNT5B/RNF207/SULF1/SOX9/HOXB7/LCN2",18
"GO:0051932","GO:0051932","synaptic transmission, GABAergic","19/3260","54/18842",0.351851851851852,2.03361735969098,3.47908927988607,0.0012066823057954,0.0322364886524085,0.0322364886524085,"CNR2/GABRR2/GABRG3/GABRP/GABRA3/KCNK2/GABRR1/GABRB1/CNTNAP4/HAP1/GABRQ/GABRE/PNOC/GABRR3/GABRA5/GABBR2/GABRG2/EZH2/GABRD",19
"GO:0002443","GO:0002443","leukocyte mediated immunity","99/3260","429/18842",0.230769230769231,1.33378952336008,3.19880853185848,0.0012154705763339,0.0323151552265695,0.0323151552265695,"CEACAM1/IGHV1-3/IGHV3-11/IGHV3-48/IGHD/CPLX2/SUSD4/AZGP1/IGHV4-4/IGLC2/C8A/F2RL1/IGHV1-69/IGHV3-33/IGHV3-66/IGHV2-26/HSPD1/IGLC6/IGHV1-58/IGHV3-64/JAK3/IGHV3-53/NECTIN4/IGHV3-64D/IGHV1-45/IGHV3-23/CD177/IGHG2/IGHV6-1/IGHV1-18/IGHV3-21/SCART1/IGHE/IGHV7-4-1/IGHV3-20/IGHV1-69D/IGHV3-73/F2/IGHV3-16/IGHV2-70D/IGHA2/IGHV4-28/IGLC7/GSDMB/TIGIT/RAET1L/AIRE/IGHV3-7/KLRC2/C4BPB/IGHG1/CD1A/IGHV2-5/IGHV3-13/IGHV1-24/IGHV3-30/IGHV4-59/IFNB1/IGHV3-74/IL23A/CLNK/IGHV5-51/CD19/CD27/SLAMF7/KLRF2/IGLL5/IGHV4-39/CD70/IGHG4/IGKC/IGHV4-61/CLEC2A/TRAF2/IL21/IGHV4-34/TNFSF4/IGHV3-49/ZP3/IGHV3-72/IGHV1-69-2/LAG3/IGHV3-43/IGHV8-51-1/IGLL1/IGHV3-35/CR2/IGHV7-81/IGHV3-15/IGLC3/IL4I1/DNASE1/IGHA1/IGHV3-38/C8G/SERPINB4/IGHV2-70/FOXP3/IGHG3",99
"GO:1905332","GO:1905332","positive regulation of morphogenesis of an epithelium","14/3260","35/18842",0.4,2.3119018404908,3.55324191115838,0.00127358693593236,0.0336982572043346,0.0336982572043346,"AGT/LGR4/LBX2/GREM1/GDNF/EGF/LHX1/MDK/SIX1/SIX4/WNT5B/SOX9/HOXB7/LCN2",14
"GO:0007156","GO:0007156","homophilic cell-cell adhesion","47/3260","177/18842",0.265536723163842,1.53473709750095,3.26935533619932,0.00128723924000631,0.0338120976799062,0.0338120976799062,"CEACAM1/CDH2/PCDHA7/NECTIN1/CDH15/CDH24/PCDHA5/DSG4/IGSF9/CDH7/MYPN/CDH18/FAT2/PCDHB8/PCDH8/DSG1/CDH12/CNTN2/PLXNB3/NECTIN4/DSG3/CEACAM5/EMB/FAT1/PCDHGA8/IGSF11/CDH17/CDH3/PCDHA8/CDHR2/SDK1/TENM3/PCDHA4/DSG2/DSC1/CDHR5/PCDHGA1/POSTN/PCDHA9/PCDHA6/CEACAM6/RET/CDH20/PSG5/CELSR3/PCDH7/DCHS2",47
"GO:0009913","GO:0009913","epidermal cell differentiation","50/3260","191/18842",0.261780104712042,1.51302476471911,3.25951607548891,0.00129011801274145,0.0338120976799062,0.0338120976799062,"FOXI3/STRC/AKR1C3/SPRR3/NME2/KRT80/CNFN/KRT78/ABCA12/EREG/ESRP1/KRT86/MIR125B1/KRT36/SPRR1A/SPINK5/KRT6C/KRT6B/PI3/LIPK/DLX3/SPRR2F/CDH3/SPRR2E/SPRR2D/KRT6A/S100A7/IVL/OVOL3/ST14/KRT81/PKP1/SPRR1B/CYP27B1/OVOL1/DSP/IL17A/OPN3/TMEM132E/WNT16/KRT14/CASP14/KRT83/USH1C/KRT16/SFRP4/KRT3/PITX2/ETV4/KRT75",50
"GO:0015711","GO:0015711","organic anion transport","101/3260","440/18842",0.229545454545455,1.32671639709983,3.17185942272033,0.00131210036761485,0.0342260143061799,0.0342260143061799,"ADCY10/CEACAM1/AKR1C1/SLC26A1/AVPR1B/PLEKHA8/SLC39A4/AVP/PLA2G10/CLTRN/SLCO1B3-SLCO1B7/SLCO5A1/SLCO6A1/SLC26A4/SLC38A3/ABCC3/SLC5A6/SLC52A3/SLC6A17/SLC16A7/SLC16A1/SLC6A8/SLC25A21/SLCO1B3/EMB/SLC38A11/ABCC11/SLC17A9/SLC27A2/SLC2A14/SLC16A8/SLC22A14/SLC1A6/SLC7A9/CASR/KCNK2/SLC35D3/RTBDN/TNFSF11/SLC25A32/SFXN1/GLTPD2/CALHM3/FABP7/SLC25A13/SLC25A39/SLC26A6/SLC25A10/TNFRSF11A/SLC52A2/SLC13A3/KCNK1/SLC5A12/SLC39A5/OXT/SLC4A3/PLA2G4A/SLC38A8/AKR1C4/SLC16A9/PLA2G2D/ABCB4/CRABP1/BEST4/TTYH3/SLC22A11/CRABP2/SLC2A5/NR1H4/CPT1B/CLDN2/SLC25A41/SLC7A10/SLC6A11/SLC1A7/ALB/SLC1A4/SLC38A4/PNOC/SLCO1B1/SLC44A5/PLA2G2F/SLC52A1/SLC2A2/SLC25A2/ABCB11/SLC7A11/ABCC2/SLC2A1/SLC17A4/TTYH1/SLC16A14/SLC7A5/SLC6A15/PLA2G2C/SLC4A11/SLC16A3/SLC13A5/NTSR1/SLC35A2/TSPO2",101
"GO:0051984","GO:0051984","positive regulation of chromosome segregation","12/3260","28/18842",0.428571428571429,2.47703768624014,3.57749633080003,0.00137985035285948,0.0356568806136118,0.0356568806136118,"NCAPG/AURKB/BIRC5/CDCA8/CCNB1/SKA3/CDK1/NCAPG2/SKA1/NCAPH/CDC6/INCENP",12
"GO:0099505","GO:0099505","regulation of presynaptic membrane potential","12/3260","28/18842",0.428571428571429,2.47703768624014,3.57749633080003,0.00137985035285948,0.0356568806136118,0.0356568806136118,"GRIK5/GRIN2D/GLRA1/HTR3A/KCNC1/CASR/GABRR1/GABRB1/GRIA4/KCNC2/GRIK2/GABRA5",12
"GO:0001580","GO:0001580","detection of chemical stimulus involved in sensory perception of bitter taste","15/3260","39/18842",0.384615384615385,2.22298253893346,3.49693984666654,0.00138799181302138,0.0357004405860849,0.0357004405860849,"TAS2R20/TAS2R38/AZGP1/TAS2R3/CST2/LPO/TAS2R13/TAS2R31/CST1/CST4/TAS2R2/TAS2R50/TAS2R30/TAS2R46/CA6",15
"GO:0098739","GO:0098739","import across plasma membrane","68/3260","278/18842",0.244604316546763,1.41375292404114,3.17890001872617,0.00145479641840384,0.0372454823785798,0.0372454823785798,"SLC5A3/ATP4A/KCNJ4/SLC39A4/KCNJ6/CLTRN/SLC24A2/TRPM2/CACNA1E/SLC38A3/SLC5A6/SLC9A2/SLC15A1/SLC28A1/SLC9A4/KCNN4/CACNA1B/HCN3/HCN2/CACNA1G/ATP1A3/NALF2/SLC2A14/SLC1A6/ATP1B1/FGF19/TRPV3/FXYD4/MS4A1/STK39/KCNK9/KCNJ13/KCNJ10/TRPV1/ERFE/SLC9A3/ASIC5/C1QTNF12/SLC39A5/ATP4B/KCNJ1/CERS1/SLC39A11/SLC34A1/CACNA1I/HCN1/SLC2A5/SLC7A10/KCNJ18/KCNH2/SLC1A4/SLC38A4/FGF21/CNGA3/OPN3/SLC2A2/SLC12A7/SLC7A11/SLC2A1/HNF1A/IFNG/SCNN1D/SLC7A5/LCN2/P2RX5/SLC9A7/NTSR1/TSPO2",68
"GO:0001657","GO:0001657","ureteric bud development","22/3260","67/18842",0.328358208955224,1.89782986905961,3.36736856039196,0.00147152175538729,0.0375000705405149,0.0375000705405149,"AGT/HS3ST3A1/HOXD11/LGR4/TMEM59L/GREM1/GDNF/SALL1/SIX2/FOXD1/EPCAM/LHX1/SIM1/HOXA11/SIX1/SIX4/CRLF1/CALB1/SOX9/KIF26B/HOXB7/BASP1",22
"GO:0051177","GO:0051177","meiotic sister chromatid cohesion","9/3260","18/18842",0.5,2.8898773006135,3.66912982765733,0.00148338927530337,0.0376290949193929,0.0376290949193929,"SGO1/HORMAD1/BUB1/STAG3/SGO2/SMC1B/HORMAD2/RAD21L1/BUB1B",9
"GO:0017156","GO:0017156","calcium-ion regulated exocytosis","21/3260","63/18842",0.333333333333333,1.92658486707566,3.3695229725197,0.00150887195201311,0.0381007392448971,0.0381007392448971,"CLTRN/NLRP5/STX1A/CBARP/DOC2A/CACNA1B/ADRA2A/UNC13A/SYT12/SYT6/SCAMP5/SCIN/SYT1/SYT5/UNC13C/SYT2/SYT13/RIMS1/SYT7/ZP3/RIMS2",21
"GO:0001706","GO:0001706","endoderm formation","18/3260","51/18842",0.352941176470588,2.03991338866835,3.40139043637904,0.00154442344494167,0.0387494455222478,0.0387494455222478,"SOX2/HMGA2/COL5A2/COL7A1/MIXL1/DKK1/MMP9/ITGAV/COL11A1/LHX1/DUSP4/TBX20/COL5A1/MMP8/LAMB3/MMP14/MESP1/POU5F1",18
"GO:0042471","GO:0042471","ear morphogenesis","19/3260","55/18842",0.345454545454545,1.99664249860569,3.38564332974346,0.00154857639428875,0.0387494455222478,0.0387494455222478,"EPHB2/NECTIN1/TWIST1/STRC/PROX1/ZIC1/TTC39C/HPN/HOXA1/GSC/ZIC3/TFAP2A/TBX18/SIX1/MYO3A/OSR2/MYO3B/SOX9/USH1C",19
"GO:0006813","GO:0006813","potassium ion transport","57/3260","226/18842",0.252212389380531,1.45772571800858,3.16639815530144,0.0016076288261334,0.0398077583816154,0.0398077583816154,"KCNA7/ATP4A/KCNJ4/KCNG2/CNGB1/KCNK12/KCNJ6/KCNK16/SLC24A2/KCNV2/SLC9A2/KCNK10/KCNV1/HPN/SLC9A4/KCNH8/KCNH4/KCNN4/HCN3/HCN2/KCND2/KCNC1/ATP1A3/ADRA2A/KCNG1/KCNK15/KCNN1/KCNE4/ATP1B1/KCNQ5/KCNK2/KCNQ3/OPRK1/FXYD4/STK39/KCNK9/KCNJ13/KCNJ10/SLC9A3/LRRC26/KCNC2/KCNK1/ATP4B/TRPM5/KCNF1/KCNJ1/HCN1/KCNJ18/KCNH2/KCNK5/KCNQ2/SLC12A7/DPP10/KCNMB3/SLC12A8/SLC9A7/KCNU1",57
"GO:0034501","GO:0034501","protein localization to kinetochore","8/3260","15/18842",0.533333333333333,3.08253578732106,3.69059778121827,0.00161246616229328,0.0398077583816154,0.0398077583816154,"AURKB/TTK/MTBP/KNTC1/CDK1/ZWILCH/SPDL1/KNL1",8
"GO:0044771","GO:0044771","meiotic cell cycle phase transition","8/3260","15/18842",0.533333333333333,3.08253578732106,3.69059778121827,0.00161246616229328,0.0398077583816154,0.0398077583816154,"CDC25A/TTK/NDC80/CDC20/ZWINT/PKMYT1/CDC25C/KNL1",8
"GO:0009070","GO:0009070","serine family amino acid biosynthetic process","7/3260","12/18842",0.583333333333333,3.37152351738241,3.75873816400768,0.00161988797976732,0.0398132467916147,0.0398132467916147,"CTH/PSPH/CBS/PSAT1/HAO1/SHMT2/LOC102724560",7
"GO:0048469","GO:0048469","cell maturation","37/3260","133/18842",0.278195488721804,1.60790165598044,3.21797773003957,0.00166240628659321,0.0406774635613295,0.0406774635613295,"ADAM7/NPPC/TMEM79/CATSPERQ/TDRKH/EREG/TDRD1/CNTN2/CATSPERB/CCNB1/EPO/ZAR1L/TUBB8/FLVCR1/ROPN1/CATSPERH/SIX3/NKX6-1/PLEK2/EPHA8/SEMG1/PABPC1L/SLC26A6/DEFB1/G6PD/TDRD5/CABYR/SMIM45/IL21/PAEP/CCL19/PDE3A/CATSPER4/KIF14/CATSPERT/CNTNAP2/P2RX5",37
"GO:0030216","GO:0030216","keratinocyte differentiation","40/3260","147/18842",0.272108843537415,1.57272234046993,3.1885206327504,0.00174293095431365,0.0424599479178612,0.0424599479178612,"AKR1C3/SPRR3/NME2/KRT80/CNFN/KRT78/ABCA12/EREG/KRT86/MIR125B1/KRT36/SPRR1A/KRT6C/KRT6B/PI3/LIPK/SPRR2F/CDH3/SPRR2E/SPRR2D/KRT6A/S100A7/IVL/OVOL3/ST14/KRT81/PKP1/SPRR1B/CYP27B1/DSP/IL17A/OPN3/WNT16/KRT14/CASP14/KRT83/KRT16/KRT3/ETV4/KRT75",40
"GO:0072163","GO:0072163","mesonephric epithelium development","22/3260","68/18842",0.323529411764706,1.86992060627932,3.28703889261751,0.00182527971233098,0.0440777153239753,0.0440777153239753,"AGT/HS3ST3A1/HOXD11/LGR4/TMEM59L/GREM1/GDNF/SALL1/SIX2/FOXD1/EPCAM/LHX1/SIM1/HOXA11/SIX1/SIX4/CRLF1/CALB1/SOX9/KIF26B/HOXB7/BASP1",22
"GO:0072164","GO:0072164","mesonephric tubule development","22/3260","68/18842",0.323529411764706,1.86992060627932,3.28703889261751,0.00182527971233098,0.0440777153239753,0.0440777153239753,"AGT/HS3ST3A1/HOXD11/LGR4/TMEM59L/GREM1/GDNF/SALL1/SIX2/FOXD1/EPCAM/LHX1/SIM1/HOXA11/SIX1/SIX4/CRLF1/CALB1/SOX9/KIF26B/HOXB7/BASP1",22
"GO:0001894","GO:0001894","tissue homeostasis","50/3260","194/18842",0.257731958762887,1.48962747454304,3.13544862366576,0.00184698637734855,0.044215734488041,0.044215734488041,"VSIG1/NR1I2/CNGB1/CRACD/SPP1/PERP/SCX/TFF2/ITGB3/TFF1/DLK1/TNFSF11/KISS1R/PROM1/STK39/MC4R/TNFRSF11A/MUC6/TULP1/MUC4/BARD1/KISS1/CDH3/CIB2/TFF3/RUFY4/PKP3/COL3A1/SCRIB/MUC13/INAVA/NEUROD1/CLDN1/CALCA/CLDN3/IL17A/ADAM8/WNK3/GJB6/SLC2A1/SOX9/CLDN12/BGLAP/PBLD/USH1C/USH1G/LSR/MUC2/SLC28A2/COMP",50
"GO:0060249","GO:0060249","anatomical structure homeostasis","50/3260","194/18842",0.257731958762887,1.48962747454304,3.13544862366576,0.00184698637734855,0.044215734488041,0.044215734488041,"VSIG1/NR1I2/CNGB1/CRACD/SPP1/PERP/SCX/TFF2/ITGB3/TFF1/DLK1/TNFSF11/KISS1R/PROM1/STK39/MC4R/TNFRSF11A/MUC6/TULP1/MUC4/BARD1/KISS1/CDH3/CIB2/TFF3/RUFY4/PKP3/COL3A1/SCRIB/MUC13/INAVA/NEUROD1/CLDN1/CALCA/CLDN3/IL17A/ADAM8/WNK3/GJB6/SLC2A1/SOX9/CLDN12/BGLAP/PBLD/USH1C/USH1G/LSR/MUC2/SLC28A2/COMP",50
"GO:0021545","GO:0021545","cranial nerve development","15/3260","40/18842",0.375,2.16740797546012,3.38064682300802,0.00186984133614363,0.0443786377204904,0.0443786377204904,"CNGB1/HOXA1/ATOH7/KCNC1/NKX2-2/PHOX2B/SALL1/TFAP2A/KCNC2/POU4F1/SEMA3A/SIX1/SIX4/ISL1/PHOX2A",15
"GO:0045740","GO:0045740","positive regulation of DNA replication","15/3260","40/18842",0.375,2.16740797546012,3.38064682300802,0.00186984133614363,0.0443786377204904,0.0443786377204904,"UCN/CDC25A/EREG/E2F8/DBF4/ATAD5/PCNA/DNA2/CDK1/CDT1/CDC7/PTK6/DBF4B/KCTD13/E2F7",15
"GO:0002062","GO:0002062","chondrocyte differentiation","25/3260","81/18842",0.308641975308642,1.78387487692191,3.23377975723031,0.00195031353707711,0.0460907429916087,0.0460907429916087,"NPPC/PTHLH/ADAMTS12/SCX/RFLNA/GREM1/TSKU/HMGA2/RUNX2/COL2A1/SCIN/SIX2/ZNF664-RFLNA/CCN4/WNT10B/NKX3-2/MUSTN1/COL3A1/MDK/HOXA11/WNT5B/SULF1/OSR2/SOX9/LOXL2",25
"GO:1901607","GO:1901607","alpha-amino acid biosynthetic process","19/3260","56/18842",0.339285714285714,1.96098816827344,3.29415530169865,0.00196912266404177,0.0463372269453233,0.0463372269453233,"ASNS/PYCR1/CTH/PSPH/CBS/OAT/PSAT1/BHMT/BHMT2/HAO1/PYCR3/SHMT2/LOC102724560/PAH/GLS2/GOT1/CAD/CPS1/ALDH18A1",19
"GO:0007051","GO:0007051","spindle organization","50/3260","195/18842",0.256410256410256,1.48198835928897,3.09455741362846,0.00207441772981134,0.0486081781604099,0.0486081781604099,"CEP72/AURKB/TPX2/BORA/PRC1/BIRC5/TTK/KIF4A/DLGAP5/KIF15/RCC1/STIL/CDCA8/PSRC1/SPC25/TACC3/CCNB1/TUBB8/KNSTRN/KIFC1/CHMP4C/MAP10/UHRF1/SKA3/CENPE/TUBG1/SASS6/NDC80/NAT9/KIF4B/CHEK2/SPAG5/FSD1/DCAF13/GPSM2/KIF23/SKA1/AUNIP/RACGAP1/INCENP/AURKA/PLK1/PLK5/CENPH/ASPM/WDR62/NUF2/KIF11/TBCE/NEK2",50
"GO:0022412","GO:0022412","cellular process involved in reproduction in multicellular organism","78/3260","331/18842",0.235649546827795,1.361996552555,3.03915371078646,0.00209734278053577,0.0489379982125013,0.0489379982125013,"DAZL/ADCY10/ADAM7/NPPC/GALNTL5/SOX30/STRA8/LYZL4/SOHLH2/SPESP1/MEIOC/ZPBP2/CATSPERQ/GARIN1B/TDRKH/EREG/TDRD1/DCST1/CATSPERB/HORMAD1/SERPINA5/CCNB1/ZAR1L/TUBB8/MOV10L1/NANOS1/ARMC12/ROPN1/RSPH6A/YBX2/SPATA46/TUBG1/CATSPERH/RBM46/SEMG1/PABPC1L/SLC26A6/PDCL2/DCAF13/DEFB1/REC114/AMH/DCST2/SPANXB1/TDRD5/CABYR/SPACDR/MEIOSIN/FSIP2/PFN4/SEPTIN14/MDK/SPATA16/PIWIL1/DSP/FOXL2/BRDT/ZP3/PAEP/NSUN2/PDE3A/CATSPER4/SRPK1/KNL1/TDRD12/DDX4/NOX5/FAM9B/CATSPERT/SOHLH1/SEPTIN12/SPACA3/C14orf39/TRIP13/KLC3/ADAM2/H2BC1/SPINK2",78
