"","ID","Description","GeneRatio","BgRatio","RichFactor","FoldEnrichment","zScore","pvalue","p.adjust","qvalue","geneID","Count"
"GO:0003341","GO:0003341","cilium movement","74/1675","264/18842",0.28030303030303,3.15311623699683,11.0047995684849,1.1086133117488e-19,5.67055708959512e-16,5.67055708959512e-16,"DNAI2/TMEM232/LRRC46/CLXN/HOATZ/RSPH9/CFAP206/CFAP276/ENKUR/DRC7/CFAP144/ODAD4/CFAP61/EPPIN/DRC2/CFAP77/ROPN1L/HYDIN/CATSPERD/GAS2L2/DNAH6/SPEF1/DNAAF6/TEKT3/NEK10/CFAP73/SPMIP6/DRC3/DNAI3/CFAP43/TTC29/ODAD3/DNAH12/CFAP65/CCDC181/TACR1/CFAP210/CFAP52/DRC1/CFAP53/DRC5/CFAP91/CFAP107/DRC11/DYDC1/SEPTIN4/RSPH1/DNAH9/ARMC3/CFAP90/EFHB/SPAG8/TUBA1A/DNAI4/RSPH14/CFAP46/SPMIP11/TEKT2/PACRG/SPAG6/AQP4/TEKT1/DNAI1/ODAD2/RSPH4A/DNAH10/CFAP161/CFAP58/CFAP47/TEKT4/SAXO4/AKAP4/DNAAF1/CFAP141",74
"GO:0008015","GO:0008015","blood circulation","103/1675","480/18842",0.214583333333333,2.41383830845771,9.80104873977731,1.53453022188674e-17,3.92456104247534e-14,3.92456104247534e-14,"FXYD1/SLC8A3/KCNIP1/ENG/CHRM2/CELF2/CPA3/PPARG/ADRA1D/PDE2A/ADRB1/AGER/SLC1A1/P2RX1/KLF2/APLN/GJA5/CARTPT/TNNI2/PRKG1/NPR1/ADRA1A/DES/ZEB2/MME/NPR3/JPH4/JPH2/CASQ2/RARRES2/OLR1/ATP1B2/P2RY1/KCNK3/SLC6A4/PECAM1/MYL3/KCNMB2/FFAR3/SLIT2/TBX5/CDH5/EMILIN2/CAV3/SCN4B/ATP1A2/ADRB2/CAV1/TEK/SCN3B/SGCG/ACVRL1/TACR1/GATA6/ACE/CMA1/KCNE1/KLK3/SCN7A/RAMP2/ANGPT1/CXCL12/SCN2B/SCNN1G/GAB1/LPA/CRH/TGFB2/AGTR1/KL/EDN1/SCN1A/TBX2/DOCK4/GPR4/AGTR2/KCNJ5/GJA1/BMPR2/PDE1C/SGK1/CTSG/GPER1/HSPB7/HBB/EDNRB/AKAP12/NOS1/SERPING1/TNNC1/KCNH6/KAT2B/AVPR2/ATP2B3/SH3GL2/FERMT2/SVEP1/SMAD7/KCNA5/CLDN5/PTPN1/EDN3/KCNJ8",103
"GO:0060294","GO:0060294","cilium movement involved in cell motility","63/1675","235/18842",0.268085106382979,3.01567735789139,9.71245336739222,6.34640485733542e-16,1.01035553848653e-12,1.01035553848653e-12,"TMEM232/LRRC46/CLXN/HOATZ/RSPH9/CFAP206/CFAP276/ENKUR/DRC7/CFAP144/ODAD4/CFAP61/EPPIN/DRC2/CFAP77/ROPN1L/CATSPERD/GAS2L2/DNAH6/DNAAF6/TEKT3/SPMIP6/DRC3/DNAI3/CFAP43/ODAD3/DNAH12/CFAP65/CCDC181/TACR1/CFAP210/CFAP52/DRC1/CFAP53/DRC5/CFAP107/DRC11/DYDC1/SEPTIN4/RSPH1/DNAH9/ARMC3/CFAP90/EFHB/SPAG8/TUBA1A/RSPH14/CFAP46/SPMIP11/TEKT2/PACRG/TEKT1/DNAI1/ODAD2/RSPH4A/DNAH10/CFAP161/CFAP58/CFAP47/TEKT4/SAXO4/AKAP4/CFAP141",63
"GO:0001539","GO:0001539","cilium or flagellum-dependent cell motility","63/1675","237/18842",0.265822784810127,2.99022860381636,9.63106860339685,9.87639822567473e-16,1.01035553848653e-12,1.01035553848653e-12,"TMEM232/LRRC46/CLXN/HOATZ/RSPH9/CFAP206/CFAP276/ENKUR/DRC7/CFAP144/ODAD4/CFAP61/EPPIN/DRC2/CFAP77/ROPN1L/CATSPERD/GAS2L2/DNAH6/DNAAF6/TEKT3/SPMIP6/DRC3/DNAI3/CFAP43/ODAD3/DNAH12/CFAP65/CCDC181/TACR1/CFAP210/CFAP52/DRC1/CFAP53/DRC5/CFAP107/DRC11/DYDC1/SEPTIN4/RSPH1/DNAH9/ARMC3/CFAP90/EFHB/SPAG8/TUBA1A/RSPH14/CFAP46/SPMIP11/TEKT2/PACRG/TEKT1/DNAI1/ODAD2/RSPH4A/DNAH10/CFAP161/CFAP58/CFAP47/TEKT4/SAXO4/AKAP4/CFAP141",63
"GO:0060285","GO:0060285","cilium-dependent cell motility","63/1675","237/18842",0.265822784810127,2.99022860381636,9.63106860339685,9.87639822567473e-16,1.01035553848653e-12,1.01035553848653e-12,"TMEM232/LRRC46/CLXN/HOATZ/RSPH9/CFAP206/CFAP276/ENKUR/DRC7/CFAP144/ODAD4/CFAP61/EPPIN/DRC2/CFAP77/ROPN1L/CATSPERD/GAS2L2/DNAH6/DNAAF6/TEKT3/SPMIP6/DRC3/DNAI3/CFAP43/ODAD3/DNAH12/CFAP65/CCDC181/TACR1/CFAP210/CFAP52/DRC1/CFAP53/DRC5/CFAP107/DRC11/DYDC1/SEPTIN4/RSPH1/DNAH9/ARMC3/CFAP90/EFHB/SPAG8/TUBA1A/RSPH14/CFAP46/SPMIP11/TEKT2/PACRG/TEKT1/DNAI1/ODAD2/RSPH4A/DNAH10/CFAP161/CFAP58/CFAP47/TEKT4/SAXO4/AKAP4/CFAP141",63
"GO:0006935","GO:0006935","chemotaxis","93/1675","443/18842",0.209932279909707,2.36151881675146,9.0581723166301,2.5166944798139e-15,1.8389846091783e-12,1.8389846091783e-12,"ROBO2/CCL16/PPBP/ENG/CMKLR1/SLIT3/CMTM2/PRKCQ/FPR1/CCN1/EGR3/NCKAP1L/S100A4/CMTM5/SEMA6A/SEMA3B/FLRT3/ECSCR/SEMA3G/PTN/ACKR4/COLEC10/APOA1/NRG1/SEMA6D/SEMA3D/RARRES2/NR4A1/NRG3/PDGFB/CCL24/JAM3/CCL14/CXCL16/PLA2G1B/SPN/SLIT2/NOVA2/CCL2/PPM1F/FGF10/DEFA4/CD300H/GAS6/CCRL2/CXCL3/DAPK2/C5AR1/PROK2/SEMA5A/ENPP2/DUSP1/ANGPT1/CXCR1/S1PR1/CXCL12/PTGDR2/SPI1/SFTPD/NOTCH1/CXCL2/CX3CR1/GAB1/BST1/TGFB2/AGTR1/EDN1/PTPRO/IL6/CX3CL1/DOCK4/NEDD9/CDH13/VEGFD/HBEGF/BMPR2/CTSG/S100A12/EDNRB/FGF2/NTRK3/ANOS1/JAML/PTAFR/CXCR2/ALOX5/IL34/CCL18/FPR2/P2RY12/PF4/CCL23/EDN3",93
"GO:0042330","GO:0042330","taxis","93/1675","443/18842",0.209932279909707,2.36151881675146,9.0581723166301,2.5166944798139e-15,1.8389846091783e-12,1.8389846091783e-12,"ROBO2/CCL16/PPBP/ENG/CMKLR1/SLIT3/CMTM2/PRKCQ/FPR1/CCN1/EGR3/NCKAP1L/S100A4/CMTM5/SEMA6A/SEMA3B/FLRT3/ECSCR/SEMA3G/PTN/ACKR4/COLEC10/APOA1/NRG1/SEMA6D/SEMA3D/RARRES2/NR4A1/NRG3/PDGFB/CCL24/JAM3/CCL14/CXCL16/PLA2G1B/SPN/SLIT2/NOVA2/CCL2/PPM1F/FGF10/DEFA4/CD300H/GAS6/CCRL2/CXCL3/DAPK2/C5AR1/PROK2/SEMA5A/ENPP2/DUSP1/ANGPT1/CXCR1/S1PR1/CXCL12/PTGDR2/SPI1/SFTPD/NOTCH1/CXCL2/CX3CR1/GAB1/BST1/TGFB2/AGTR1/EDN1/PTPRO/IL6/CX3CL1/DOCK4/NEDD9/CDH13/VEGFD/HBEGF/BMPR2/CTSG/S100A12/EDNRB/FGF2/NTRK3/ANOS1/JAML/PTAFR/CXCR2/ALOX5/IL34/CCL18/FPR2/P2RY12/PF4/CCL23/EDN3",93
"GO:0050878","GO:0050878","regulation of body fluid levels","76/1675","327/18842",0.232415902140673,2.61443607649824,9.19909383461659,3.37126808133219e-15,2.00339763352612e-12,2.00339763352612e-12,"AQP1/F2RL3/VTN/F10/PRKCQ/SERPINA10/GATA1/GNAQ/APLN/ANXA8/SLC22A4/CFTR/PRKG1/NPR1/PRICKLE1/CHRM1/APLNR/DGKK/NPR3/FCER1G/ANGPTL1/FBLN1/ERBB4/ANGPTL7/SCUBE1/ADCY4/P2RY1/PDGFB/SLC6A4/ADTRP/CPB2/MPIG6B/FLI1/SELP/PDPN/MYL9/MMRN1/FGF10/WFS1/EMILIN2/PRRG3/THBD/CAV1/ADCY9/HYAL2/ANGPT1/VIP/VWF/SCNN1G/INPP5K/F11/EDN1/F8/KRT1/IL6/TLR4/UBASH3B/PROS1/CTSG/FERMT3/HBB/EDNRB/ADCY8/AQP4/SERPING1/CELA2B/CD36/GP9/PEAR1/CDO1/AVPR2/P2RY12/ANGPT4/TUBB1/PF4/SVEP1",76
"GO:0009611","GO:0009611","response to wounding","100/1675","496/18842",0.201612903225806,2.26793452094367,8.93879848505249,3.52503982438613e-15,2.00339763352612e-12,2.00339763352612e-12,"F2RL3/DUOX1/KCNB1/VTN/AJAP1/TNFAIP3/ENG/F10/PRKCQ/SERPINA10/PPARG/AGER/ECRG4/TYROBP/GATA1/GNAQ/ANXA8/ANO5/SLC11A1/PRKG1/ARHGAP24/FLRT3/DGKK/FCER1G/NDNF/PTN/ANGPTL1/FBLN1/ALOX15/NRG1/SCARF1/ANGPTL7/SCUBE1/P2RY1/PDGFB/SLC6A4/ADTRP/CPB2/IL33/GATA2/MIR221/MPIG6B/LYVE1/SELP/PDPN/MYL9/MMRN1/PRKCE/FGF10/EMILIN2/WNT7A/MYOZ1/PRRG3/THBD/CAV1/ACVRL1/RIPOR1/ANGPT1/VWF/CX3CR1/NFKBIZ/TGFB2/F11/EDN1/PHLDB2/F8/AHNAK/KRT1/IL6/TLR4/CCN2/UBASH3B/HBEGF/ZFP36/PROS1/CTSG/FERMT3/HBB/FGF2/NTRK3/VASH1/SERPING1/CELA2B/JAML/MYLK/CD36/GP9/MIR222/ALOX5/DDR2/PEAR1/RTN4RL1/ODAM/P2RY12/ANGPT4/TUBB1/PF4/CD34/FERMT2/SVEP1",100
"GO:0030317","GO:0030317","flagellated sperm motility","56/1675","217/18842",0.258064516129032,2.9029561868079,8.80689244325627,1.51198489766057e-13,7.03072977412166e-11,7.03072977412166e-11,"TMEM232/LRRC46/CLXN/HOATZ/RSPH9/CFAP206/CFAP276/ENKUR/DRC7/CFAP144/ODAD4/CFAP61/EPPIN/DRC2/CFAP77/ROPN1L/CATSPERD/DNAAF6/TEKT3/SPMIP6/DRC3/CFAP43/ODAD3/DNAH12/CFAP65/CCDC181/TACR1/CFAP210/CFAP52/DRC1/CFAP53/DRC5/CFAP107/DRC11/DYDC1/SEPTIN4/RSPH1/ARMC3/CFAP90/EFHB/SPAG8/TUBA1A/RSPH14/SPMIP11/TEKT2/PACRG/TEKT1/DNAI1/ODAD2/CFAP161/CFAP58/CFAP47/TEKT4/SAXO4/AKAP4/CFAP141",56
"GO:0097722","GO:0097722","sperm motility","56/1675","217/18842",0.258064516129032,2.9029561868079,8.80689244325627,1.51198489766057e-13,7.03072977412166e-11,7.03072977412166e-11,"TMEM232/LRRC46/CLXN/HOATZ/RSPH9/CFAP206/CFAP276/ENKUR/DRC7/CFAP144/ODAD4/CFAP61/EPPIN/DRC2/CFAP77/ROPN1L/CATSPERD/DNAAF6/TEKT3/SPMIP6/DRC3/CFAP43/ODAD3/DNAH12/CFAP65/CCDC181/TACR1/CFAP210/CFAP52/DRC1/CFAP53/DRC5/CFAP107/DRC11/DYDC1/SEPTIN4/RSPH1/ARMC3/CFAP90/EFHB/SPAG8/TUBA1A/RSPH14/SPMIP11/TEKT2/PACRG/TEKT1/DNAI1/ODAD2/CFAP161/CFAP58/CFAP47/TEKT4/SAXO4/AKAP4/CFAP141",56
"GO:0042060","GO:0042060","wound healing","82/1675","394/18842",0.208121827411168,2.34115311766043,8.40357356687225,1.9054816807649e-13,8.12211566426039e-11,8.12211566426039e-11,"F2RL3/DUOX1/VTN/AJAP1/TNFAIP3/ENG/F10/PRKCQ/SERPINA10/PPARG/GATA1/GNAQ/ANXA8/ANO5/SLC11A1/PRKG1/ARHGAP24/DGKK/FCER1G/NDNF/ANGPTL1/FBLN1/ALOX15/NRG1/ANGPTL7/SCUBE1/P2RY1/PDGFB/SLC6A4/ADTRP/CPB2/GATA2/MIR221/MPIG6B/SELP/PDPN/MYL9/MMRN1/PRKCE/FGF10/EMILIN2/WNT7A/MYOZ1/PRRG3/THBD/CAV1/ACVRL1/ANGPT1/VWF/TGFB2/F11/EDN1/PHLDB2/F8/AHNAK/KRT1/IL6/TLR4/UBASH3B/HBEGF/PROS1/CTSG/FERMT3/HBB/FGF2/SERPING1/CELA2B/JAML/MYLK/CD36/GP9/ALOX5/DDR2/PEAR1/ODAM/P2RY12/ANGPT4/TUBB1/PF4/CD34/FERMT2/SVEP1",82
"GO:0070371","GO:0070371","ERK1 and ERK2 cascade","68/1675","300/18842",0.226666666666667,2.5497631840796,8.45200714547251,3.47675929334788e-13,1.36797106042111e-10,1.36797106042111e-10,"PLA2G5/KLF4/MIR126/GLIPR2/CCN1/FFAR4/AGER/ATF3/RRAS/PDE8B/NRXN1/ADRA1A/SEMA6A/MTURN/FBLN1/ERBB4/ALOX15/NRG1/FGFR4/DUSP26/NEK10/IL1A/P2RY1/NPY5R/PDGFB/MARCO/MIR221/FGF10/FGFR2/GAS6/IL1B/TEK/PTGER4/GPBAR1/C5AR1/RAMP3/DAB2IP/DUSP1/ANGPT1/DAB2/NOTCH1/FSHR/NDRG4/SIRPA/FLT4/NPNT/EDN1/TLR4/CX3CL1/CCN2/GPER1/ARRB1/ALKAL2/AKAP12/FGF2/BMPER/CD36/TNFAIP8L3/ICAM1/PLA2G2A/DDR2/BMP2/FPR2/IL13/FERMT2/SPRY4/SCIMP/PTPN1",68
"GO:0070372","GO:0070372","regulation of ERK1 and ERK2 cascade","65/1675","283/18842",0.229681978798587,2.58368229523759,8.38486684706579,6.10159568243875e-13,2.2292615654053e-10,2.2292615654053e-10,"PLA2G5/KLF4/MIR126/GLIPR2/CCN1/FFAR4/AGER/ATF3/RRAS/PDE8B/NRXN1/ADRA1A/SEMA6A/MTURN/FBLN1/ERBB4/ALOX15/NRG1/FGFR4/DUSP26/NEK10/IL1A/P2RY1/NPY5R/PDGFB/MARCO/MIR221/FGFR2/GAS6/IL1B/TEK/GPBAR1/C5AR1/RAMP3/DAB2IP/DUSP1/ANGPT1/DAB2/NOTCH1/FSHR/NDRG4/SIRPA/FLT4/NPNT/TLR4/CX3CL1/CCN2/GPER1/ARRB1/ALKAL2/AKAP12/FGF2/BMPER/CD36/TNFAIP8L3/ICAM1/PLA2G2A/DDR2/BMP2/FPR2/IL13/FERMT2/SPRY4/SCIMP/PTPN1",65
"GO:0050673","GO:0050673","epithelial cell proliferation","75/1675","356/18842",0.210674157303371,2.3698641623344,8.15066803998778,1.09455481618666e-12,3.7324319231965e-10,3.7324319231965e-10,"MCC/MIR126/TNFAIP3/ENG/CDKN1C/NUPR1/JCAD/PPARG/GDF2/EGR3/APLN/CARTPT/MMRN2/CLEC12B/APLNR/ZEB2/TIE1/PTPRM/PTN/ERBB4/NR4A1/TNFSF12/PDGFB/CCL24/GATA2/KLF9/CCL2/FGF10/FGFR2/WNT7A/CDKN2B/CAV1/PPP1R16B/TEK/BTK/ACVRL1/TACR1/GPBAR1/C5AR1/PROK2/GATA6/CAV2/SEMA5A/EPGN/DAB2IP/DAB2/CXCL12/KRT4/NFKBIZ/TGFB2/AGTR1/FLT4/NR4A3/IL6/TBX2/CDH13/TGM1/IHH/ATOH8/RGCC/ZFP36/BMPR2/JUND/COL4A3/EDNRB/FGF2/VASH1/BMPER/JAML/MIR222/ALOX5/TGFBR3/ODAM/CLDN18/CD34",75
"GO:0003018","GO:0003018","vascular process in circulatory system","60/1675","255/18842",0.235294117647059,2.64681299385426,8.27031217044529,1.58882533145278e-12,5.07927598148812e-10,5.07927598148812e-10,"ADRA1D/PDE2A/ADRB1/AGER/SLC1A1/SLC22A8/KLF2/GJA5/PRKG1/NPR1/ADRA1A/ZEB2/FLVCR2/ATP1B2/P2RY1/TFRC/SLC6A4/PECAM1/KCNMB2/SLIT2/SLC2A3/LEPR/CDH5/SLC15A2/ATP1A2/ABCB1/ADRB2/CAV1/TEK/TACR1/ACE/FABP5/RAMP2/ANGPT1/GAB1/MFSD2A/AGTR1/SLC6A13/EDN1/SLCO2B1/SLC19A1/DOCK4/GPR4/AGTR2/BMPR2/GPER1/HBB/EDNRB/AKAP12/NOS1/CD36/KAT2B/AVPR2/ABCG2/SH3GL2/FERMT2/SVEP1/CLDN5/EDN3/KCNJ8",60
"GO:0043410","GO:0043410","positive regulation of MAPK cascade","84/1675","428/18842",0.196261682242991,2.20773887571488,7.8946528562002,2.71327095729398e-12,8.16375349797572e-10,8.16375349797572e-10,"PLA2G5/MIR126/GLIPR2/JCAD/MYOC/ADRA1D/NKD1/FFAR4/ADRB1/AGER/NTRK2/CARTPT/PDE8B/NRXN1/ADRA1A/LILRA5/MTURN/ERBB4/ALOX15/NRG1/FGFR4/NEK10/GADD45B/GHR/IL1A/P2RY1/NPY5R/PDGFB/MARCO/LRRK2/PECAM1/PLA2G1B/FGF10/RASSF2/FGFR2/SASH1/GAS6/WNT7A/ADRB2/IL1B/TEK/GPBAR1/C5AR1/CAV2/EPGN/RAMP3/DAB2IP/ANGPT1/SPI1/RASGRF1/NOTCH1/FSHR/NDRG4/TGFB2/FLT4/NPNT/EDN1/IL6/CX3CL1/CCN2/LAPTM5/S100A12/GPER1/ARRB1/ALKAL2/AKAP12/FGF2/NTRK3/BMPER/CD36/TNFAIP8L3/ICAM1/PLA2G2A/DDR2/IL34/BMP2/FPR2/IL13/IL27/FERMT2/SCIMP/PTPN1/EDN3/PIK3R5",84
"GO:0032970","GO:0032970","regulation of actin filament-based process","77/1675","380/18842",0.202631578947368,2.27939355852317,7.86989180434878,4.30251502304391e-12,1.22263135238164e-09,1.22263135238164e-09,"ARHGAP44/GMFG/ARHGAP6/SHANK3/ARHGEF15/TMOD1/MYOC/GPR65/CYRIA/PEAK3/SPTBN1/NCKAP1L/GJA5/CORO2B/PREX1/ZEB2/ARHGAP18/ACTN2/ALOX15/APOA1/HCK/CFL2/ARHGEF26/CCL24/DNAI3/ARAP3/SLIT2/PDPN/PPM1F/PRKCE/CAV3/FAM107A/ATP1A2/MYADM/DIXDC1/ADRB2/CAV1/RDX/TACR1/PTGER4/SYNPO2L/LMOD3/KANK2/SEMA5A/ESAM/DLC1/S1PR1/CXCL12/XIRP2/KANK4/BST1/SYNPO/INPP5K/TGFB2/SYNPO2/GPM6B/EDN1/PHLDB2/CX3CL1/MYLK3/CCN2/KANK3/NEDD9/LMOD1/RND1/SORBS3/RGCC/PLEKHH2/CSF3/CGNL1/ARAP2/TNNC1/LIMCH1/WASF3/ODAM/FERMT2/PIK3R1",77
"GO:0002274","GO:0002274","myeloid leukocyte activation","54/1675","222/18842",0.243243243243243,2.73623235175474,8.12843000107533,5.19133640908741e-12,1.32768428662411e-09,1.32768428662411e-09,"TGFBR2/SNCA/LDLR/RAB44/CD93/PTGDS/CLEC4D/AGER/TYROBP/GATA1/GNAQ/PREX1/CD300LF/SLC11A1/VSIG4/FCER1G/FGR/LAT2/CLEC12A/TSLP/LRRK2/DNASE1L3/PLA2G3/IL33/GATA2/CD33/IL1B/BTK/FCAR/C5AR1/HYAL2/CXCR1/SPI1/FCGR3A/IL1RL1/CX3CR1/NFKBIZ/ANXA3/NR4A3/IL6/TLR4/CX3CL1/DCSTAMP/CTSG/S100A12/JUND/VAMP2/CXCR2/PLA2G2A/FPR2/IL13/C1QA/LILRA2/CAMP",54
"GO:0007599","GO:0007599","hemostasis","54/1675","222/18842",0.243243243243243,2.73623235175474,8.12843000107533,5.19133640908741e-12,1.32768428662411e-09,1.32768428662411e-09,"F2RL3/VTN/F10/PRKCQ/SERPINA10/GATA1/GNAQ/ANXA8/PRKG1/DGKK/FCER1G/ANGPTL1/FBLN1/ANGPTL7/SCUBE1/P2RY1/PDGFB/SLC6A4/ADTRP/CPB2/MPIG6B/FLI1/SELP/PDPN/MYL9/MMRN1/EMILIN2/PRRG3/THBD/CAV1/ANGPT1/VWF/F11/EDN1/F8/KRT1/IL6/TLR4/UBASH3B/PROS1/CTSG/FERMT3/HBB/SERPING1/CELA2B/CD36/GP9/PEAR1/AVPR2/P2RY12/ANGPT4/TUBB1/PF4/SVEP1",54
"GO:0035082","GO:0035082","axoneme assembly","32/1675","93/18842",0.344086021505376,3.87060824907719,8.66839165082141,6.95948072026497e-12,1.69513066115025e-09,1.69513066115025e-09,"DNAI2/CLXN/HOATZ/RSPH9/CFAP206/DRC7/CFAP74/ODAD4/DRC2/HYDIN/SPEF1/DNAAF6/CFAP73/DNAI3/CFAP43/RP1/ODAD3/DNAH12/CFAP65/DAW1/DRC1/ZMYND10/CFAP91/RSPH1/DNAI4/CFAP46/DNAI1/ODAD2/RSPH4A/CFAP58/CFAP47/DNAAF1",32
"GO:0032956","GO:0032956","regulation of actin cytoskeleton organization","70/1675","334/18842",0.209580838323353,2.35756546608276,7.81927426877779,8.06030102753428e-12,1.87401998890172e-09,1.87401998890172e-09,"ARHGAP44/GMFG/ARHGAP6/SHANK3/ARHGEF15/TMOD1/MYOC/GPR65/CYRIA/PEAK3/SPTBN1/NCKAP1L/CORO2B/PREX1/ARHGAP18/ACTN2/ALOX15/APOA1/HCK/CFL2/ARHGEF26/CCL24/DNAI3/ARAP3/SLIT2/PPM1F/PRKCE/CAV3/FAM107A/MYADM/DIXDC1/RDX/TACR1/PTGER4/SYNPO2L/LMOD3/KANK2/SEMA5A/ESAM/DLC1/S1PR1/CXCL12/XIRP2/KANK4/BST1/SYNPO/INPP5K/TGFB2/SYNPO2/GPM6B/EDN1/PHLDB2/CX3CL1/MYLK3/CCN2/KANK3/NEDD9/LMOD1/RND1/SORBS3/RGCC/PLEKHH2/CSF3/CGNL1/ARAP2/LIMCH1/WASF3/ODAM/FERMT2/PIK3R1",70
"GO:0003012","GO:0003012","muscle system process","89/1675","477/18842",0.186582809224319,2.09886166651022,7.59309657272389,1.09821745540149e-11,2.37195477848162e-09,2.37195477848162e-09,"FXYD1/SLC8A3/MYH2/KLF4/MYOCD/KCNIP1/CHRM2/TMOD1/MYOC/CACNG1/PPARG/KBTBD13/GJA5/CARTPT/TRPC3/TNNI2/P2RX6/PRKG1/ADRA1A/APLNR/GATA5/DES/UTRN/NPR3/NMUR2/CRYAB/CACNB4/STAC3/TNNT3/JPH4/JPH2/MYH11/CASQ2/MYL1/P2RY1/PDGFB/APBB1/MYL3/MYL9/NMUR1/CAV3/SCN4B/CNN1/ATP1A2/MYOZ1/ADRB2/CAV1/IL1B/MYH1/ADGRD1/SCN3B/TACR1/PROK2/LMOD3/KCNE1/SCN7A/SCN2B/NOTCH1/KCNA1/NPNT/EDN1/SCN1A/NR4A3/KLHL41/DOCK4/KLF15/CACNA2D2/LMOD1/KCNJ5/PVALB/GJA1/CA3/GPER1/ARRB1/JUND/EDNRB/SGCA/NOS1/TNNC1/MYLK/CACNA1S/SYNM/MYOM2/SMAD7/KCNA5/LMCD1/STAC/EDN3/KCNJ8",89
"GO:0045229","GO:0045229","external encapsulating structure organization","62/1675","280/18842",0.221428571428571,2.49084008528785,7.85072689693132,1.1129406585251e-11,2.37195477848162e-09,2.37195477848162e-09,"MATN3/ENG/COL13A1/ADAMTS8/ADAMTSL1/COL6A6/PPARG/PRDM5/COL4A4/COLEC12/SPOCK2/ADAMTSL3/HAS1/PRICKLE1/VIT/MFAP4/TIE1/MMP27/NDNF/ADAMTS1/TLL1/ECM2/FBLN1/ADAMTS15/ANGPTL7/FGFR4/HPSE2/MYH11/LTBP4/MARCO/ADTRP/PDPN/GAS6/ADAMTSL4/COL6A5/SLC39A8/CMA1/COLGALT2/NTN4/DPT/RAMP2/NOTCH1/TPSAB1/MMP19/TGFB2/GPM6B/NPNT/PHLDB2/TNXB/IL6/TGM1/RGCC/CTSG/COL4A3/ADAMTS4/FBLN5/THSD4/TGFBR3/DDR2/BMP2/RECK/TIMP3",62
"GO:0070374","GO:0070374","positive regulation of ERK1 and ERK2 cascade","48/1675","189/18842",0.253968253968254,2.85687751717602,8.01404896776135,1.52658520758113e-11,3.123393334711e-09,3.123393334711e-09,"PLA2G5/MIR126/GLIPR2/FFAR4/AGER/PDE8B/NRXN1/ADRA1A/MTURN/ERBB4/ALOX15/NRG1/FGFR4/P2RY1/NPY5R/PDGFB/MARCO/FGFR2/GAS6/IL1B/TEK/GPBAR1/C5AR1/RAMP3/ANGPT1/NOTCH1/FSHR/NDRG4/FLT4/NPNT/CX3CL1/CCN2/GPER1/ARRB1/ALKAL2/AKAP12/FGF2/BMPER/CD36/TNFAIP8L3/ICAM1/PLA2G2A/DDR2/BMP2/FPR2/IL13/FERMT2/SCIMP",48
"GO:0031032","GO:0031032","actomyosin structure organization","49/1675","196/18842",0.25,2.81223880597015,7.96641264846725,1.73642067190178e-11,3.41607374491447e-09,3.41607374491447e-09,"ARHGAP6/ANKRD1/ARHGEF15/TMOD1/MYOC/EPB41L2/GPR65/FHDC1/SORBS1/ZEB2/ACTN2/PDLIM1/TNNT3/APOA1/MYH11/PHACTR1/MYL9/PPM1F/CAV3/CNN1/MYOZ1/NEBL/TACR1/PTGER4/SYNPO2L/LMOD3/DLC1/CAPN3/S1PR1/SYNPO/INPP5K/EDN1/PHLDB2/KLHL41/MYLK3/CCN2/LMOD1/SORBS3/RGCC/FRMD3/ARRB1/CGNL1/PGM5/LIMCH1/MYOM2/EPB41L3/FERMT2/MYH10/PIK3R1",49
"GO:0007596","GO:0007596","blood coagulation","52/1675","216/18842",0.240740740740741,2.70808181315644,7.88656562922381,1.94750082074025e-11,3.68943211040236e-09,3.68943211040236e-09,"F2RL3/VTN/F10/PRKCQ/SERPINA10/GATA1/GNAQ/ANXA8/PRKG1/DGKK/FCER1G/ANGPTL1/FBLN1/ANGPTL7/SCUBE1/P2RY1/PDGFB/SLC6A4/ADTRP/CPB2/MPIG6B/SELP/PDPN/MYL9/MMRN1/EMILIN2/PRRG3/THBD/CAV1/ANGPT1/VWF/F11/EDN1/F8/KRT1/IL6/TLR4/UBASH3B/PROS1/CTSG/FERMT3/HBB/SERPING1/CELA2B/CD36/GP9/PEAR1/P2RY12/ANGPT4/TUBB1/PF4/SVEP1",52
"GO:0007507","GO:0007507","heart development","83/1675","438/18842",0.189497716894977,2.1316513323792,7.48524050351879,2.43358829658157e-11,4.30254829421413e-09,4.30254829421413e-09,"TGFBR2/CFC1B/ROBO2/MYOCD/ENG/ANKRD1/SLIT3/TBX3/ACACB/SOX17/FOXF1/PDE2A/SMAD6/APLN/GJA5/NPY2R/WNT3A/RBP4/PRICKLE1/APLNR/GATA5/FLRT3/TIE1/CITED2/ACTN2/PDLIM1/ERBB4/NRG1/LDB3/JPH2/MYH11/SCUBE1/NPY5R/CCM2L/PDGFB/NFATC1/HEG1/DIPK2A/MYL3/SLIT2/TBX5/RBM24/CAV3/FGFR2/SOX18/HEY1/NEBL/TEK/DAW1/SGCG/ACVRL1/SYNPO2L/GATA6/PDLIM2/RAMP2/DLC1/S1PR1/NOTCH1/NDRG4/TGFB2/EDN1/TBX2/MYLK3/WNT11/IHH/GJA1/BMPR2/CFC1/GPER1/HSPB7/GPC3/FGF2/NTRK3/EMP2/TNNC1/MIR222/TGFBR3/KAT2B/BMP2/DNAAF1/DCHS1/SMAD7/CLDN5",83
"GO:0030198","GO:0030198","extracellular matrix organization","61/1675","278/18842",0.219424460431655,2.46829593041984,7.70393110080006,2.43937244442248e-11,4.30254829421413e-09,4.30254829421413e-09,"MATN3/ENG/COL13A1/ADAMTS8/ADAMTSL1/COL6A6/PPARG/PRDM5/COL4A4/COLEC12/SPOCK2/ADAMTSL3/HAS1/PRICKLE1/VIT/MFAP4/TIE1/MMP27/NDNF/ADAMTS1/TLL1/ECM2/FBLN1/ADAMTS15/ANGPTL7/FGFR4/HPSE2/MYH11/LTBP4/MARCO/ADTRP/PDPN/GAS6/ADAMTSL4/COL6A5/SLC39A8/CMA1/COLGALT2/NTN4/DPT/RAMP2/NOTCH1/TPSAB1/MMP19/TGFB2/GPM6B/NPNT/PHLDB2/TNXB/IL6/RGCC/CTSG/COL4A3/ADAMTS4/FBLN5/THSD4/TGFBR3/DDR2/BMP2/RECK/TIMP3",61
"GO:0072001","GO:0072001","renal system development","54/1675","231/18842",0.233766233766234,2.62962589649157,7.7843298404469,2.69597344414392e-11,4.59663472226539e-09,4.59663472226539e-09,"AQP1/CYP26B1/ROBO2/MYOCD/PLCE1/EGR1/SOX17/FOXF1/PCSK9/COL4A4/SMAD6/RBP4/PRICKLE1/MME/ALDH1A2/TCF21/PODXL/IRX1/PDGFB/CAT/LRRK2/PECAM1/SLIT2/FGF10/WFS1/FGFR2/TEK/ITGA8/ACE/ZBTB16/KANK2/HYAL2/ANGPT1/NOTCH1/GFRA1/TGFB2/AGTR1/NPNT/EDN1/PTPRO/ID3/ARL13B/KLF15/WNT11/AGTR2/COL4A3/GPC3/FGF2/SLC22A6/BMPER/BMP2/CD34/SMAD7/KCNJ8",54
"GO:0043062","GO:0043062","extracellular structure organization","61/1675","279/18842",0.218637992831541,2.45944899160113,7.67147929088236,2.85700231154017e-11,4.71405381404129e-09,4.71405381404129e-09,"MATN3/ENG/COL13A1/ADAMTS8/ADAMTSL1/COL6A6/PPARG/PRDM5/COL4A4/COLEC12/SPOCK2/ADAMTSL3/HAS1/PRICKLE1/VIT/MFAP4/TIE1/MMP27/NDNF/ADAMTS1/TLL1/ECM2/FBLN1/ADAMTS15/ANGPTL7/FGFR4/HPSE2/MYH11/LTBP4/MARCO/ADTRP/PDPN/GAS6/ADAMTSL4/COL6A5/SLC39A8/CMA1/COLGALT2/NTN4/DPT/RAMP2/NOTCH1/TPSAB1/MMP19/TGFB2/GPM6B/NPNT/PHLDB2/TNXB/IL6/RGCC/CTSG/COL4A3/ADAMTS4/FBLN5/THSD4/TGFBR3/DDR2/BMP2/RECK/TIMP3",61
"GO:0050817","GO:0050817","coagulation","52/1675","220/18842",0.236363636363636,2.65884396200814,7.7306478847909,4.0517508042614e-11,6.47647042618658e-09,6.47647042618658e-09,"F2RL3/VTN/F10/PRKCQ/SERPINA10/GATA1/GNAQ/ANXA8/PRKG1/DGKK/FCER1G/ANGPTL1/FBLN1/ANGPTL7/SCUBE1/P2RY1/PDGFB/SLC6A4/ADTRP/CPB2/MPIG6B/SELP/PDPN/MYL9/MMRN1/EMILIN2/PRRG3/THBD/CAV1/ANGPT1/VWF/F11/EDN1/F8/KRT1/IL6/TLR4/UBASH3B/PROS1/CTSG/FERMT3/HBB/SERPING1/CELA2B/CD36/GP9/PEAR1/P2RY12/ANGPT4/TUBB1/PF4/SVEP1",52
"GO:1901342","GO:1901342","regulation of vasculature development","72/1675","362/18842",0.198895027624309,2.23736125999835,7.42526561038287,5.29468192815449e-11,8.20675698863946e-09,8.20675698863946e-09,"AQP1/KLF4/HSPB6/MIR126/TNFAIP3/JCAD/C6/PPARG/TSPAN12/GDF2/RRAS/HYAL1/KLF2/QKI/CCBE1/HOXA5/CLIC3/NPR1/SEMA6A/APLNR/ECSCR/TIE1/PTPRM/ADAMTS1/ANGPTL7/IL1A/TNFSF12/CCL24/PTGIS/GATA2/MIR221/CDH5/EMILIN2/SASH1/PPP1R16B/IL1B/ETS1/TEK/C5AR1/GATA6/DCN/SEMA5A/CMA1/KLK3/DAB2IP/RAMP2/CXCL12/GAB1/TSPAN18/TGFB2/CYBB/ANXA3/KRT1/IL6/RHOJ/RGCC/COL4A3/ADGRB3/FGF2/VASH1/EMP2/BMPER/FBLN5/CD36/MIR222/ALOX5/RECK/ANGPT4/PF4/CD34/CLDN5/CAMP",72
"GO:0001578","GO:0001578","microtubule bundle formation","36/1675","122/18842",0.295081967213115,3.31936383655493,8.02801271029767,5.54749824966949e-11,8.34572163148807e-09,8.34572163148807e-09,"DNAI2/CLXN/HOATZ/RSPH9/CFAP206/DRC7/CFAP74/NCKAP5/ODAD4/TPPP/DRC2/HYDIN/GAS2L2/SPEF1/DNAAF6/CFAP73/DNAI3/CFAP43/RP1/ODAD3/DNAH12/CFAP65/DAW1/DRC1/ZMYND10/CFAP91/RSPH1/DNAI4/TPPP3/CFAP46/DNAI1/ODAD2/RSPH4A/CFAP58/CFAP47/DNAAF1",36
"GO:0050678","GO:0050678","regulation of epithelial cell proliferation","65/1675","312/18842",0.208333333333333,2.34353233830846,7.4748053617658,5.89774911339248e-11,8.61913906142929e-09,8.61913906142929e-09,"MCC/MIR126/TNFAIP3/ENG/CDKN1C/NUPR1/JCAD/PPARG/GDF2/EGR3/APLN/CARTPT/MMRN2/APLNR/TIE1/PTPRM/PTN/ERBB4/NR4A1/TNFSF12/PDGFB/CCL24/GATA2/KLF9/CCL2/FGF10/FGFR2/WNT7A/CDKN2B/CAV1/PPP1R16B/TEK/BTK/ACVRL1/TACR1/GPBAR1/C5AR1/GATA6/CAV2/SEMA5A/EPGN/DAB2IP/DAB2/CXCL12/KRT4/TGFB2/AGTR1/FLT4/NR4A3/CDH13/TGM1/IHH/ATOH8/RGCC/ZFP36/JUND/COL4A3/EDNRB/FGF2/VASH1/JAML/MIR222/ALOX5/TGFBR3/ODAM",65
"GO:0003007","GO:0003007","heart morphogenesis","47/1675","191/18842",0.246073298429319,2.76806751582402,7.67143561685489,8.05158114030573e-11,1.14399548701844e-08,1.14399548701844e-08,"TGFBR2/ROBO2/ENG/ANKRD1/SLIT3/TBX3/SOX17/FOXF1/SMAD6/GJA5/NPY2R/RBP4/PRICKLE1/APLNR/GATA5/CITED2/NRG1/NPY5R/CCM2L/MYL3/SLIT2/TBX5/FGFR2/SOX18/HEY1/TEK/ACVRL1/SYNPO2L/GATA6/DLC1/S1PR1/NOTCH1/NDRG4/TGFB2/EDN1/TBX2/WNT11/IHH/BMPR2/EMP2/TNNC1/TGFBR3/BMP2/DNAAF1/DCHS1/SMAD7/CLDN5",47
"GO:0045765","GO:0045765","regulation of angiogenesis","70/1675","352/18842",0.198863636363636,2.23700814111262,7.31791921608707,9.88827042979413e-11,1.366986574281e-08,1.366986574281e-08,"AQP1/KLF4/HSPB6/MIR126/TNFAIP3/JCAD/C6/PPARG/TSPAN12/GDF2/RRAS/HYAL1/KLF2/QKI/CCBE1/HOXA5/CLIC3/NPR1/SEMA6A/APLNR/ECSCR/TIE1/PTPRM/ADAMTS1/IL1A/TNFSF12/CCL24/PTGIS/GATA2/MIR221/CDH5/EMILIN2/SASH1/PPP1R16B/IL1B/ETS1/TEK/C5AR1/GATA6/DCN/SEMA5A/CMA1/KLK3/DAB2IP/RAMP2/GAB1/TSPAN18/TGFB2/CYBB/ANXA3/KRT1/IL6/RHOJ/RGCC/COL4A3/ADGRB3/FGF2/VASH1/EMP2/BMPER/FBLN5/CD36/MIR222/ALOX5/RECK/ANGPT4/PF4/CD34/CLDN5/CAMP",70
"GO:0031589","GO:0031589","cell-substrate adhesion","67/1675","333/18842",0.201201201201201,2.2633033033033,7.26524806870718,1.47474743188631e-10,1.98508766160486e-08,1.98508766160486e-08,"ARHGAP6/VTN/AJAP1/COL13A1/CASS4/MYOC/THSD1/ITGAL/LPXN/PLPP3/RRAS/SMAD6/SPOCK2/CORO2B/RADIL/VIT/SORBS1/UTRN/NDNF/ACTN2/ECM2/FBLN1/ALOX15/FREM2/APOA1/FRAS1/ATP1B2/PDGFB/LYVE1/PDPN/PPM1F/FAM107A/MYADM/TEK/ACVRL1/FREM3/ITGA8/SIGLEC1/NTN4/DLC1/DAB2/VWF/NOTCH1/BST1/GPM6B/NPNT/PTPRO/PHLDB2/CX3CL1/NEDD9/CDH13/FZD4/PEAK1/SORBS3/FERMT3/EMP2/LIMCH1/FBLN5/CD36/LAMC3/ITGA10/CD34/FERMT2/SVEP1/SPRY4/PIK3R1/PTPN1",67
"GO:0050900","GO:0050900","leukocyte migration","69/1675","352/18842",0.196022727272727,2.20505088195387,7.12886577891166,2.59966991121999e-10,3.40956707586929e-08,3.40956707586929e-08,"DOCK8/GCSAML/CCL16/PPBP/CMKLR1/CD69/ICAM2/ITGAL/AGER/NCKAP1L/SELPLG/PTN/JAM2/HCK/RARRES2/PDGFB/CCL24/ADTRP/JAM3/IL33/PECAM1/CXCL16/LYVE1/PLA2G1B/SPN/SELP/SLIT2/SELE/CCL2/DEFA4/CD300H/GAS6/CXCL3/TACR1/DAPK2/PTGER4/C5AR1/DUSP1/CXCR1/S1PR1/CXCL12/SPI1/SFTPD/CX3CR1/BST1/SIRPA/TGFB2/EDN1/PTPRO/IL6/CX3CL1/NEDD9/CRTAM/VEGFD/CTSG/S100A12/EDNRB/EMP2/JAML/CXCR2/ALOX5/ICAM1/IL34/FPR2/P2RY12/PF4/CD34/CCL23/EDN3",69
"GO:0034329","GO:0034329","cell junction assembly","87/1675","490/18842",0.177551020408163,1.99726347852574,6.98680192720227,2.68343459702218e-10,3.43144199094212e-08,3.43144199094212e-08,"MUSK/SNCA/ROBO2/ARHGAP6/GPM6A/CLDN19/SHANK3/ARHGEF15/MYOC/THSD1/SRGAP2C/MDGA1/LRRC4/GDF2/LIN7A/SPOCK2/GJA5/CORO2B/NRXN1/WNT3A/LRRC4B/PRICKLE1/APLNR/SORBS1/FLRT3/ACTN2/GABRG1/ERBB4/NEGR1/NRG3/JAM3/LSAMP/PECAM1/CRTAC1/TBX5/PPM1F/PCDH17/CDH5/CCDC141/FAM107A/WNT7A/CAV1/SDC2/IL1B/TEK/ACVRL1/GPBAR1/ACE/ESAM/CDHR3/RAMP2/DLC1/ADGRL3/BDNF/GPM6B/PTPRO/PHLDB2/PRKCH/PCDHB4/NTM/DOCK4/SLITRK3/CDH13/PEAK1/GJA1/LRRTM4/LIM2/NTRK3/CDH10/GJA4/ADGRL2/PTPRD/LIMCH1/GABRA4/CLDN11/RTN4RL1/EPB41L3/CDH19/CLDN18/GRIA1/SLITRK2/AMIGO1/FERMT2/SMAD7/CBLN4/CLDN5/PTPN1",87
"GO:0032496","GO:0032496","response to lipopolysaccharide","61/1675","302/18842",0.201986754966887,2.27213996243946,6.96138541550571,8.34506234803655e-10,1.04109741244407e-07,1.04109741244407e-07,"KMO/SNCA/PLSCR4/TNFAIP3/PPBP/ANKRD1/SLPI/GATA1/SMAD6/SCGB1A1/IL18R1/SLC22A4/SLC11A1/CSF2RB/HCK/LY86/VIM/NR4A1/IL1A/SELP/SELE/CCL2/PRKCE/FGF10/FOS/FGFR2/SASH1/CARD16/IL1B/BTK/FCAR/CD68/ALPL/DAB2IP/SPI1/NOTCH1/CX3CR1/NFKBIZ/SIRPA/EDN1/IL6/TLR4/CX3CL1/ARID5A/PENK/ZFP36/CTSG/JUND/PDCD1LG2/EDNRB/CSF3/AKAP12/NOS1/PTAFR/CD36/CYP1A1/IL13/PF4/LILRA2/SCIMP/CAMP",61
"GO:0001822","GO:0001822","kidney development","50/1675","225/18842",0.222222222222222,2.49976782752902,7.06923826566059,9.57038690894967e-10,1.16553640569708e-07,1.16553640569708e-07,"AQP1/CYP26B1/ROBO2/PLCE1/EGR1/SOX17/PCSK9/COL4A4/SMAD6/MME/ALDH1A2/TCF21/PODXL/IRX1/PDGFB/CAT/LRRK2/PECAM1/SLIT2/FGF10/WFS1/FGFR2/TEK/ITGA8/ACE/ZBTB16/KANK2/HYAL2/ANGPT1/NOTCH1/GFRA1/TGFB2/AGTR1/NPNT/EDN1/PTPRO/ID3/ARL13B/KLF15/WNT11/AGTR2/COL4A3/GPC3/FGF2/SLC22A6/BMPER/BMP2/CD34/SMAD7/KCNJ8",50
"GO:0007018","GO:0007018","microtubule-based movement","86/1675","496/18842",0.173387096774194,1.95042368801156,6.70038214294595,1.14228819877084e-09,1.35879165970066e-07,1.35879165970066e-07,"DNAI2/TMEM232/LRRC46/CLXN/HOATZ/RSPH9/CFAP206/FEZ1/CFAP276/TRIM58/ENKUR/DRC7/CFAP144/ODAD4/CFAP61/STARD9/EPPIN/DRC2/CFAP77/ROPN1L/KIF1C/HYDIN/CATSPERD/GAS2L2/DNAH6/SPEF1/DNAAF6/TEKT3/NEK10/CFAP73/KIF6/SPMIP6/DRC3/DNAI3/CFAP43/ARMCX1/TTC29/DYNLT5/ODAD3/DNAH12/CFAP65/DAW1/CCDC181/TACR1/CFAP210/CFAP52/DRC1/CFAP53/DRC5/CFAP91/CFAP107/DRC11/DYDC1/SEPTIN4/RSPH1/DNAH9/ARMC3/CFAP90/EFHB/SPAG8/TUBA1A/DNAI4/RSPH14/ARRB1/CFAP46/SPMIP11/TEKT2/PACRG/SPAG6/DYNLRB2/AQP4/TEKT1/DNAI1/ODAD2/KIF17/RSPH4A/DNAH10/CFAP161/CFAP58/DYNLT4/CFAP47/TEKT4/SAXO4/AKAP4/DNAAF1/CFAP141",86
"GO:0043270","GO:0043270","positive regulation of monoatomic ion transport","42/1675","174/18842",0.241379310344828,2.71526505404014,7.10017649608959,1.51568309386847e-09,1.76198159662209e-07,1.76198159662209e-07,"FXYD1/F2RL3/SNCA/P2RX2/P2RX7/P2RX1/TRPC3/CHRM1/APLNR/LILRA5/FHL1/PPP3R2/ACTN2/STAC3/FXYD6/ATP1B2/PDGFB/SLC6A4/PLA2G1B/CCL2/AKAP7/WFS1/SCN4B/CAV1/SCN3B/KCNE1/CAPN3/CXCL12/SCN2B/CRH/EDN1/CX3CL1/CAMK2A/TRPV2/ADCYAP1R1/GPER1/NOS1/MYLK/IL13/LILRA2/AMIGO1/STAC",42
"GO:0050727","GO:0050727","regulation of inflammatory response","77/1675","429/18842",0.17948717948718,2.0190432453119,6.66916037353785,1.74316876244458e-09,1.94779942867993e-07,1.94779942867993e-07,"KLF4/SNCA/LDLR/MAP3K8/MIR126/TNFAIP3/CMKLR1/NUPR1/NR5A2/CD69/PPARG/PDE2A/FFAR4/AGER/TNFAIP8L2/HLA-E/IL18R1/CASP12/LPL/LILRA5/NFKBIA/FGR/ALOX15/APOA1/HCK/CLEC12A/TSLP/MEFV/RARRES2/IL1A/NPY5R/CCL24/NFATC1/LRRK2/DNASE1L3/PLA2G3/PTGIS/IL33/MIR221/FFAR3/SELE/CDH5/BCL6B/IL20/LPCAT3/IL1B/ETS1/TEK/BTK/PTGER4/SLC39A8/CMA1/NCF1/HYAL2/IL1RL1/BST1/NFKBIZ/SIRPA/AGTR1/CASP5/CAMK2N1/NR4A3/IL6/TLR4/CX3CL1/GPR4/NKG7/S100A12/GPER1/EDNRB/NLRP14/MIR222/ALOX5/PLA2G2A/FPR2/IL13/NLRC4",77
"GO:0006936","GO:0006936","muscle contraction","70/1675","375/18842",0.186666666666667,2.09980497512438,6.71962931556637,1.75168668072877e-09,1.94779942867993e-07,1.94779942867993e-07,"FXYD1/SLC8A3/MYH2/MYOCD/KCNIP1/CHRM2/TMOD1/CACNG1/KBTBD13/GJA5/TNNI2/P2RX6/PRKG1/ADRA1A/DES/UTRN/NMUR2/CRYAB/CACNB4/STAC3/TNNT3/JPH4/JPH2/MYH11/CASQ2/MYL1/APBB1/MYL3/MYL9/NMUR1/CAV3/SCN4B/CNN1/ATP1A2/ADRB2/CAV1/MYH1/ADGRD1/SCN3B/TACR1/PROK2/LMOD3/KCNE1/SCN7A/SCN2B/KCNA1/NPNT/EDN1/SCN1A/KLHL41/DOCK4/CACNA2D2/LMOD1/KCNJ5/GJA1/CA3/GPER1/EDNRB/SGCA/NOS1/TNNC1/MYLK/CACNA1S/SYNM/MYOM2/SMAD7/KCNA5/STAC/EDN3/KCNJ8",70
"GO:0043269","GO:0043269","regulation of monoatomic ion transport","71/1675","383/18842",0.185378590078329,2.08531545925724,6.70291123434444,1.82596081975772e-09,1.98718927511931e-07,1.98718927511931e-07,"FXYD1/GRAMD2A/F2RL3/SNCA/KCNIP1/P2RX2/CACNG1/P2RX7/PCSK9/P2RX1/CACNG6/TRPC3/EPPIN/CHRM1/APLNR/LILRA5/UTRN/FHL1/PPP3R2/SLC31A2/KCNS1/ACTN2/STAC3/JPH4/FXYD6/JPH2/CASQ2/ATP1B2/PDGFB/SLC6A4/PLA2G1B/CCL2/AKAP7/PRKCE/KCNAB1/WFS1/PER1/CAV3/SCN4B/ATP1A2/ABCB1/CAV1/SCN3B/RGS9/KCNE1/CAPN3/CXCL12/SCN2B/STOM/TSPAN18/CRH/INPP5K/EDN1/CX3CL1/GRIN3B/CAMK2A/UBASH3B/EFHB/TRPV2/ADCYAP1R1/GPER1/NOS1/MYLK/IL13/GRIA1/LILRA2/DPP6/AMIGO1/KCNAB2/STAC/CA2",71
"GO:0007188","GO:0007188","adenylate cyclase-modulating G protein-coupled receptor signaling pathway","59/1675","294/18842",0.200680272108844,2.25744339526856,6.78774850213499,2.03976393919647e-09,2.17362344770624e-07,2.17362344770624e-07,"S1PR4/RXFP2/CHRM2/CNR1/CHRM4/ADRA1D/FPR1/PDE2A/GPR65/FFAR4/ADRB1/GNAQ/NPY2R/NRXN1/ADRA1A/CHRM1/APLNR/PTGFR/ADCY4/P2RY1/MARCO/FFAR3/VIPR1/S1PR5/PTGIR/ADRB2/ADGRD1/TACR1/PTGER4/GPBAR1/C5AR1/ADCY9/RAMP3/RAMP2/S1PR1/VIP/PTH1R/ADGRL3/GRM3/FSHR/RXFP1/GPR146/GPR4/ADCYAP1R1/GPER1/AKAP12/ADCY8/ADGRG4/ADGRF5/NOS1/AGRP/CALCRL/GRK5/GLP2R/AVPR2/FPR2/P2RY12/PF4/HCAR3",59
"GO:0110053","GO:0110053","regulation of actin filament organization","53/1675","251/18842",0.211155378486056,2.3752773978712,6.85153637578631,2.09559674080822e-09,2.18754639372123e-07,2.18754639372123e-07,"GMFG/ARHGAP6/SHANK3/ARHGEF15/TMOD1/MYOC/GPR65/CYRIA/SPTBN1/NCKAP1L/PREX1/ARHGAP18/ACTN2/ALOX15/APOA1/HCK/CFL2/CCL24/DNAI3/SLIT2/PPM1F/PRKCE/MYADM/RDX/TACR1/PTGER4/SYNPO2L/LMOD3/KANK2/SEMA5A/ESAM/DLC1/S1PR1/CXCL12/XIRP2/KANK4/SYNPO/INPP5K/SYNPO2/PHLDB2/CX3CL1/CCN2/KANK3/LMOD1/SORBS3/RGCC/PLEKHH2/CSF3/CGNL1/LIMCH1/WASF3/FERMT2/PIK3R1",53
"GO:0007015","GO:0007015","actin filament organization","79/1675","448/18842",0.176339285714286,1.98363272921109,6.58182095106653,2.48166519320614e-09,2.53874349264988e-07,2.53874349264988e-07,"GMFG/ARHGAP6/SHANK3/ARHGEF15/TMOD1/RFLNB/MYOC/MYO7B/GPR65/CYRIA/SPTBN1/NCKAP1L/CORO2B/PREX1/FHDC1/SORBS1/ZEB2/ARHGAP18/ACTN2/GAS2L2/PDLIM1/ALOX15/APOA1/HCK/TMSB15A/CFL2/CCL24/DNAI3/PHACTR1/MYO1F/PLA2G1B/SLIT2/MYL9/PPM1F/PRKCE/CNN1/FAM107A/MYADM/RDX/NEBL/TACR1/PTGER4/SYNPO2L/SHROOM4/LMOD3/KANK2/SEMA5A/ESAM/CATIP/LCP1/DLC1/S1PR1/CXCL12/XIRP2/KANK4/SYNPO/INPP5K/SYNPO2/COBL/PHLDB2/CX3CL1/CCN2/RHOJ/KANK3/NEDD9/LMOD1/RND1/SORBS3/RGCC/ARRB1/PLEKHH2/SAMD14/CSF3/CGNL1/EMP2/LIMCH1/WASF3/FERMT2/PIK3R1",79
"GO:0033002","GO:0033002","muscle cell proliferation","47/1675","211/18842",0.222748815165877,2.5056914479734,6.87023045588214,2.79275993009264e-09,2.80097392988703e-07,2.80097392988703e-07,"KLF4/MYOCD/TNFAIP3/PPARG/APLN/PRKG1/NPR1/RBP4/ADAMTS1/ERBB4/NRG1/NPY5R/PDGFB/MIR221/DIPK2A/TBX5/FOS/FGFR2/PTGIR/CNN1/TACR1/ANGPT1/S1PR1/NOTCH1/OGN/NDRG4/TGFB2/EDN1/NR4A3/JUN/IL6/TBX2/CX3CL1/CDH13/RGS5/GJA1/HBEGF/RGCC/BMPR2/GPER1/FGF2/MIR222/TGFBR3/DDR2/BMP2/IL13/PIK3R1",47
"GO:0002237","GO:0002237","response to molecule of bacterial origin","62/1675","319/18842",0.19435736677116,2.18631731624012,6.67502235864209,2.96926186068072e-09,2.92072584949651e-07,2.92072584949651e-07,"KMO/SNCA/PLSCR4/TNFAIP3/PPBP/ANKRD1/SLPI/GATA1/SMAD6/SCGB1A1/IL18R1/SLC22A4/SLC11A1/CSF2RB/HCK/LY86/VIM/NR4A1/IL1A/SELP/SELE/CCL2/PRKCE/FGF10/FOS/FGFR2/SASH1/CARD16/IL1B/BTK/FCAR/CD68/ALPL/DAB2IP/SPI1/NOTCH1/CXCL2/CX3CR1/NFKBIZ/SIRPA/EDN1/IL6/TLR4/CX3CL1/ARID5A/PENK/ZFP36/CTSG/JUND/PDCD1LG2/EDNRB/CSF3/AKAP12/NOS1/PTAFR/CD36/CYP1A1/IL13/PF4/LILRA2/SCIMP/CAMP",62
"GO:0007204","GO:0007204","positive regulation of cytosolic calcium ion concentration","39/1675","160/18842",0.24375,2.7419328358209,6.91181157407298,4.29471192755977e-09,4.14480217159778e-07,4.14480217159778e-07,"SLC8A3/P2RX2/CMKLR1/ADRA1D/FPR1/P2RX7/FFAR4/CD52/GATA1/TRPC3/ADRA1A/ACKR4/JPH4/PTGFR/JPH2/P2RY1/GATA2/PLA2G1B/CCL2/CAV3/PTGIR/CAV1/CCRL2/TACR1/PTGER4/C5AR1/PROK2/CXCR1/CX3CR1/AGTR1/EDN1/ADCYAP1R1/GPER1/EDNRB/ADCY8/NOS1/CXCR2/CD36/FPR2",39
"GO:0003015","GO:0003015","heart process","51/1675","244/18842",0.209016393442623,2.35121605089308,6.63588366772366,6.03732702463838e-09,5.71869032056024e-07,5.71869032056024e-07,"FXYD1/SLC8A3/KCNIP1/CHRM2/CELF2/ADRB1/SLC1A1/APLN/GJA5/CARTPT/TNNI2/ADRA1A/DES/JPH4/JPH2/CASQ2/ATP1B2/MYL3/TBX5/CAV3/SCN4B/ATP1A2/ADRB2/CAV1/SCN3B/SGCG/GATA6/ACE/KCNE1/RAMP3/SCN7A/SCN2B/TGFB2/WWTR1/EDN1/SCN1A/TBX2/AGTR2/KCNJ5/GJA1/HSPB7/EDNRB/NOS1/TNNC1/KCNH6/ATP2B3/SMAD7/KCNA5/PTPN1/EDN3/KCNJ8",51
"GO:0008217","GO:0008217","regulation of blood pressure","39/1675","162/18842",0.240740740740741,2.70808181315644,6.82008703191361,6.25572544899427e-09,5.81782466756467e-07,5.81782466756467e-07,"ENG/CPA3/PPARG/ADRB1/P2RX1/APLN/GJA5/CARTPT/NPR1/ADRA1A/MME/NPR3/RARRES2/KCNK3/FFAR3/EMILIN2/ADRB2/ACVRL1/TACR1/ACE/CMA1/KLK3/RAMP2/SCNN1G/CRH/AGTR1/KL/EDN1/AGTR2/BMPR2/PDE1C/SGK1/CTSG/HBB/EDNRB/NOS1/AVPR2/PTPN1/EDN3",39
"GO:0060326","GO:0060326","cell chemotaxis","60/1675","311/18842",0.192926045016077,2.17021644190622,6.49993687829909,7.11295002017438e-09,6.49691774164142e-07,6.49691774164142e-07,"CCL16/PPBP/ENG/CMKLR1/PRKCQ/EGR3/NCKAP1L/PTN/ACKR4/RARRES2/NR4A1/PDGFB/CCL24/JAM3/CCL14/CXCL16/PLA2G1B/SLIT2/CCL2/DEFA4/CD300H/GAS6/CCRL2/CXCL3/DAPK2/C5AR1/SEMA5A/DUSP1/CXCR1/CXCL12/SPI1/SFTPD/NOTCH1/CXCL2/CX3CR1/GAB1/BST1/TGFB2/AGTR1/EDN1/PTPRO/IL6/CX3CL1/DOCK4/NEDD9/VEGFD/HBEGF/CTSG/S100A12/EDNRB/FGF2/JAML/CXCR2/ALOX5/IL34/CCL18/FPR2/PF4/CCL23/EDN3",60
"GO:0010959","GO:0010959","regulation of metal ion transport","62/1675","332/18842",0.186746987951807,2.10070850566445,6.32048393568713,1.45604278637665e-08,1.30660681619589e-06,1.30660681619589e-06,"FXYD1/GRAMD2A/F2RL3/SNCA/KCNIP1/P2RX2/CACNG1/P2RX7/PCSK9/P2RX1/CACNG6/TRPC3/EPPIN/APLNR/LILRA5/UTRN/FHL1/PPP3R2/SLC31A2/KCNS1/ACTN2/JPH4/FXYD6/JPH2/CASQ2/ATP1B2/PDGFB/PLA2G1B/CCL2/AKAP7/PRKCE/KCNAB1/WFS1/PER1/CAV3/SCN4B/ATP1A2/CAV1/SCN3B/RGS9/KCNE1/CAPN3/CXCL12/SCN2B/TSPAN18/CRH/INPP5K/CX3CL1/GRIN3B/CAMK2A/UBASH3B/EFHB/TRPV2/ADCYAP1R1/GPER1/NOS1/MYLK/IL13/LILRA2/DPP6/AMIGO1/KCNAB2",62
"GO:0060047","GO:0060047","heart contraction","49/1675","236/18842",0.207627118644068,2.33558816089046,6.44932452338371,1.49659795470223e-08,1.31984457556929e-06,1.31984457556929e-06,"FXYD1/SLC8A3/KCNIP1/CHRM2/CELF2/ADRB1/SLC1A1/APLN/GJA5/CARTPT/TNNI2/ADRA1A/DES/JPH4/JPH2/CASQ2/ATP1B2/MYL3/TBX5/CAV3/SCN4B/ATP1A2/ADRB2/CAV1/SCN3B/SGCG/GATA6/ACE/KCNE1/SCN7A/SCN2B/TGFB2/EDN1/SCN1A/TBX2/AGTR2/KCNJ5/GJA1/HSPB7/EDNRB/NOS1/TNNC1/KCNH6/ATP2B3/SMAD7/KCNA5/PTPN1/EDN3/KCNJ8",49
"GO:0003206","GO:0003206","cardiac chamber morphogenesis","27/1675","92/18842",0.293478260869565,3.30132381570409,6.91167305533343,1.56323113961941e-08,1.3552419117209e-06,1.3552419117209e-06,"TGFBR2/ROBO2/ENG/SLIT3/FOXF1/SMAD6/NPY2R/RBP4/APLNR/CITED2/NRG1/NPY5R/MYL3/SLIT2/TBX5/FGFR2/HEY1/TEK/GATA6/NOTCH1/TGFB2/TBX2/BMPR2/TNNC1/TGFBR3/BMP2/SMAD7",27
"GO:0003205","GO:0003205","cardiac chamber development","30/1675","111/18842",0.27027027027027,3.04025816861638,6.7340805929587,2.09030452907685e-08,1.78198461103802e-06,1.78198461103802e-06,"TGFBR2/ROBO2/ENG/SLIT3/FOXF1/PDE2A/SMAD6/GJA5/NPY2R/RBP4/APLNR/CITED2/NRG1/NPY5R/MYL3/SLIT2/TBX5/FGFR2/HEY1/TEK/GATA6/NOTCH1/TGFB2/TBX2/WNT11/BMPR2/TNNC1/TGFBR3/BMP2/SMAD7",30
"GO:0003073","GO:0003073","regulation of systemic arterial blood pressure","25/1675","82/18842",0.304878048780488,3.42955951947579,6.88700231498708,2.26869495343399e-08,1.90235650603523e-06,1.90235650603523e-06,"ENG/CPA3/ADRB1/CARTPT/ADRA1A/MME/RARRES2/KCNK3/ADRB2/TACR1/ACE/CMA1/KLK3/CRH/AGTR1/KL/EDN1/AGTR2/BMPR2/PDE1C/CTSG/EDNRB/AVPR2/PTPN1/EDN3",25
"GO:0003158","GO:0003158","endothelium development","32/1675","125/18842",0.256,2.87973253731343,6.58635480248127,2.96351221207234e-08,2.44489757495968e-06,2.44489757495968e-06,"STARD13/SOX17/PDE2A/GDF2/NOTCH4/GJA5/MAGI1/TIE1/ZEB1/NRG1/SCUBE1/TMEM100/PECAM1/PDPN/CDH5/SOX18/MYADM/HEY1/RDX/PPP1R16B/IL1B/ACVRL1/APOLD1/S1PR1/ROBO4/NOTCH1/EDN1/ATOH8/BMPR2/ICAM1/CD34/CLDN5",32
"GO:0050886","GO:0050886","endocrine process","26/1675","89/18842",0.292134831460674,3.28621163843703,6.75286759818158,3.18995992976904e-08,2.58994365726486e-06,2.58994365726486e-06,"TBX3/CPA3/PPARG/ECRG4/GNAQ/MME/IL1B/TACR1/ACE/CMA1/DAB2/CRH/RAB11FIP1/AGTR1/EDN1/AGTR2/GJA1/RETN/PDE1C/CTSG/EDNRB/CRHBP/AVPR2/HCAR2/CRY2/EDN3",26
"GO:1903522","GO:1903522","regulation of blood circulation","51/1675","257/18842",0.198443579766537,2.23228294326035,6.21309355365952,3.66031876305476e-08,2.92539538641017e-06,2.92539538641017e-06,"FXYD1/SLC8A3/KCNIP1/CHRM2/CELF2/ADRA1D/ADRB1/AGER/SLC1A1/APLN/GJA5/CARTPT/ADRA1A/DES/JPH4/JPH2/CASQ2/ATP1B2/MYL3/KCNMB2/TBX5/CAV3/SCN4B/ATP1A2/ADRB2/CAV1/SCN3B/TACR1/ACE/KCNE1/SCN2B/TGFB2/AGTR1/EDN1/TBX2/DOCK4/AGTR2/KCNJ5/GJA1/BMPR2/HSPB7/EDNRB/NOS1/KCNH6/AVPR2/ATP2B3/SVEP1/SMAD7/KCNA5/PTPN1/EDN3",51
"GO:0097529","GO:0097529","myeloid leukocyte migration","44/1675","207/18842",0.21256038647343,2.39108226981037,6.2861605149973,3.89899648385057e-08,3.06821030998395e-06,3.06821030998395e-06,"CCL16/PPBP/CMKLR1/AGER/NCKAP1L/RARRES2/PDGFB/CCL24/JAM3/PECAM1/PLA2G1B/SLIT2/CCL2/CD300H/CXCL3/DAPK2/PTGER4/C5AR1/DUSP1/CXCR1/CXCL12/SPI1/SFTPD/CX3CR1/BST1/SIRPA/TGFB2/EDN1/PTPRO/IL6/CX3CL1/VEGFD/CTSG/S100A12/EDNRB/EMP2/JAML/CXCR2/IL34/FPR2/P2RY12/PF4/CCL23/EDN3",44
"GO:0007157","GO:0007157","heterophilic cell-cell adhesion","19/1675","52/18842",0.365384615384615,4.11019517795637,7.01516842566834,4.21192954748131e-08,3.26424539929802e-06,3.26424539929802e-06,"ITGAL/CADM1/NRXN1/NEGR1/SCARF1/CADM3/LSAMP/FAT4/SELP/SELE/CCDC141/CEACAM8/NTM/CRTAM/PTPRD/JAML/ICAM1/AMIGO1/DCHS1",19
"GO:0030038","GO:0030038","contractile actin filament bundle assembly","28/1675","103/18842",0.271844660194175,3.05796841037531,6.54178531775781,5.34847600480196e-08,4.02315511243559e-06,4.02315511243559e-06,"ARHGAP6/ARHGEF15/MYOC/GPR65/FHDC1/SORBS1/ZEB2/PDLIM1/APOA1/PHACTR1/MYL9/PPM1F/TACR1/PTGER4/SYNPO2L/DLC1/S1PR1/SYNPO/INPP5K/PHLDB2/CCN2/SORBS3/RGCC/ARRB1/CGNL1/LIMCH1/FERMT2/PIK3R1",28
"GO:0043149","GO:0043149","stress fiber assembly","28/1675","103/18842",0.271844660194175,3.05796841037531,6.54178531775781,5.34847600480196e-08,4.02315511243559e-06,4.02315511243559e-06,"ARHGAP6/ARHGEF15/MYOC/GPR65/FHDC1/SORBS1/ZEB2/PDLIM1/APOA1/PHACTR1/MYL9/PPM1F/TACR1/PTGER4/SYNPO2L/DLC1/S1PR1/SYNPO/INPP5K/PHLDB2/CCN2/SORBS3/RGCC/ARRB1/CGNL1/LIMCH1/FERMT2/PIK3R1",28
"GO:0006816","GO:0006816","calcium ion transport","71/1675","416/18842",0.170673076923077,1.91989380022962,5.9262640870684,6.20538520741008e-08,4.60007903418878e-06,4.60007903418878e-06,"GRAMD2A/SLC8A3/F2RL3/SNCA/GPM6A/P2RX2/TMC2/PLCE1/SLC24A4/CACNG1/P2RX7/P2RX1/MCOLN1/CACNG6/TRPC3/WNT3A/P2RX6/CHRNA4/EPPIN/CNGA4/APLNR/LILRA5/PPP3R2/CACNB4/PLCL1/JPH4/CACHD1/JPH2/CASQ2/PDGFB/PLA2G1B/CCL2/WFS1/CHRNA2/CAV3/GAS6/ATP1A2/CAV1/HTR3C/RGS9/RAMP3/RAMP2/CAPN3/CXCL12/TSPAN18/CRH/PKD2L1/INPP5K/EDN1/CDH23/CX3CL1/GRIN3B/CACNA2D2/CAMK2A/UBASH3B/EFHB/TRPV2/ADCYAP1R1/GPER1/EDNRB/FGF2/SRL/NOS1/MYLK/GP9/CACNA1S/CALCRL/TRPM1/ATP2B3/IL13/LILRA2",71
"GO:0045446","GO:0045446","endothelial cell differentiation","28/1675","104/18842",0.269230769230769,3.02856486796785,6.47971834987789,6.70447705455431e-08,4.89905716200647e-06,4.89905716200647e-06,"SOX17/PDE2A/GDF2/NOTCH4/MAGI1/TIE1/ZEB1/NRG1/SCUBE1/TMEM100/PECAM1/PDPN/CDH5/SOX18/MYADM/HEY1/RDX/PPP1R16B/IL1B/ACVRL1/APOLD1/S1PR1/ROBO4/NOTCH1/ATOH8/BMPR2/ICAM1/CLDN5",28
"GO:0070286","GO:0070286","axonemal dynein complex assembly","16/1675","39/18842",0.41025641025641,4.61495598928435,7.05884948658302,7.38290398429581e-08,5.31881040558776e-06,5.31881040558776e-06,"DNAI2/CLXN/ODAD4/DRC2/DNAAF6/CFAP73/DNAI3/ODAD3/DNAH12/DAW1/DRC1/ZMYND10/DNAI4/DNAI1/ODAD2/DNAAF1",16
"GO:0071674","GO:0071674","mononuclear cell migration","44/1675","212/18842",0.207547169811321,2.33468882005069,6.10455066530906,8.12004620596671e-08,5.76861615882218e-06,5.76861615882218e-06,"DOCK8/GCSAML/CMKLR1/CD69/ICAM2/ITGAL/AGER/JAM2/RARRES2/PDGFB/ADTRP/JAM3/PECAM1/CXCL16/SPN/SLIT2/CCL2/DEFA4/GAS6/C5AR1/DUSP1/CXCR1/S1PR1/CXCL12/SPI1/SFTPD/CX3CR1/SIRPA/PTPRO/IL6/CX3CL1/NEDD9/CRTAM/CTSG/S100A12/EDNRB/JAML/CXCR2/ALOX5/IL34/FPR2/P2RY12/PF4/CCL23",44
"GO:0042391","GO:0042391","regulation of membrane potential","71/1675","419/18842",0.16945107398568,1.90614754390339,5.85919470263978,8.31283709903255e-08,5.82467969336322e-06,5.82467969336322e-06,"FXYD1/SLC8A3/KCNB1/KCNIP1/P2RX2/SHANK3/MYOC/SLC24A4/RNF122/P2RX7/P2RX1/GNAQ/GJA5/NPY2R/RIMS4/NRXN1/KCNA10/CFTR/P2RX6/CHRNA4/ADRA1A/CHRM1/FHL1/KCNS1/ACTN2/KCNA4/CASQ2/ATP1B2/KCNK3/SLC6A4/LRRK2/KCNMB2/TBX5/AKAP7/CHRNA2/CAV3/SCN4B/ATP1A2/WNT7A/ADRB2/CAV1/SCN3B/TACR1/HTR3C/DCN/SLC39A8/KCNE1/SCN7A/GRIK4/SCN2B/CRH/KCNA1/INSYN1/EDN1/SCN1A/GRIN3B/KCNA3/KCNJ5/GJA1/GPER1/PID1/NOS1/GABRA4/KCNH6/CD36/GRID1/SLC26A3/GRIA1/SMAD7/KCNA5/KCNJ8",71
"GO:0042063","GO:0042063","gliogenesis","47/1675","234/18842",0.200854700854701,2.25940553642046,6.05530265807055,8.48953685873329e-08,5.86810554492173e-06,5.86810554492172e-06,"SLC8A3/LDLR/VTN/MYOC/SRGAP2C/AGER/MYRF/QKI/NTRK2/TPPP/CHRM1/ZEB2/PTN/NRROS/CNTFR/NEGR1/ATP1B2/GPR17/P2RY1/PRX/MAG/IL33/MIR221/CCL2/FGF10/IL1B/PLP1/C5AR1/DAB2IP/NOTCH1/CX3CR1/LGI4/TGFB2/GPM6B/PRKCH/IL6/CX3CL1/PENK/TUBA1A/NTRK3/MIR222/IL34/BMP2/FPR2/P2RY12/C1QA/EGR2",47
"GO:0006959","GO:0006959","humoral immune response","55/1675","296/18842",0.185810810810811,2.09017749092376,5.90513887341745,1.11934436082266e-07,7.63392854081053e-06,7.63392854081053e-06,"CCL16/PPBP/FCN3/C6/DAO/CD5L/SLPI/HLA-E/SLC11A1/C1QB/DEFA3/VSIG4/A2M/COLEC10/TSLP/MASP1/RARRES2/CD83/CCL24/CCL14/PLA2G1B/CFD/CCL2/DEFA4/C7/C4BPA/IL1B/WFDC12/CXCL3/GATA6/KLK3/VIP/CXCL12/CXCL2/BST1/CFP/KRT1/IL6/C8B/CX3CL1/DMBT1/C1QC/CTSG/S100A12/LYZ/FCN1/SERPING1/ALOX5/CCL18/PF4/C1QA/PGLYRP1/CAMP/CCL23/IFNA21",55
"GO:0007189","GO:0007189","adenylate cyclase-activating G protein-coupled receptor signaling pathway","41/1675","193/18842",0.212435233160622,2.38967442579847,6.0614443488873,1.14086666935088e-07,7.67833291280231e-06,7.67833291280231e-06,"S1PR4/RXFP2/CNR1/ADRA1D/PDE2A/GPR65/FFAR4/ADRB1/GNAQ/NRXN1/ADRA1A/PTGFR/ADCY4/VIPR1/S1PR5/PTGIR/ADRB2/ADGRD1/TACR1/PTGER4/GPBAR1/ADCY9/RAMP3/RAMP2/S1PR1/VIP/PTH1R/ADGRL3/FSHR/RXFP1/GPR4/ADCYAP1R1/GPER1/ADCY8/ADGRG4/ADGRF5/NOS1/AGRP/CALCRL/AVPR2/PF4",41
"GO:0050729","GO:0050729","positive regulation of inflammatory response","37/1675","166/18842",0.22289156626506,2.50729724869628,6.0928879965364,1.29890577052522e-07,8.62844547563182e-06,8.62844547563182e-06,"SNCA/LDLR/MAP3K8/MIR126/NUPR1/PDE2A/HLA-E/CASP12/LPL/LILRA5/NFKBIA/TSLP/IL1A/NPY5R/CCL24/LRRK2/PLA2G3/IL33/FFAR3/IL1B/ETS1/BTK/PTGER4/HYAL2/IL1RL1/NFKBIZ/AGTR1/CASP5/CAMK2N1/IL6/TLR4/CX3CL1/GPR4/NKG7/S100A12/PLA2G2A/NLRC4",37
"GO:0048660","GO:0048660","regulation of smooth muscle cell proliferation","36/1675","160/18842",0.225,2.53101492537313,6.07491084826221,1.49021843581754e-07,9.7482364521348e-06,9.7482364521348e-06,"KLF4/MYOCD/TNFAIP3/PPARG/APLN/PRKG1/NPR1/ADAMTS1/NPY5R/PDGFB/MIR221/FGFR2/PTGIR/CNN1/TACR1/S1PR1/OGN/NDRG4/EDN1/NR4A3/JUN/IL6/CX3CL1/CDH13/RGS5/GJA1/HBEGF/RGCC/BMPR2/GPER1/FGF2/MIR222/DDR2/BMP2/IL13/PIK3R1",36
"GO:1902903","GO:1902903","regulation of supramolecular fiber organization","63/1675","361/18842",0.174515235457064,1.96311406954149,5.77139463738472,1.50559272672268e-07,9.7482364521348e-06,9.7482364521348e-06,"GMFG/SNCA/LDLR/ARHGAP6/SHANK3/ARHGEF15/TMOD1/MYOC/GPR65/CYRIA/SPTBN1/NCKAP1L/PREX1/MID1IP1/ARHGAP18/ACTN2/GAS2L2/CRYAB/ALOX15/SPEF1/APOA1/HCK/CFL2/CCL24/DNAI3/SLIT2/PPM1F/CDH5/PRKCE/CAV3/MYADM/RDX/TACR1/PTGER4/SYNPO2L/LMOD3/KANK2/SEMA5A/ESAM/DLC1/S1PR1/CXCL12/XIRP2/KANK4/SYNPO/INPP5K/SYNPO2/EDN1/PHLDB2/CX3CL1/MYLK3/CCN2/KANK3/LMOD1/SORBS3/RGCC/PLEKHH2/CSF3/CGNL1/LIMCH1/WASF3/FERMT2/PIK3R1",63
"GO:0030595","GO:0030595","leukocyte chemotaxis","44/1675","217/18842",0.202764976958525,2.28089414677763,5.9279856572998,1.64008646185503e-07,1.04863028154856e-05,1.04863028154856e-05,"CCL16/PPBP/CMKLR1/NCKAP1L/PTN/RARRES2/PDGFB/CCL24/JAM3/CXCL16/PLA2G1B/SLIT2/CCL2/DEFA4/CD300H/GAS6/CXCL3/DAPK2/C5AR1/DUSP1/CXCR1/CXCL12/SPI1/SFTPD/CX3CR1/BST1/TGFB2/EDN1/PTPRO/IL6/CX3CL1/NEDD9/VEGFD/CTSG/S100A12/EDNRB/JAML/CXCR2/ALOX5/IL34/FPR2/PF4/CCL23/EDN3",44
"GO:0030099","GO:0030099","myeloid cell differentiation","63/1675","364/18842",0.173076923076923,1.94693455797933,5.69843178238907,2.04438037542947e-07,1.29098834818787e-05,1.29098834818787e-05,"TGFBR2/HBA2/EVI2B/PPARG/PDE2A/TRIM58/TYROBP/GATA1/NCKAP1L/QKI/CARTPT/RASGRP4/HOXA5/MTURN/EPAS1/NRROS/LILRB3/IL1A/TFRC/PLA2G3/IL33/HBZ/GATA2/MIR221/MPIG6B/TAL1/HBD/IL20/OSCAR/CDKN2B/IL1B/ETS1/TMEM178A/ZBTB16/AHSP/SPI1/SNRK/IL1RL1/KLF13/TLR4/CLEC1B/ALAS2/NEDD9/UBASH3B/C1QC/IL20RA/ZFP36/DCSTAMP/HBA1/HBB/CSF3/PPARGC1B/GP9/PDE1B/MIR222/HBM/TGFBR3/RHEX/IL34/EPB42/BMP2/TUBB1/PF4",63
"GO:0006898","GO:0006898","receptor-mediated endocytosis","51/1675","271/18842",0.188191881918819,2.11696205320262,5.78518959361075,2.12808103234972e-07,1.32745542444742e-05,1.32745542444742e-05,"SNCA/LDLR/VTN/CLEC9A/CLEC4M/ARHGEF37/PCSK9/MRC1/APLN/WNT3A/STON1/APLNR/FCER1G/NRG1/SCARF1/ARC/GHR/TFRC/MARCO/CXCL16/LYVE1/SELE/CAV3/APOC1/ADRB2/CAV1/CAV2/RAMP3/SIGLEC1/RAMP2/ANGPT1/DAB2/CXCR1/SFTPD/TAMALIN/STAB2/GSG1L/DMBT1/MSR1/ENTREP1/ARRB1/SH3GL3/ASGR1/CXCR2/CD36/CALCRL/FPR2/RSPO1/IQSEC3/GRIA1/GAS7",51
"GO:0019722","GO:0019722","calcium-mediated signaling","44/1675","219/18842",0.200913242009132,2.26006406324542,5.85871049948737,2.15487524184012e-07,1.32797432072436e-05,1.32797432072436e-05,"P2RX2/CMKLR1/NR5A2/PLCE1/SLC24A4/P2RX7/P2RX1/MCOLN1/NFAM1/PPP3R2/NMUR2/ACKR4/LAT2/JPH4/JPH2/CASQ2/NFATC1/LRRK2/SELE/NMUR1/ATP1A2/MYOZ1/CCRL2/BTK/RAMP3/CXCR1/RCAN1/PTGDR2/FCGR3A/CX3CR1/TSPAN18/BST1/AGTR1/EDN1/CDH13/EFHB/SAMD14/EDNRB/NOS1/CXCR2/FPR2/P2RY12/GRIA1/LMCD1",44
"GO:0051145","GO:0051145","smooth muscle cell differentiation","19/1675","57/18842",0.333333333333333,3.74965174129353,6.49414074270829,2.27876401206472e-07,1.38760451448941e-05,1.38760451448941e-05,"MYOCD/ENG/NOTCH4/QKI/APLNR/TMEM204/PDGFB/NFATC1/MIR221/FGFR2/HEY1/ITGA8/GATA6/RAMP2/RCAN1/NOTCH1/NPNT/GPER1/EDNRB",19
"GO:0010810","GO:0010810","regulation of cell-substrate adhesion","41/1675","198/18842",0.207070707070707,2.32932911201568,5.87364562562827,2.3722996996146e-07,1.42756623100337e-05,1.42756623100337e-05,"ARHGAP6/AJAP1/CASS4/MYOC/PLPP3/RRAS/SPOCK2/CORO2B/VIT/UTRN/NDNF/ECM2/FBLN1/ALOX15/APOA1/PDGFB/PDPN/PPM1F/FAM107A/MYADM/TEK/ACVRL1/DLC1/DAB2/NOTCH1/BST1/GPM6B/NPNT/PTPRO/PHLDB2/CX3CL1/NEDD9/CDH13/FZD4/PEAK1/EMP2/LIMCH1/CD36/FERMT2/SPRY4/PTPN1",41
"GO:0048659","GO:0048659","smooth muscle cell proliferation","36/1675","163/18842",0.220858895705521,2.48443182858713,5.9455142697596,2.43169847077193e-07,1.44629507883703e-05,1.44629507883703e-05,"KLF4/MYOCD/TNFAIP3/PPARG/APLN/PRKG1/NPR1/ADAMTS1/NPY5R/PDGFB/MIR221/FGFR2/PTGIR/CNN1/TACR1/S1PR1/OGN/NDRG4/EDN1/NR4A3/JUN/IL6/CX3CL1/CDH13/RGS5/GJA1/HBEGF/RGCC/BMPR2/GPER1/FGF2/MIR222/DDR2/BMP2/IL13/PIK3R1",36
"GO:0001935","GO:0001935","endothelial cell proliferation","39/1675","186/18842",0.209677419354839,2.35865190178142,5.81657836382358,3.29775725323167e-07,1.93885383336551e-05,1.93885383336551e-05,"MIR126/ENG/JCAD/PPARG/GDF2/EGR3/APLN/MMRN2/APLNR/ZEB2/TIE1/PTPRM/NR4A1/TNFSF12/PDGFB/CCL24/GATA2/CCL2/CAV1/PPP1R16B/TEK/ACVRL1/PROK2/CAV2/SEMA5A/CXCL12/AGTR1/FLT4/CDH13/ATOH8/RGCC/BMPR2/COL4A3/FGF2/VASH1/BMPER/MIR222/ALOX5/CD34",39
"GO:0051928","GO:0051928","positive regulation of calcium ion transport","25/1675","93/18842",0.268817204301075,3.02391269459156,6.11162038896417,3.44927917196509e-07,2.00341076203946e-05,2.00341076203946e-05,"F2RL3/SNCA/P2RX2/P2RX7/P2RX1/TRPC3/APLNR/LILRA5/PPP3R2/PDGFB/PLA2G1B/CCL2/WFS1/CAV1/CAPN3/CXCL12/CRH/CX3CL1/CAMK2A/TRPV2/ADCYAP1R1/GPER1/MYLK/IL13/LILRA2",25
"GO:0008016","GO:0008016","regulation of heart contraction","42/1675","208/18842",0.201923076923077,2.27142365097589,5.75945095950903,3.49997817551304e-07,2.00341076203946e-05,2.00341076203946e-05,"FXYD1/SLC8A3/KCNIP1/CHRM2/CELF2/ADRB1/SLC1A1/APLN/GJA5/CARTPT/ADRA1A/DES/JPH4/JPH2/CASQ2/ATP1B2/MYL3/TBX5/CAV3/SCN4B/ATP1A2/ADRB2/CAV1/SCN3B/ACE/KCNE1/SCN2B/TGFB2/EDN1/TBX2/AGTR2/KCNJ5/GJA1/HSPB7/EDNRB/NOS1/KCNH6/ATP2B3/SMAD7/KCNA5/PTPN1/EDN3",42
"GO:0003151","GO:0003151","outflow tract morphogenesis","20/1675","64/18842",0.3125,3.51529850746269,6.29603349252454,3.63924552189833e-07,2.00341076203946e-05,2.00341076203946e-05,"TGFBR2/ROBO2/ENG/SOX17/SMAD6/GJA5/NPY2R/PRICKLE1/CITED2/NPY5R/FGFR2/SOX18/GATA6/NOTCH1/TGFB2/EDN1/TBX2/BMPR2/TGFBR3/CLDN5",20
"GO:0003281","GO:0003281","ventricular septum development","17/1675","48/18842",0.354166666666667,3.98400497512438,6.46580685324417,3.64885992035186e-07,2.00341076203946e-05,2.00341076203946e-05,"TGFBR2/ROBO2/SLIT3/PDE2A/GJA5/APLNR/CITED2/SLIT2/TBX5/FGFR2/HEY1/NOTCH1/TGFB2/WNT11/BMPR2/TGFBR3/SMAD7",17
"GO:0060485","GO:0060485","mesenchyme development","53/1675","291/18842",0.18213058419244,2.04877878647997,5.63195145906203,3.66279972383413e-07,2.00341076203946e-05,2.00341076203946e-05,"TGFBR2/ROBO2/ENG/GLIPR2/TBX3/FOXF1/NOTCH4/QKI/RADIL/S100A4/PRICKLE1/SEMA6A/APLNR/SEMA3B/RANBP3L/GATA5/SEMA3G/CITED2/ERBB4/TCF21/NRG1/SEMA6D/SEMA3D/MIR221/PDPN/TBX5/RBM24/FGFR2/HEY1/ACTG2/IL1B/ACVRL1/SEMA5A/DAB2IP/DAB2/NOTCH1/TGFB2/WWTR1/EDN1/IL6/TBX2/MEOX1/WNT11/RGCC/BMPR2/EMP2/MIR222/TGFBR3/BMP2/FOXF2/FERMT2/DCHS1/SMAD7",53
"GO:0030168","GO:0030168","platelet activation","30/1675","125/18842",0.24,2.69974925373134,5.95571520846674,3.6639610938456e-07,2.00341076203946e-05,2.00341076203946e-05,"F2RL3/PRKCQ/GATA1/GNAQ/PRKG1/DGKK/FCER1G/P2RY1/PDGFB/SLC6A4/SELP/PDPN/MYL9/MMRN1/EMILIN2/THBD/VWF/IL6/TLR4/UBASH3B/CTSG/FERMT3/HBB/CELA2B/GP9/PEAR1/P2RY12/TUBB1/PF4/SVEP1",30
"GO:0003197","GO:0003197","endocardial cushion development","16/1675","43/18842",0.372093023255814,4.18565775772301,6.53248088365386,3.68173238771671e-07,2.00341076203946e-05,2.00341076203946e-05,"TGFBR2/ROBO2/ENG/TBX3/FOXF1/APLNR/GATA5/RBM24/HEY1/ACVRL1/NOTCH1/TGFB2/TBX2/BMPR2/BMP2/DCHS1",16
"GO:0003279","GO:0003279","cardiac septum development","21/1675","70/18842",0.3,3.37468656716418,6.21744883057382,4.03619498895051e-07,2.17317235457704e-05,2.17317235457704e-05,"TGFBR2/ROBO2/ENG/SLIT3/PDE2A/SMAD6/GJA5/APLNR/CITED2/SLIT2/TBX5/FGFR2/HEY1/GATA6/NOTCH1/TGFB2/TBX2/WNT11/BMPR2/TGFBR3/SMAD7",21
"GO:0007389","GO:0007389","pattern specification process","51/1675","277/18842",0.184115523465704,2.07110727948704,5.6096731228123,4.29522341460364e-07,2.2885487255935e-05,2.2885487255935e-05,"TGFBR2/CFC1B/DNAI2/CYP26B1/ROBO2/ENG/TBX3/SOX17/NKD1/WNT2B/ENKUR/SMAD6/ODAD4/HOXA5/PRICKLE1/APLNR/GATA5/HELT/CITED2/TLL1/HOXA4/ERBB4/IRX1/TBX5/ODAD3/FGFR2/SOX18/WNT7A/HEY1/DAW1/ACVRL1/CFAP52/CFAP53/NOTCH1/NDRG4/COBL/CHRDL1/ARL13B/TBX2/WNT11/IHH/LEFTY2/BMPR2/CFC1/MFNG/DNAI1/ODAD2/BMP2/SOSTDC1/C1QA/DNAAF1",51
"GO:0050679","GO:0050679","positive regulation of epithelial cell proliferation","37/1675","174/18842",0.21264367816092,2.39201921427346,5.76213109688773,4.5448960482377e-07,2.39661270997277e-05,2.39661270997277e-05,"MIR126/TNFAIP3/JCAD/GDF2/EGR3/APLN/CARTPT/APLNR/PTN/ERBB4/NR4A1/TNFSF12/PDGFB/CCL24/GATA2/FGF10/FGFR2/WNT7A/PPP1R16B/TEK/BTK/ACVRL1/TACR1/GPBAR1/C5AR1/SEMA5A/EPGN/CXCL12/AGTR1/FLT4/NR4A3/CDH13/TGM1/IHH/FGF2/JAML/ODAM",37
"GO:0040013","GO:0040013","negative regulation of locomotion","65/1675","389/18842",0.167095115681234,1.87964547442735,5.47597125066579,4.87370439092767e-07,2.54377530199949e-05,2.54377530199949e-05,"MCC/KLF4/ROBO2/MIR126/MYOCD/ENG/CLDN19/STARD13/CD69/SRGAP2C/PPARG/GDF2/CARTPT/MMRN2/HAS1/PRKG1/EPPIN/ZEB2/CITED2/PTPRM/MEOX2/FBLN1/ATP1B2/PTPRT/ADTRP/ADARB1/IL33/DNAI3/MIR221/DACH1/SLIT2/TBX5/CCL2/MMRN1/EMILIN2/ACVRL1/PTGER4/DCN/SEMA5A/DAB2IP/DUSP1/HYAL2/SCAI/DLC1/CXCL12/NOTCH1/NDRG4/CYGB/PTPRO/PHLDB2/CX3CL1/NEDD9/AGTR2/GJA1/RGCC/FGF2/VASH1/LIMCH1/MITF/TGFBR3/RECK/ANGPT4/SMAD7/CLDN5/PTPN1",65
"GO:0009612","GO:0009612","response to mechanical stimulus","40/1675","196/18842",0.204081632653061,2.29570514773073,5.69578459724048,4.94130798997618e-07,2.55300912815436e-05,2.55300912815436e-05,"AQP1/TMC2/ANKRD1/SHANK3/PTPRQ/PDE2A/NRXN1/PTN/SOST/P2RY1/MAG/PECAM1/CAV3/FOS/ATP1A2/IL1B/TEK/BTG2/TACR1/PTGER4/RCAN1/CXCL12/SCEL/GAB1/PKD2L1/KCNA1/EDN1/CASP5/SCN1A/TLR4/IHH/TLR8/TUBA1A/RETN/JUND/FOSB/FGF2/DDR2/IL13/KCNA5",40
"GO:1904018","GO:1904018","positive regulation of vasculature development","39/1675","189/18842",0.206349206349206,2.32121298270552,5.70218845470589,5.08448226070779e-07,2.59623163496639e-05,2.59623163496639e-05,"AQP1/KLF4/HSPB6/MIR126/JCAD/C6/GDF2/RRAS/HYAL1/CCBE1/CLIC3/APLNR/TIE1/IL1A/TNFSF12/CCL24/PTGIS/GATA2/CDH5/EMILIN2/SASH1/IL1B/ETS1/TEK/C5AR1/GATA6/SEMA5A/CMA1/RAMP2/CXCL12/GAB1/CYBB/ANXA3/FGF2/EMP2/BMPER/ANGPT4/CD34/CAMP",39
"GO:0003044","GO:0003044","regulation of systemic arterial blood pressure mediated by a chemical signal","17/1675","49/18842",0.346938775510204,3.90269875114225,6.35497909278342,5.12647888820342e-07,2.59623163496639e-05,2.59623163496639e-05,"CPA3/ADRB1/CARTPT/ADRA1A/MME/ADRB2/TACR1/ACE/CMA1/AGTR1/EDN1/AGTR2/PDE1C/CTSG/EDNRB/AVPR2/EDN3",17
"GO:0090066","GO:0090066","regulation of anatomical structure size","69/1675","423/18842",0.163120567375887,1.83493595850535,5.42503447054215,5.48048247525013e-07,2.74617907362832e-05,2.74617907362832e-05,"AQP1/SHANK3/TMOD1/ADRA1D/P2RX7/ADRB1/CYRIA/KLF2/SPTBN1/NCKAP1L/GJA5/PREX1/PRKG1/NPR1/ADRA1A/ARHGAP18/SEMA3G/ACTN2/ALOX15/SLC12A4/SEMA6D/HCK/VIM/CDKL5/P2RY1/CFL2/SLC6A4/CCL24/MAG/LRRK2/PECAM1/KCNMB2/SLIT2/PRKCE/CAV3/MYADM/ADRB2/CAV1/RDX/TACR1/ACE/LMOD3/KANK2/SEMA5A/ESAM/CXCL12/GAB1/KANK4/BDNF/AGTR1/EDN1/DOCK4/KANK3/LMOD1/AGTR2/TRPV2/BMPR2/GPER1/PLEKHH2/HBB/EDNRB/CSF3/AQP4/NOS1/KAT2B/AVPR2/SVEP1/DCC/EDN3",69
"GO:0003231","GO:0003231","cardiac ventricle development","24/1675","89/18842",0.269662921348315,3.03342612778803,6.00620571638028,5.52994026556631e-07,2.74617907362832e-05,2.74617907362832e-05,"TGFBR2/ROBO2/ENG/SLIT3/FOXF1/PDE2A/GJA5/NPY2R/APLNR/CITED2/NRG1/NPY5R/MYL3/SLIT2/TBX5/FGFR2/HEY1/NOTCH1/TGFB2/WNT11/BMPR2/TNNC1/TGFBR3/SMAD7",24
"GO:1901888","GO:1901888","regulation of cell junction assembly","49/1675","265/18842",0.184905660377358,2.07999549422698,5.5305620204019,6.30545711672044e-07,3.08951706819964e-05,3.08951706819964e-05,"MUSK/SNCA/ROBO2/ARHGAP6/ARHGEF15/MYOC/SRGAP2C/MDGA1/GDF2/LIN7A/NRXN1/WNT3A/LRRC4B/PRICKLE1/APLNR/NEGR1/LSAMP/CRTAC1/TBX5/PPM1F/CCDC141/FAM107A/WNT7A/CAV1/SDC2/IL1B/TEK/ACVRL1/GPBAR1/ACE/DLC1/BDNF/GPM6B/PHLDB2/PRKCH/NTM/DOCK4/SLITRK3/PEAK1/LRRTM4/NTRK3/PTPRD/LIMCH1/RTN4RL1/SLITRK2/AMIGO1/FERMT2/CLDN5/PTPN1",49
"GO:0072577","GO:0072577","endothelial cell apoptotic process","20/1675","66/18842",0.303030303030303,3.40877431026685,6.12320383844826,6.34211714879691e-07,3.08951706819964e-05,3.08951706819964e-05,"MIR126/TNFAIP3/ECSCR/NDNF/GATA2/CCL2/CDH5/GAS6/TEK/SEMA5A/DAB2IP/RAMP2/ANGPT1/RGCC/BMPR2/GPER1/COL4A3/ICAM1/IL13/PTPN1",20
"GO:0030900","GO:0030900","forebrain development","48/1675","258/18842",0.186046511627907,2.09282887886151,5.52083279924517,6.79606875560964e-07,3.27942374386258e-05,3.27942374386258e-05,"SLC8A3/PCDH9/AQP1/ROBO2/FEZ1/SHANK3/SRGAP2C/PTCHD1/WNT2B/TYROBP/POU1F1/NTRK2/WNT3A/SEMA3G/NDNF/ERBB4/ALDH1A2/SEMA3D/SSTR1/ATP1B2/LRRK2/FAT4/PHACTR1/SLIT2/TACC1/FOS/FGFR2/ATP1A2/DIXDC1/WNT7A/LHX6/SEMA5A/DAB2IP/DLC1/CXCL12/CRH/KCNA1/MFSD2A/ARL13B/TUBA1A/KIF26A/RTN4RL1/BMP2/AVPR2/P2RY12/NRGN/GRIA1/AGTPBP1",48
"GO:0010743","GO:0010743","regulation of macrophage derived foam cell differentiation","14/1675","35/18842",0.4,4.49958208955224,6.47295550944125,7.04330154660196e-07,3.34889850913162e-05,3.34889850913162e-05,"PLA2G5/PPARG/LPL/NFKBIA/PLA2G3/IL1B/ABCG1/AGTR1/PRKCH/MSR1/CD36/CETP/PLA2G2A/PF4",14
"GO:0003014","GO:0003014","renal system process","29/1675","122/18842",0.237704918032787,2.67393197944703,5.79397979539732,7.07098805447146e-07,3.34889850913162e-05,3.34889850913162e-05,"AQP1/CLDN19/GJA5/NPR1/NPR3/ADCY4/PDGFB/WFS1/SLC15A2/GAS6/TACR1/ADCY9/HYAL2/SLC5A4/INPP5K/AGTR1/EDN1/PTPRO/PDE1C/SGK1/HBB/EDNRB/ADCY8/AQP4/SLC22A6/EMP2/AVPR2/ABCG2/CD34",29
"GO:0061572","GO:0061572","actin filament bundle organization","35/1675","163/18842",0.214723926380368,2.41541983334859,5.66910426926412,7.22919857562089e-07,3.39241749672485e-05,3.39241749672485e-05,"ARHGAP6/SHANK3/ARHGEF15/RFLNB/MYOC/GPR65/FHDC1/SORBS1/ZEB2/PDLIM1/APOA1/PHACTR1/MYL9/PPM1F/FAM107A/TACR1/PTGER4/SYNPO2L/LCP1/DLC1/S1PR1/SYNPO/INPP5K/SYNPO2/PHLDB2/CX3CL1/CCN2/NEDD9/SORBS3/RGCC/ARRB1/CGNL1/LIMCH1/FERMT2/PIK3R1",35
"GO:0085029","GO:0085029","extracellular matrix assembly","16/1675","45/18842",0.355555555555556,3.99962852404643,6.29276680051975,7.56169844321752e-07,3.51618977609614e-05,3.51618977609614e-05,"PPARG/HAS1/PRICKLE1/MFAP4/TIE1/MYH11/LTBP4/GAS6/NTN4/RAMP2/NOTCH1/GPM6B/TNXB/RGCC/FBLN5/TGFBR3",16
"GO:0043434","GO:0043434","response to peptide hormone","69/1675","427/18842",0.161592505854801,1.81774686287532,5.33899039477706,7.80083014642285e-07,3.58353378510317e-05,3.58353378510317e-05,"KLF4/EGR1/PRKCQ/SLC24A4/PPARG/PCSK9/TRARG1/KLF2/PDK4/CARTPT/SORBS1/ACTN2/OTC/CPEB1/RARRES2/ADCY4/GHR/NR4A1/CAT/PLA2G1B/FFAR3/FOS/CAV1/IL1B/FBP1/TNS2/BTG2/ADCY9/ACE/CAV2/ALPL/CXCL12/SCNN1G/GAB1/INPP5K/AGTR1/KL/CYBB/EDN1/NR4A3/KLF15/AGTR2/CAMK2A/INSIG1/PRLH/CA3/RETN/SOCS2/PHEX/GPER1/JUND/VAMP2/PID1/EDNRB/ADCY8/CRHBP/DNAI1/AGRP/TGFBR3/PLA2G2A/DDR2/KAT2B/CDO1/GLP2R/CRY2/GRIA1/PIK3R1/CA2/PTPN1",69
"GO:0046683","GO:0046683","response to organophosphorus","28/1675","116/18842",0.241379310344828,2.71526505404014,5.78828493465215,7.84664289211251e-07,3.58353378510317e-05,3.58353378510317e-05,"SLC8A3/AQP1/DUOX1/P2RX2/PDE2A/P2RX7/P2RX1/GATA1/TRPC3/CFTR/P2RX6/P2RY1/SLC6A4/AKAP7/PER1/FOS/FBP1/KCNE1/DUSP1/MMP19/INPP5K/PENK/AQP9/FOSB/CRHBP/SLC26A3/CDO1/P2RY12",28
"GO:0045766","GO:0045766","positive regulation of angiogenesis","38/1675","185/18842",0.205405405405405,2.31059620814845,5.59559202385383,7.98843868775334e-07,3.61600565379278e-05,3.61600565379278e-05,"AQP1/KLF4/HSPB6/MIR126/JCAD/C6/GDF2/RRAS/HYAL1/CCBE1/CLIC3/APLNR/TIE1/IL1A/TNFSF12/CCL24/PTGIS/GATA2/CDH5/EMILIN2/SASH1/IL1B/ETS1/TEK/C5AR1/GATA6/SEMA5A/CMA1/RAMP2/GAB1/CYBB/ANXA3/FGF2/EMP2/BMPER/ANGPT4/CD34/CAMP",38
"GO:0090257","GO:0090257","regulation of muscle system process","47/1675","252/18842",0.186507936507937,2.09801942667614,5.48128995356295,8.22285287969223e-07,3.68946425259875e-05,3.68946425259875e-05,"SLC8A3/KLF4/MYOCD/CHRM2/CACNG1/PPARG/KBTBD13/GJA5/CARTPT/TRPC3/PRKG1/ADRA1A/APLNR/GATA5/NPR3/NMUR2/CACNB4/TNNT3/JPH4/JPH2/CASQ2/MYL3/MYL9/CAV3/CNN1/ATP1A2/ADRB2/CAV1/ADGRD1/TACR1/PROK2/NOTCH1/KCNA1/NPNT/EDN1/NR4A3/DOCK4/CACNA2D2/GPER1/ARRB1/JUND/NOS1/TNNC1/CACNA1S/SMAD7/LMCD1/EDN3",47
"GO:0086009","GO:0086009","membrane repolarization","18/1675","56/18842",0.321428571428571,3.61573560767591,6.1232624729971,8.71114059637895e-07,3.87456383917203e-05,3.87456383917203e-05,"KCNIP1/SLC24A4/GJA5/CASQ2/ATP1B2/AKAP7/CAV3/SCN4B/ATP1A2/CAV1/KCNE1/SCN2B/KCNA1/KCNJ5/NOS1/KCNH6/KCNA5/KCNJ8",18
"GO:0001894","GO:0001894","tissue homeostasis","39/1675","194/18842",0.201030927835052,2.26138790583167,5.5162707522473,1.01835652514805e-06,4.45204583430108e-05,4.45204583430108e-05,"PCDH15/TNFAIP3/P2RX7/SLC1A1/PDK4/CARTPT/RBP4/PRICKLE1/ZEB2/JAM2/FREM2/FRAS1/ATP1B2/JAM3/PECAM1/CDH5/RP1/FREM3/SLC39A8/ALPL/ESAM/ANGPT1/S1PR1/NOTCH1/ALDH1A1/NFKBIZ/MFSD2A/WWTR1/CDH23/IL6/TLR4/UBASH3B/GJA1/TUBA1A/DCSTAMP/ACP5/SH3GL2/CD34/CLDN5",39
"GO:0060249","GO:0060249","anatomical structure homeostasis","39/1675","194/18842",0.201030927835052,2.26138790583167,5.5162707522473,1.01835652514805e-06,4.45204583430108e-05,4.45204583430108e-05,"PCDH15/TNFAIP3/P2RX7/SLC1A1/PDK4/CARTPT/RBP4/PRICKLE1/ZEB2/JAM2/FREM2/FRAS1/ATP1B2/JAM3/PECAM1/CDH5/RP1/FREM3/SLC39A8/ALPL/ESAM/ANGPT1/S1PR1/NOTCH1/ALDH1A1/NFKBIZ/MFSD2A/WWTR1/CDH23/IL6/TLR4/UBASH3B/GJA1/TUBA1A/DCSTAMP/ACP5/SH3GL2/CD34/CLDN5",39
"GO:0090077","GO:0090077","foam cell differentiation","15/1675","41/18842",0.365853658536585,4.11547142337095,6.23788555500853,1.09839270581709e-06,4.76125312733424e-05,4.76125312733424e-05,"PLA2G5/PPARG/LPL/NFKBIA/APOBR/PLA2G3/IL1B/ABCG1/AGTR1/PRKCH/MSR1/CD36/CETP/PLA2G2A/PF4",15
"GO:0051017","GO:0051017","actin filament bundle assembly","34/1675","159/18842",0.213836477987421,2.40543696611283,5.55902726909791,1.14526564711054e-06,4.92271746636167e-05,4.92271746636167e-05,"ARHGAP6/SHANK3/ARHGEF15/MYOC/GPR65/FHDC1/SORBS1/ZEB2/PDLIM1/APOA1/PHACTR1/MYL9/PPM1F/FAM107A/TACR1/PTGER4/SYNPO2L/LCP1/DLC1/S1PR1/SYNPO/INPP5K/SYNPO2/PHLDB2/CX3CL1/CCN2/NEDD9/SORBS3/RGCC/ARRB1/CGNL1/LIMCH1/FERMT2/PIK3R1",34
"GO:0001570","GO:0001570","vasculogenesis","18/1675","57/18842",0.31578947368421,3.5523016496465,6.02803834454085,1.16799297891393e-06,4.97857007262063e-05,4.97857007262063e-05,"TGFBR2/ENG/SOX17/GDF2/RRAS/APLNR/TIE1/TMEM100/TBX5/SOX18/RASIP1/HEY1/CAV1/RAMP2/NOTCH1/EMP2/TGFBR3/CD34",18
"GO:0032102","GO:0032102","negative regulation of response to external stimulus","67/1675","416/18842",0.161057692307692,1.81173076923077,5.22944159951934,1.26686048784154e-06,5.35536478951195e-05,5.35536478951195e-05,"KLF4/LDLR/ROBO2/VTN/AJAP1/TNFAIP3/NR5A2/CD69/PPARG/FFAR4/TNFAIP8L2/HLA-E/IL18R1/PRKG1/CLEC12B/VSIG4/FGR/A2M/APOA1/HCK/CLEC12A/MEFV/SAMHD1/IL1A/NPY5R/PDGFB/ADTRP/NFATC1/CPB2/PTGIS/IL33/MIR221/SLIT2/CCL2/MMRN1/CDH5/MYOZ1/LPCAT3/CARD16/THBD/IL1B/TEK/PTGER4/SLC39A8/SEMA5A/DUSP1/KLRD1/NOTCH1/SIRPA/F11/EDN1/PTPRO/PHLDB2/NR4A3/KRT1/CX3CL1/PROS1/GPER1/FGF2/SERPING1/MIR222/ALOX5/RTN4RL1/FPR2/IL13/PF4/LILRA2",67
"GO:0007162","GO:0007162","negative regulation of cell adhesion","52/1675","295/18842",0.176271186440678,1.9828666835315,5.31472702057815,1.31897166046006e-06,5.52995085512557e-05,5.52995085512557e-05,"PLA2G5/KLF4/ARHGAP6/AJAP1/MYOC/CD69/LPXN/NOTCH4/TNFAIP8L2/HLA-E/CORO2B/PRKG1/VSIR/VSIG4/SEMA6A/FBLN1/APOA1/PODXL/ADTRP/JAM3/MIR221/SPN/PPM1F/FAM107A/MYADM/ACVRL1/SEMA5A/DUSP1/DLC1/ANGPT1/CXCL12/SPI1/SFTPD/NOTCH1/PTPRO/PHLDB2/CX3CL1/CDH13/FZD4/RND1/CRTAM/IHH/RGCC/LAPTM5/CTSG/PDCD1LG2/MIR222/PLA2G2A/BMP2/SPRY4/SMAD7/PTPN1",52
"GO:0051924","GO:0051924","regulation of calcium ion transport","41/1675","211/18842",0.194312796208531,2.1858159439768,5.41068943729827,1.37201663864436e-06,5.70558138753325e-05,5.70558138753325e-05,"GRAMD2A/F2RL3/SNCA/P2RX2/CACNG1/P2RX7/P2RX1/CACNG6/TRPC3/EPPIN/APLNR/LILRA5/PPP3R2/JPH4/JPH2/CASQ2/PDGFB/PLA2G1B/CCL2/WFS1/CAV3/ATP1A2/CAV1/RGS9/CAPN3/CXCL12/TSPAN18/CRH/INPP5K/CX3CL1/GRIN3B/CAMK2A/UBASH3B/EFHB/TRPV2/ADCYAP1R1/GPER1/NOS1/MYLK/IL13/LILRA2",41
"GO:0014074","GO:0014074","response to purine-containing compound","30/1675","133/18842",0.225563909774436,2.53735832117607,5.55760674264422,1.49704381045551e-06,6.175305718129e-05,6.175305718129e-05,"SLC8A3/AQP1/DUOX1/P2RX2/PDE2A/P2RX7/P2RX1/GATA1/TRPC3/CFTR/P2RX6/CASQ2/P2RY1/SLC6A4/AKAP7/PER1/FOS/FBP1/KCNE1/DUSP1/MMP19/INPP5K/PENK/AQP9/FOSB/CRHBP/CACNA1S/SLC26A3/CDO1/P2RY12",30
"GO:0035265","GO:0035265","organ growth","27/1675","113/18842",0.238938053097345,2.68780346057324,5.62103095318755,1.5183834686743e-06,6.21322515381525e-05,6.21322515381525e-05,"ACACB/PRKG1/RBP4/ERBB4/NRG1/LATS2/SLC6A4/DIPK2A/TBX5/LEPR/FGF10/CAV3/FGFR2/S1PR1/NOTCH1/NDRG4/TGFB2/EDN1/TBX2/OSTN/FGF2/FBLN5/WWC2/MIR222/TGFBR3/DDR2/CLDN18",27
"GO:0001508","GO:0001508","action potential","34/1675","161/18842",0.211180124223602,2.37555576156485,5.47524118912078,1.54643432984184e-06,6.27778698185796e-05,6.27778698185797e-05,"KCNB1/P2RX1/GJA5/NPY2R/KCNA10/CHRNA4/ADRA1A/KCNS1/KCNA4/CASQ2/KCNK3/KCNMB2/AKAP7/CAV3/SCN4B/ATP1A2/CAV1/SCN3B/TACR1/KCNE1/SCN7A/SCN2B/KCNA1/SCN1A/KCNA3/KCNJ5/GJA1/GPER1/NOS1/KCNH6/CD36/GRIA1/KCNA5/KCNJ8",34
"GO:0002040","GO:0002040","sprouting angiogenesis","39/1675","198/18842",0.196969696969697,2.21570330167345,5.37158956002152,1.73442738394565e-06,6.9855087156551e-05,6.9855087156551e-05,"KLF4/MIR126/JCAD/STARD13/EGR3/KLF2/MMRN2/CCBE1/CLEC14A/CLIC3/SEMA6A/APLNR/MEOX2/NR4A1/ADTRP/GATA2/MIR221/SLIT2/MMRN1/CDH5/PPP1R16B/TEK/ACVRL1/SEMA5A/RAMP2/ANGPT1/NOTCH1/TSPAN18/AGTR1/FLT4/RHOJ/CDH13/VEGFD/FGF2/BMPER/MIR222/ALOX5/TGFBR3/RECK",39
"GO:0043542","GO:0043542","endothelial cell migration","51/1675","290/18842",0.175862068965517,1.9782645393721,5.2441139422751,1.78344228467044e-06,7.12680256725725e-05,7.12680256725725e-05,"KLF4/MIR126/JCAD/STARD13/PPARG/GDF2/LPXN/PLPP3/RRAS/EGR3/MMRN2/CLEC14A/ZEB2/PTPRM/PTN/MEOX2/NR4A1/TNFSF12/PDGFB/ADTRP/GATA2/MIR221/SLIT2/MMRN1/CDH5/SOX18/SASH1/ETS1/TEK/ACVRL1/DCN/SEMA5A/DAB2IP/ANGPT1/NOTCH1/GAB1/FLT4/EDN1/ANXA3/RHOJ/CDH13/AGTR2/ATOH8/RGCC/S100A12/FGF2/VASH1/EMP2/BMPER/TGFBR3/ANGPT4",51
"GO:0060411","GO:0060411","cardiac septum morphogenesis","17/1675","53/18842",0.320754716981132,3.60815544916925,5.93925197519798,1.80662028984641e-06,7.16345952136775e-05,7.16345952136775e-05,"TGFBR2/ROBO2/ENG/SLIT3/SMAD6/APLNR/CITED2/SLIT2/FGFR2/HEY1/GATA6/NOTCH1/TGFB2/TBX2/BMPR2/TGFBR3/SMAD7",17
"GO:0045785","GO:0045785","positive regulation of cell adhesion","69/1675","437/18842",0.157894736842105,1.77615082482325,5.1278003521646,1.82781012738955e-06,7.19172984738271e-05,7.19172984738272e-05,"DOCK8/TGFBR2/MAP3K8/HLA-DRA/NR5A2/CASS4/MYOC/PRKCQ/GPR65/AGER/PLPP3/RRAS/HYAL1/HLA-E/NCKAP1L/MAGI1/VSIR/VIT/UTRN/CITED2/NDNF/HLA-DPA1/ECM2/FBLN1/ALOX15/IL7R/APOA1/NRG1/PODXL/DUSP26/IL1A/TFRC/PDGFB/HLA-DRB5/SELP/SELE/PDPN/CCL2/PPM1F/MMRN1/EMILIN2/MYADM/CAV1/IL1B/ETS1/TEK/ZBTB16/DAB2/CXCL12/NFKBIZ/SIRPA/TGFB2/NPNT/NR4A3/IL6/CX3CL1/NEDD9/CDH13/IHH/CTSG/PDCD1LG2/SIRPB1/EMP2/CD36/ALOX5/P2RY12/FERMT2/HLA-DOA/SMAD7",69
"GO:0007156","GO:0007156","homophilic cell-cell adhesion","36/1675","177/18842",0.203389830508475,2.28792309638249,5.37742973647359,1.96664763535298e-06,7.67893332429808e-05,7.67893332429808e-05,"PCDH9/FAT3/ROBO2/CNTN4/PCDH15/PCDH11X/PCDHGB7/CADM1/PCDH10/PTPRM/CADM3/PTPRT/FAT4/PECAM1/NEXN/PCDH17/CDH5/CEACAM8/HMCN2/PCDHGA12/ESAM/CDHR3/ROBO4/CDHR4/CNTN6/CDH23/PCDHB4/PCDH12/CDH13/PCDH11Y/CDH10/PCDHA12/CDH19/AMIGO1/DCHS1/PCDHGC3",36
"GO:0006956","GO:0006956","complement activation","19/1675","65/18842",0.292307692307692,3.2881561423651,5.77220051469716,2.20756935393108e-06,8.55433124648292e-05,8.55433124648292e-05,"FCN3/C6/CD5L/C1QB/VSIG4/A2M/COLEC10/MASP1/CFD/C7/C4BPA/IL1B/CFP/KRT1/C8B/C1QC/FCN1/SERPING1/C1QA",19
"GO:0002765","GO:0002765","immune response-inhibiting signal transduction","14/1675","38/18842",0.368421052631579,4.14435192458759,6.06052157299383,2.27389756600533e-06,8.68840090721959e-05,8.68840090721959e-05,"CLEC12B/LILRA5/LILRB3/KIR3DL1/KIR2DL3/CD33/FCAR/KIR2DS4/LAIR1/LILRA6/LILRA1/KIR2DL1/LILRA2/NCR1",14
"GO:0040008","GO:0040008","regulation of growth","74/1675","482/18842",0.153526970954357,1.72701802192358,5.05061813999674,2.27614021811813e-06,8.68840090721959e-05,8.68840090721959e-05,"MUSK/MT1A/SLIT3/ACACB/SOX17/PRKCQ/GDF2/LIN7A/HYAL1/SESN1/NPR1/RBP4/SYT4/FHL1/PAK5/SEMA3G/CRYAB/ERBB4/NRG1/SEMA6D/LATS2/VIM/CDKL5/LTBP4/GHR/NRG3/SLC6A4/MAG/RERG/CXCL16/MT1M/SLIT2/WFDC1/TBX5/PPM1F/WFS1/CAV3/FGFR2/FAM107A/MYOZ1/FBP1/ACVRL1/SPAAR/SEMA5A/HYAL2/CAPN3/DAB2/CXCL12/NOTCH1/BDNF/TGFB2/MFSD2A/AGTR1/EDN1/TBX2/RASGRP2/AGTR2/GJA1/HBEGF/TRPV2/SOCS2/DCSTAMP/BMPR2/SGK1/OSTN/FGF2/WWC2/MIR222/PRDM11/KIF26A/TGFBR3/MT1X/DCC/SMAD7",74
"GO:0014706","GO:0014706","striated muscle tissue development","49/1675","277/18842",0.176895306859206,1.98988738617382,5.18430298362789,2.37911761550313e-06,8.86456654072894e-05,8.86456654072893e-05,"CYP26B1/MYOCD/ENG/ANKRD1/TBX3/GJA5/WNT3A/RBP4/PRICKLE1/GATA5/ACTN2/ERBB4/TCF21/NRG1/JPH2/MYH11/CFL2/DIPK2A/MYL3/TBX5/RBM24/CAV3/FGFR2/HEY1/MYOZ1/CAV1/NEBL/SGCG/GATA6/CAV2/LMOD3/S1PR1/RCAN1/NOTCH1/NDRG4/TGFB2/EDN1/TBX2/KLHL41/MYLK3/GJA1/FGF2/PGM5/TNNC1/MIR222/TGFBR3/BMP2/SMAD7/EGR2",49
"GO:0035150","GO:0035150","regulation of tube size","29/1675","129/18842",0.224806201550388,2.52883489529099,5.44246832427326,2.39161326025531e-06,8.86456654072894e-05,8.86456654072893e-05,"ADRA1D/ADRB1/KLF2/GJA5/PRKG1/NPR1/ADRA1A/P2RY1/SLC6A4/PECAM1/KCNMB2/ADRB2/CAV1/TACR1/ACE/GAB1/AGTR1/EDN1/DOCK4/AGTR2/BMPR2/GPER1/HBB/EDNRB/NOS1/KAT2B/AVPR2/SVEP1/EDN3",29
"GO:0035296","GO:0035296","regulation of tube diameter","29/1675","129/18842",0.224806201550388,2.52883489529099,5.44246832427326,2.39161326025531e-06,8.86456654072894e-05,8.86456654072893e-05,"ADRA1D/ADRB1/KLF2/GJA5/PRKG1/NPR1/ADRA1A/P2RY1/SLC6A4/PECAM1/KCNMB2/ADRB2/CAV1/TACR1/ACE/GAB1/AGTR1/EDN1/DOCK4/AGTR2/BMPR2/GPER1/HBB/EDNRB/NOS1/KAT2B/AVPR2/SVEP1/EDN3",29
"GO:0097746","GO:0097746","blood vessel diameter maintenance","29/1675","129/18842",0.224806201550388,2.52883489529099,5.44246832427326,2.39161326025531e-06,8.86456654072894e-05,8.86456654072893e-05,"ADRA1D/ADRB1/KLF2/GJA5/PRKG1/NPR1/ADRA1A/P2RY1/SLC6A4/PECAM1/KCNMB2/ADRB2/CAV1/TACR1/ACE/GAB1/AGTR1/EDN1/DOCK4/AGTR2/BMPR2/GPER1/HBB/EDNRB/NOS1/KAT2B/AVPR2/SVEP1/EDN3",29
"GO:0010543","GO:0010543","regulation of platelet activation","17/1675","54/18842",0.314814814814815,3.54133775566611,5.84159131218782,2.41957786336262e-06,8.90369839647466e-05,8.90369839647466e-05,"PRKCQ/GNAQ/PRKG1/FCER1G/PDGFB/SELP/PDPN/MMRN1/EMILIN2/THBD/IL6/TLR4/CTSG/CELA2B/GP9/PEAR1/SVEP1",17
"GO:0006937","GO:0006937","regulation of muscle contraction","35/1675","172/18842",0.203488372093023,2.28903158625477,5.30478516950164,2.68373661572659e-06,9.79559275233265e-05,9.79559275233265e-05,"SLC8A3/MYOCD/CHRM2/CACNG1/KBTBD13/GJA5/PRKG1/ADRA1A/NMUR2/CACNB4/TNNT3/JPH4/JPH2/CASQ2/MYL3/MYL9/CAV3/CNN1/ATP1A2/ADRB2/CAV1/ADGRD1/TACR1/PROK2/KCNA1/NPNT/EDN1/DOCK4/CACNA2D2/GPER1/NOS1/TNNC1/CACNA1S/SMAD7/EDN3",35
"GO:0003002","GO:0003002","regionalization","45/1675","247/18842",0.182186234817814,2.04940479787298,5.1856787342772,2.70025137454331e-06,9.79559275233265e-05,9.79559275233265e-05,"TGFBR2/CFC1B/DNAI2/CYP26B1/ROBO2/ENG/TBX3/SOX17/NKD1/WNT2B/ENKUR/SMAD6/ODAD4/HOXA5/PRICKLE1/APLNR/GATA5/HELT/CITED2/TLL1/HOXA4/IRX1/ODAD3/SOX18/HEY1/DAW1/ACVRL1/CFAP52/CFAP53/NOTCH1/NDRG4/COBL/ARL13B/TBX2/WNT11/IHH/LEFTY2/BMPR2/CFC1/DNAI1/ODAD2/BMP2/SOSTDC1/C1QA/DNAAF1",45
"GO:1903034","GO:1903034","regulation of response to wounding","34/1675","165/18842",0.206060606060606,2.31796653098146,5.31135061698138,2.76506903369982e-06,9.96009021646097e-05,9.96009021646097e-05,"DUOX1/VTN/AJAP1/TNFAIP3/PRKG1/PTN/SCARF1/PDGFB/ADTRP/CPB2/IL33/MIR221/MMRN1/PRKCE/EMILIN2/MYOZ1/THBD/CAV1/F11/EDN1/PHLDB2/KRT1/HBEGF/PROS1/FGF2/SERPING1/MYLK/CD36/MIR222/ALOX5/DDR2/RTN4RL1/PF4/FERMT2",34
"GO:0007200","GO:0007200","phospholipase C-activating G protein-coupled receptor signaling pathway","33/1675","158/18842",0.208860759493671,2.34946533157,5.32068468972423,2.82833170301359e-06,0.000101007309793588,0.000101007309793588,"F2RL3/CMKLR1/CHRM2/PLCE1/ADRA1D/FPR1/FFAR4/GNAQ/RASGRP4/NRXN1/NMBR/ADRA1A/CHRM1/DGKK/NMUR2/ACTN2/OXGR1/P2RY1/SELE/NMUR1/TACR1/C5AR1/S1PR1/PTH1R/CX3CR1/AGTR1/GPR4/EDNRB/PTAFR/CXCR2/GRID1/FPR2/P2RY12",33
"GO:0045123","GO:0045123","cellular extravasation","19/1675","66/18842",0.287878787878788,3.2383355947535,5.68994158029346,2.84360754844118e-06,0.000101007309793588,0.000101007309793588,"ITGAL/AGER/SELPLG/JAM2/JAM3/PECAM1/LYVE1/SPN/SELP/SELE/CCL2/PTGER4/CXCL12/CX3CR1/BST1/SIRPA/CX3CL1/JAML/ICAM1",19
"GO:0110020","GO:0110020","regulation of actomyosin structure organization","24/1675","97/18842",0.247422680412371,2.78324665333128,5.5000512878011,2.9615575045195e-06,0.00010447149403874,0.00010447149403874,"ARHGAP6/ARHGEF15/MYOC/GPR65/APOA1/PPM1F/CAV3/TACR1/PTGER4/SYNPO2L/DLC1/S1PR1/SYNPO/INPP5K/EDN1/PHLDB2/MYLK3/CCN2/SORBS3/RGCC/CGNL1/LIMCH1/FERMT2/PIK3R1",24
"GO:1902895","GO:1902895","positive regulation of miRNA transcription","17/1675","55/18842",0.309090909090909,3.47694979647218,5.7462168092022,3.213755018229e-06,0.000111201061908698,0.000111201061908698,"KLF4/MYOCD/EGR1/PPARG/SMAD6/APLN/PDGFB/GATA2/FOS/ETS1/SPI1/TGFB2/JUN/IL6/ATOH8/FGF2/BMP2",17
"GO:0035633","GO:0035633","maintenance of blood-brain barrier","13/1675","34/18842",0.382352941176471,4.30107111501317,6.01776477444588,3.22297487310262e-06,0.000111201061908698,0.000111201061908698,"SLC1A1/ZEB2/JAM2/JAM3/PECAM1/CDH5/ESAM/ANGPT1/MFSD2A/IL6/GJA1/SH3GL2/CLDN5",13
"GO:0060412","GO:0060412","ventricular septum morphogenesis","13/1675","34/18842",0.382352941176471,4.30107111501317,6.01776477444588,3.22297487310262e-06,0.000111201061908698,0.000111201061908698,"TGFBR2/ROBO2/SLIT3/APLNR/CITED2/SLIT2/FGFR2/HEY1/NOTCH1/TGFB2/BMPR2/TGFBR3/SMAD7",13
"GO:0010742","GO:0010742","macrophage derived foam cell differentiation","14/1675","39/18842",0.358974358974359,4.0380864906238,5.9324083967009,3.25801961919058e-06,0.000111201061908698,0.000111201061908698,"PLA2G5/PPARG/LPL/NFKBIA/PLA2G3/IL1B/ABCG1/AGTR1/PRKCH/MSR1/CD36/CETP/PLA2G2A/PF4",14
"GO:0002444","GO:0002444","myeloid leukocyte mediated immunity","25/1675","104/18842",0.240384615384615,2.7040757749713,5.44322306031324,3.26102820846622e-06,0.000111201061908698,0.000111201061908698,"RAB44/DAO/PTGDS/TYROBP/GATA1/HLA-E/GNAQ/FCGR3B/FGR/LAT2/DNASE1L3/PLA2G3/GATA2/PLA2G1B/BTK/FCAR/ACE/SPI1/FCGR3A/CX3CR1/ANXA3/NR4A3/IL6/CTSG/VAMP2",25
"GO:0050680","GO:0050680","negative regulation of epithelial cell proliferation","29/1675","131/18842",0.221374045801527,2.49022672895067,5.34627967732844,3.31867940656586e-06,0.000112417517646254,0.000112417517646254,"MCC/MIR126/ENG/CDKN1C/NUPR1/PPARG/GDF2/MMRN2/PTPRM/KLF9/CCL2/FGFR2/CDKN2B/CAV1/ACVRL1/GATA6/CAV2/DAB2IP/DAB2/KRT4/TGFB2/ATOH8/RGCC/JUND/COL4A3/VASH1/MIR222/ALOX5/TGFBR3",29
"GO:0099177","GO:0099177","regulation of trans-synaptic signaling","74/1675","488/18842",0.151639344262295,1.70578419378517,4.93433523978662,3.60612594799903e-06,0.00012135088305273,0.00012135088305273,"ARHGAP44/SLC8A3/KMO/CNTN4/KCNB1/CHRM2/SHANK3/AGER/LRRC4/SLC1A1/P2RX1/TYROBP/TNR/NTRK2/BCHE/RIMS4/NRXN1/WNT3A/CHRNA4/ADRA1A/SYT4/CHRM1/SYP/MME/PTN/CACNB4/PLCL1/JPH4/ARC/CDKL5/P2RY1/NRG3/NPY5R/SLC6A4/LRRK2/CCL2/AKAP7/CHRNA2/FAM107A/ATP1A2/WNT7A/ADRB2/IL1B/ABHD6/TACR1/ACE/FABP5/GRIK4/GRM3/RASGRF1/CX3CR1/CRH/BDNF/CHRDL1/CX3CL1/GRIN3B/CAMK2A/PENK/NRN1/RETN/GPER1/NTNG1/VAMP2/DLGAP2/AKAP12/ADCY8/PTPRD/GABRA4/GRID1/NRGN/GRIA1/DCC/CBLN4/CNRIP1",74
"GO:0045926","GO:0045926","negative regulation of growth","37/1675","189/18842",0.195767195767196,2.20217641948985,5.1884416740269,3.6778886402349e-06,0.0001229568653255,0.0001229568653255,"MT1A/SLIT3/SOX17/GDF2/HYAL1/SESN1/NPR1/RBP4/FHL1/SEMA3G/CRYAB/SEMA6D/LATS2/SLC6A4/MAG/RERG/MT1M/SLIT2/WFDC1/TBX5/CAV3/MYOZ1/FBP1/ACVRL1/SEMA5A/HYAL2/DAB2/TGFB2/AGTR2/GJA1/DCSTAMP/BMPR2/OSTN/WWC2/PRDM11/MT1X/DCC",37
"GO:0060537","GO:0060537","muscle tissue development","51/1675","298/18842",0.171140939597315,1.92515676650306,5.02844760413213,4.02508655544878e-06,0.000133690374877406,0.000133690374877406,"CYP26B1/MYOCD/ENG/ANKRD1/TBX3/GJA5/WNT3A/RBP4/PRICKLE1/GATA5/ACTN2/ERBB4/TCF21/NRG1/JPH2/MYH11/CFL2/DIPK2A/MYL3/TBX5/RBM24/CAV3/FGFR2/HEY1/MYOZ1/CAV1/NEBL/SGCG/ITGA8/GATA6/CAV2/LMOD3/S1PR1/RCAN1/NOTCH1/NDRG4/TGFB2/EDN1/TBX2/KLHL41/MYLK3/GJA1/FGF2/PGM5/TNNC1/MYLK/MIR222/TGFBR3/BMP2/SMAD7/EGR2",51
"GO:0034762","GO:0034762","regulation of transmembrane transport","62/1675","388/18842",0.15979381443299,1.79751346360979,4.95816305675538,4.06124835887783e-06,0.000134021195842969,0.000134021195842969,"FXYD1/F2RL3/SNCA/KCNIP1/P2RX2/CACNG1/P2RX7/PCSK9/FFAR4/P2RX1/CACNG6/CARTPT/TRPC3/APLNR/SORBS1/UTRN/FHL1/PPP3R2/SLC31A2/KCNS1/PTPRM/STAC3/JPH4/FXYD6/JPH2/CASQ2/ATP1B2/DAPK1/SLC17A8/PLA2G1B/AKAP7/PRKCE/KCNAB1/CAV3/ATP1A2/CAV1/IL1B/RGS9/KCNE1/ITLN1/CAPN3/STOM/CRH/INPP5K/EDN1/NR4A3/CX3CL1/UBASH3B/ADCYAP1R1/GPER1/VAMP2/PID1/CRHBP/NOS1/IL13/GRIA1/DPP6/AMIGO1/KCNAB2/PIK3R1/STAC/CA2",62
"GO:2000146","GO:2000146","negative regulation of cell motility","61/1675","380/18842",0.160526315789474,1.80575333857031,4.95640419110822,4.172335420651e-06,0.000135384231176035,0.000135384231176035,"MCC/KLF4/MIR126/MYOCD/ENG/CLDN19/STARD13/CD69/SRGAP2C/PPARG/GDF2/MMRN2/HAS1/PRKG1/EPPIN/ZEB2/CITED2/PTPRM/MEOX2/FBLN1/ATP1B2/PTPRT/ADTRP/ADARB1/IL33/DNAI3/MIR221/DACH1/SLIT2/TBX5/CCL2/MMRN1/EMILIN2/ACVRL1/PTGER4/DCN/DAB2IP/DUSP1/HYAL2/SCAI/DLC1/CXCL12/NOTCH1/NDRG4/CYGB/PHLDB2/CX3CL1/NEDD9/AGTR2/GJA1/RGCC/FGF2/VASH1/LIMCH1/MITF/TGFBR3/RECK/ANGPT4/SMAD7/CLDN5/PTPN1",61
"GO:0002697","GO:0002697","regulation of immune effector process","57/1675","347/18842",0.164265129682997,1.84781108864897,4.97907695843773,4.17319565876599e-06,0.000135384231176035,0.000135384231176035,"PLA2G5/SH2D1B/HLA-DRA/CD244/FCN3/C6/CD69/CD5L/TNFSF13/AGER/TYROBP/GATA1/CADM1/HLA-E/NCKAP1L/IL18R1/RASGRP4/RBP4/CLEC12B/VSIG4/FGR/A2M/COLEC10/APOA1/MASP1/JUNB/TFRC/DNASE1L3/PLA2G3/IL33/GATA2/FFAR3/C4BPA/IL1B/BTK/KLK3/NCF1/KLRD1/SPI1/CX3CR1/NFKBIZ/TGFB2/NR4A3/CFP/IL6/ARID5A/CRTAM/CLC/LAPTM5/FCN1/SERPING1/ICAM1/IL13/IL27/SCIMP/SMAD7/NCR1",57
"GO:0010744","GO:0010744","positive regulation of macrophage derived foam cell differentiation","10/1675","21/18842",0.476190476190476,5.35664534470505,6.23954159601489,4.23489286181145e-06,0.000135384231176035,0.000135384231176035,"PLA2G5/LPL/PLA2G3/IL1B/AGTR1/PRKCH/MSR1/CD36/PLA2G2A/PF4",10
"GO:0019370","GO:0019370","leukotriene biosynthetic process","10/1675","21/18842",0.476190476190476,5.35664534470505,6.23954159601489,4.23489286181145e-06,0.000135384231176035,0.000135384231176035,"PLA2G5/GGTLC1/GGTLC3/PLA2G1B/GGTLC2/GGTA1/ALOX5/LTC4S/CAMP/ALOX5AP",10
"GO:0036158","GO:0036158","outer dynein arm assembly","10/1675","21/18842",0.476190476190476,5.35664534470505,6.23954159601489,4.23489286181145e-06,0.000135384231176035,0.000135384231176035,"DNAI2/CLXN/ODAD4/DNAAF6/ODAD3/DAW1/ZMYND10/DNAI1/ODAD2/DNAAF1",10
"GO:0036303","GO:0036303","lymph vessel morphogenesis","9/1675","17/18842",0.529411764705882,5.95532923617208,6.38471711347095,4.26483494302993e-06,0.000135494600829802,0.000135494600829802,"CCBE1/TIE1/PDPN/SOX18/ACVRL1/FLT4/BMPR2/VASH1/SVEP1",9
"GO:0046456","GO:0046456","icosanoid biosynthetic process","18/1675","62/18842",0.290322580645161,3.26582571015888,5.5819601034061,4.52413304558762e-06,0.00014284531190235,0.00014284531190235,"PLA2G5/GGTLC1/PTGDS/PLA2G3/PTGIS/GGTLC3/HPGDS/PLA2G1B/GGTLC2/IL1B/FABP5/EDN1/GGTA1/ALOX5/LTC4S/NLRC4/CAMP/ALOX5AP",18
"GO:0030324","GO:0030324","lung development","19/1675","68/18842",0.279411764705882,3.14309043020193,5.53004574040792,4.63520362684844e-06,0.000145454396020428,0.000145454396020428,"FOXF1/RBP4/EPAS1/MME/TCF21/PKDCC/PDPN/FGF10/FGFR2/SFTPD/ABCA3/TBX2/WNT11/PHEX/BMPR2/BMP2/CLDN18/IL13/DNAAF1",19
"GO:0003203","GO:0003203","endocardial cushion morphogenesis","13/1675","35/18842",0.371428571428571,4.17818336886994,5.87848463648223,4.71126493400041e-06,0.000146049212954013,0.000146049212954013,"TGFBR2/ROBO2/ENG/TBX3/APLNR/GATA5/HEY1/ACVRL1/NOTCH1/TGFB2/TBX2/BMP2/DCHS1",13
"GO:0042551","GO:0042551","neuron maturation","13/1675","35/18842",0.371428571428571,4.17818336886994,5.87848463648223,4.71126493400041e-06,0.000146049212954013,0.000146049212954013,"KCNB1/MYOC/ANKS1A/SCARF1/LRRK2/LGI4/NDRG4/CX3CL1/SRRM4/RND1/EDNRB/ADGRB3/C1QA",13
"GO:0030336","GO:0030336","negative regulation of cell migration","59/1675","365/18842",0.161643835616438,1.81832426906563,4.9313782001299,4.7837265431387e-06,0.000147402176314184,0.000147402176314184,"MCC/KLF4/MIR126/MYOCD/ENG/CLDN19/STARD13/CD69/SRGAP2C/PPARG/GDF2/MMRN2/HAS1/PRKG1/ZEB2/CITED2/PTPRM/MEOX2/ATP1B2/PTPRT/ADTRP/ADARB1/IL33/DNAI3/MIR221/DACH1/SLIT2/TBX5/CCL2/MMRN1/EMILIN2/ACVRL1/PTGER4/DCN/DAB2IP/DUSP1/HYAL2/SCAI/DLC1/CXCL12/NOTCH1/NDRG4/CYGB/PHLDB2/CX3CL1/NEDD9/AGTR2/GJA1/RGCC/FGF2/VASH1/LIMCH1/MITF/TGFBR3/RECK/ANGPT4/SMAD7/CLDN5/PTPN1",59
"GO:0001936","GO:0001936","regulation of endothelial cell proliferation","34/1675","169/18842",0.201183431952663,2.26310341782213,5.15213685891241,4.82271040735594e-06,0.000147713555291171,0.000147713555291171,"MIR126/ENG/JCAD/PPARG/GDF2/EGR3/APLN/MMRN2/APLNR/TIE1/PTPRM/NR4A1/TNFSF12/PDGFB/CCL24/GATA2/CCL2/CAV1/PPP1R16B/TEK/ACVRL1/CAV2/SEMA5A/CXCL12/AGTR1/FLT4/CDH13/ATOH8/RGCC/COL4A3/FGF2/VASH1/MIR222/ALOX5",34
"GO:0007368","GO:0007368","determination of left/right symmetry","22/1675","87/18842",0.252873563218391,2.84456338994682,5.38650235025259,5.16400963407953e-06,0.000157225650466171,0.000157225650466171,"TGFBR2/CFC1B/DNAI2/ENG/SOX17/ENKUR/ODAD4/APLNR/CITED2/ODAD3/SOX18/DAW1/CFAP52/CFAP53/NOTCH1/NDRG4/TBX2/IHH/CFC1/DNAI1/ODAD2/DNAAF1",22
"GO:0048729","GO:0048729","tissue morphogenesis","64/1675","408/18842",0.156862745098039,1.76454199590284,4.87678728315158,5.33259655989713e-06,0.000161397818957833,0.000161397818957833,"TGFBR2/KLF4/ROBO2/AJAP1/ENG/ANKRD1/TBX3/STARD13/SOX17/FOXF1/NKD1/GDF2/NOTCH4/MMRN2/WNT3A/ARHGAP24/PRICKLE1/APLNR/GATA5/FLRT3/TIE1/KRT27/TCF21/NRG1/PODXL/IRX1/MIR221/MYL3/SLIT2/PDPN/FGF10/FGFR2/SOX18/RASIP1/WNT7A/HEY1/ACTG2/ACVRL1/ITGA8/DLC1/S1PR1/NOTCH1/NDRG4/TGFB2/COBL/NPNT/PHLDB2/TBX2/WNT11/AGTR2/IHH/GJA1/HBEGF/BMPR2/GPC3/FGF2/TNNC1/MYLK/TGFBR3/BMP2/FERMT2/DNAAF1/DCHS1/SMAD7",64
"GO:0048738","GO:0048738","cardiac muscle tissue development","37/1675","192/18842",0.192708333333333,2.16776741293532,5.08018730730127,5.38934402609656e-06,0.000162155851138141,0.000162155851138141,"MYOCD/ENG/ANKRD1/TBX3/GJA5/WNT3A/RBP4/PRICKLE1/GATA5/ACTN2/ERBB4/NRG1/JPH2/MYH11/DIPK2A/MYL3/TBX5/CAV3/FGFR2/HEY1/NEBL/SGCG/GATA6/S1PR1/NOTCH1/NDRG4/TGFB2/EDN1/TBX2/MYLK3/GJA1/FGF2/TNNC1/MIR222/TGFBR3/BMP2/SMAD7",37
"GO:0003171","GO:0003171","atrioventricular valve development","11/1675","26/18842",0.423076923076923,4.75917336394948,5.99138949302655,5.81892720925064e-06,0.000174057384066181,0.000174057384066181,"TGFBR2/SLIT3/SMAD6/GJA5/APLNR/HEY1/NOTCH1/TGFB2/BMPR2/BMP2/DCHS1",11
"GO:0010927","GO:0010927","cellular component assembly involved in morphogenesis","26/1675","114/18842",0.228070175438596,2.56555119141136,5.23704342756869,5.91185300354859e-06,0.000174792648052896,0.000174792648052896,"PMP22/ANKRD1/TMOD1/ZPBP/TPPP/ACTN2/TNNT3/MYH11/MAG/MYL9/CAV3/CFAP65/MYOZ1/PLLP/RFX2/NEBL/SYNPO2L/LMOD3/CAPN3/EDN1/KLHL41/MYLK3/LMOD1/PGM5/MYOM2/EPB41L3",26
"GO:0032989","GO:0032989","cellular anatomical entity morphogenesis","26/1675","114/18842",0.228070175438596,2.56555119141136,5.23704342756869,5.91185300354859e-06,0.000174792648052896,0.000174792648052896,"PMP22/ANKRD1/TMOD1/ZPBP/TPPP/ACTN2/TNNT3/MYH11/MAG/MYL9/CAV3/CFAP65/MYOZ1/PLLP/RFX2/NEBL/SYNPO2L/LMOD3/CAPN3/EDN1/KLHL41/MYLK3/LMOD1/PGM5/MYOM2/EPB41L3",26
"GO:0002262","GO:0002262","myeloid cell homeostasis","28/1675","128/18842",0.21875,2.46070895522388,5.17961572836543,6.20540214723505e-06,0.00018209781692022,0.00018209781692022,"HBA2/TRIM58/GATA1/NCKAP1L/HOXA5/EPAS1/HBZ/MIR221/MPIG6B/TAL1/HBD/ETS1/BTK/FCAR/AHSP/SPI1/KLF13/IL6/ALAS2/ZFP36/HBA1/HBB/MIR222/HBM/TGFBR3/RHEX/EPB42/HCAR2",28
"GO:0061041","GO:0061041","regulation of wound healing","29/1675","135/18842",0.214814814814815,2.41644223327805,5.15912268281307,6.23013058866832e-06,0.00018209781692022,0.00018209781692022,"DUOX1/VTN/AJAP1/TNFAIP3/PRKG1/PDGFB/ADTRP/CPB2/MIR221/MMRN1/PRKCE/EMILIN2/MYOZ1/THBD/CAV1/F11/EDN1/PHLDB2/KRT1/HBEGF/PROS1/FGF2/SERPING1/MYLK/CD36/ALOX5/DDR2/PF4/FERMT2",29
"GO:0032231","GO:0032231","regulation of actin filament bundle assembly","24/1675","101/18842",0.237623762376238,2.67301906310034,5.26595778211765,6.3090417825446e-06,0.000182446541218442,0.000182446541218442,"ARHGAP6/SHANK3/ARHGEF15/MYOC/GPR65/APOA1/PPM1F/TACR1/PTGER4/SYNPO2L/DLC1/S1PR1/SYNPO/INPP5K/SYNPO2/PHLDB2/CX3CL1/CCN2/SORBS3/RGCC/CGNL1/LIMCH1/FERMT2/PIK3R1",24
"GO:0060972","GO:0060972","left/right pattern formation","22/1675","88/18842",0.25,2.81223880597015,5.32257736793403,6.3133993735414e-06,0.000182446541218442,0.000182446541218442,"TGFBR2/CFC1B/DNAI2/ENG/SOX17/ENKUR/ODAD4/APLNR/CITED2/ODAD3/SOX18/DAW1/CFAP52/CFAP53/NOTCH1/NDRG4/TBX2/IHH/CFC1/DNAI1/ODAD2/DNAAF1",22
"GO:1904064","GO:1904064","positive regulation of cation transmembrane transport","26/1675","115/18842",0.226086956521739,2.54324205061648,5.18514660776623,7.00114641274004e-06,0.000201184628658232,0.000201184628658232,"FXYD1/F2RL3/SNCA/P2RX2/P2RX7/P2RX1/TRPC3/APLNR/FHL1/PPP3R2/STAC3/FXYD6/ATP1B2/PLA2G1B/AKAP7/CAV1/KCNE1/CAPN3/EDN1/CX3CL1/ADCYAP1R1/GPER1/NOS1/IL13/AMIGO1/STAC",26
"GO:0001946","GO:0001946","lymphangiogenesis","8/1675","14/18842",0.571428571428571,6.42797441364606,6.3461727767002,7.06457672473963e-06,0.000201873239927616,0.000201873239927616,"CCBE1/TIE1/PDPN/SOX18/ACVRL1/FLT4/BMPR2/VASH1",8
"GO:0030323","GO:0030323","respiratory tube development","19/1675","70/18842",0.271428571428571,3.05328784648188,5.37595668264778,7.3888200919617e-06,0.000209965637613245,0.000209965637613245,"FOXF1/RBP4/EPAS1/MME/TCF21/PKDCC/PDPN/FGF10/FGFR2/SFTPD/ABCA3/TBX2/WNT11/PHEX/BMPR2/BMP2/CLDN18/IL13/DNAAF1",19
"GO:0071695","GO:0071695","anatomical structure maturation","35/1675","180/18842",0.194444444444444,2.18729684908789,4.99952393809791,7.79006025653439e-06,0.000220144520509245,0.000220144520509245,"RXFP2/KCNB1/RFLNB/MYOC/SLC24A4/PPARG/TRIM58/CFTR/ROPN1L/CATSPERD/ANKS1A/SCARF1/LRRK2/ACVRL1/ZBTB16/LHX6/ZAR1/S1PR1/CX3CR1/LGI4/NDRG4/TGFB2/EDN1/CX3CL1/SRRM4/RND1/EDNRB/ADGRB3/RHEX/SLC26A3/EPB42/BMP2/RECK/C1QA/PHOSPHO1",35
"GO:0006813","GO:0006813","potassium ion transport","41/1675","226/18842",0.18141592920354,2.04073966450931,4.91660499432368,8.20682900130779e-06,0.000230647968910381,0.000230647968910381,"FXYD1/AQP1/KCNB1/KCNIP1/KCNJ16/SLC24A4/P2RX7/MCOLN1/GJA5/KCNA10/CNGA4/FHL1/KCNS1/ACTN2/SLC12A4/FXYD6/KCNA4/CASQ2/ATP1B2/KCNK3/KCNMB2/AKAP7/KCNAB1/CAV3/ATP1A2/CAV1/KCNE1/PKD2L1/KCNA1/KCNJ15/KCNA3/KCNJ5/NOS1/KCNH6/KCNN3/DPP6/AMIGO1/KCNT2/KCNAB2/KCNA5/KCNJ8",41
"GO:0009799","GO:0009799","specification of symmetry","23/1675","96/18842",0.239583333333333,2.69506218905473,5.20090742453247,8.44615304378647e-06,0.000234793874016129,0.000234793874016129,"TGFBR2/CFC1B/DNAI2/ENG/SOX17/ENKUR/ODAD4/APLNR/CITED2/ODAD3/SOX18/DAW1/CFAP52/CFAP53/NOTCH1/NDRG4/TBX2/IHH/CFC1/DNAI1/ODAD2/SOSTDC1/DNAAF1",23
"GO:0009855","GO:0009855","determination of bilateral symmetry","23/1675","96/18842",0.239583333333333,2.69506218905473,5.20090742453247,8.44615304378647e-06,0.000234793874016129,0.000234793874016129,"TGFBR2/CFC1B/DNAI2/ENG/SOX17/ENKUR/ODAD4/APLNR/CITED2/ODAD3/SOX18/DAW1/CFAP52/CFAP53/NOTCH1/NDRG4/TBX2/IHH/CFC1/DNAI1/ODAD2/SOSTDC1/DNAAF1",23
"GO:0050920","GO:0050920","regulation of chemotaxis","37/1675","196/18842",0.188775510204082,2.12352726165093,4.93890858016489,8.81766009007079e-06,0.000243314475770431,0.000243314475770431,"ROBO2/CMKLR1/NCKAP1L/PTN/RARRES2/PDGFB/JAM3/SLIT2/NOVA2/CCL2/PPM1F/GAS6/DAPK2/C5AR1/SEMA5A/DUSP1/CXCR1/S1PR1/CXCL12/SPI1/NOTCH1/CX3CR1/BST1/EDN1/PTPRO/IL6/NEDD9/CDH13/VEGFD/BMPR2/FGF2/NTRK3/CXCR2/IL34/FPR2/P2RY12/EDN3",37
"GO:0042119","GO:0042119","neutrophil activation","14/1675","42/18842",0.333333333333333,3.74965174129353,5.5723141029254,8.84779911892476e-06,0.000243314475770431,0.000243314475770431,"TYROBP/PREX1/FCER1G/CLEC12A/DNASE1L3/FCAR/CXCR1/SPI1/ANXA3/CTSG/CXCR2/PLA2G2A/LILRA2/CAMP",14
"GO:1990868","GO:1990868","response to chemokine","24/1675","103/18842",0.233009708737864,2.62111578032169,5.1531361495291,9.03976972566086e-06,0.000245949053972103,0.000245949053972103,"DOCK8/ACKR1/CCL16/CMKLR1/SLIT3/ACKR4/GPR17/CCL24/CCL14/SLIT2/CCL2/ACKR5/CCRL2/RIPOR1/DUSP1/CXCR1/CXCL12/CX3CR1/EDN1/CX3CL1/ENTREP1/CXCR2/CCL18/CCL23",24
"GO:1990869","GO:1990869","cellular response to chemokine","24/1675","103/18842",0.233009708737864,2.62111578032169,5.1531361495291,9.03976972566086e-06,0.000245949053972103,0.000245949053972103,"DOCK8/ACKR1/CCL16/CMKLR1/SLIT3/ACKR4/GPR17/CCL24/CCL14/SLIT2/CCL2/ACKR5/CCRL2/RIPOR1/DUSP1/CXCR1/CXCL12/CX3CR1/EDN1/CX3CL1/ENTREP1/CXCR2/CCL18/CCL23",24
"GO:0072073","GO:0072073","kidney epithelium development","25/1675","110/18842",0.227272727272727,2.55658073270014,5.11432232340616,9.47050917589207e-06,0.000256305049918984,0.000256305049918984,"AQP1/ROBO2/SMAD6/TCF21/PODXL/IRX1/CAT/PECAM1/SLIT2/FGFR2/KANK2/NOTCH1/NPNT/EDN1/PTPRO/KLF15/WNT11/AGTR2/GPC3/FGF2/SLC22A6/BMPER/BMP2/CD34/SMAD7",25
"GO:0002767","GO:0002767","immune response-inhibiting cell surface receptor signaling pathway","13/1675","37/18842",0.351351351351351,3.95233561920129,5.6149009086443,9.59918379696339e-06,0.000258420132218251,0.000258420132218251,"CLEC12B/LILRA5/LILRB3/KIR3DL1/KIR2DL3/FCAR/KIR2DS4/LAIR1/LILRA6/LILRA1/KIR2DL1/LILRA2/NCR1",13
"GO:0006690","GO:0006690","icosanoid metabolic process","27/1675","124/18842",0.217741935483871,2.44936928261916,5.05792459907223,9.8791307767488e-06,0.000264564156665288,0.000264564156665288,"PLA2G5/CYP2A6/GGTLC1/PTGDS/CYP1A2/CYP2A13/ALOX15/PLA2G3/PTGIS/GGTLC3/HPGDS/PLA2G1B/GGTLC2/IL1B/ABHD6/FABP5/CYP2F1/EDN1/CPA1/GGTA1/DPEP2/ALOX5/CYP1A1/LTC4S/NLRC4/CAMP/ALOX5AP",27
"GO:0050804","GO:0050804","modulation of chemical synaptic transmission","72/1675","486/18842",0.148148148148148,1.66651188501935,4.64995965766499,1.10812510170582e-05,0.000295211452876315,0.000295211452876315,"ARHGAP44/SLC8A3/KMO/CNTN4/KCNB1/CHRM2/SHANK3/AGER/LRRC4/SLC1A1/P2RX1/TYROBP/TNR/NTRK2/BCHE/RIMS4/NRXN1/WNT3A/CHRNA4/ADRA1A/SYT4/CHRM1/SYP/MME/PTN/CACNB4/PLCL1/JPH4/ARC/CDKL5/P2RY1/NRG3/NPY5R/SLC6A4/LRRK2/CCL2/AKAP7/CHRNA2/FAM107A/ATP1A2/WNT7A/ADRB2/IL1B/TACR1/ACE/GRIK4/GRM3/RASGRF1/CX3CR1/CRH/BDNF/CHRDL1/CX3CL1/GRIN3B/CAMK2A/PENK/NRN1/RETN/GPER1/NTNG1/VAMP2/DLGAP2/AKAP12/ADCY8/PTPRD/GABRA4/GRID1/NRGN/GRIA1/DCC/CBLN4/CNRIP1",72
"GO:0007160","GO:0007160","cell-matrix adhesion","41/1675","229/18842",0.179039301310044,2.01400508375155,4.82238479995968,1.14210793388884e-05,0.000302688190768986,0.000302688190768986,"ARHGAP6/VTN/AJAP1/COL13A1/MYOC/THSD1/ITGAL/PLPP3/RRAS/CORO2B/SORBS1/UTRN/ACTN2/ECM2/FREM2/FRAS1/LYVE1/PPM1F/FAM107A/TEK/ACVRL1/FREM3/ITGA8/SIGLEC1/DLC1/BST1/GPM6B/NPNT/PHLDB2/CX3CL1/CDH13/PEAK1/FERMT3/EMP2/LIMCH1/FBLN5/CD36/ITGA10/CD34/FERMT2/SVEP1",41
"GO:0001945","GO:0001945","lymph vessel development","10/1675","23/18842",0.434782608695652,4.89085009733939,5.83206455934108,1.16339065801788e-05,0.000305166318756998,0.000305166318756998,"CCBE1/TIE1/TMEM204/PDPN/SOX18/ACVRL1/FLT4/BMPR2/VASH1/SVEP1",10
"GO:0060976","GO:0060976","coronary vasculature development","10/1675","23/18842",0.434782608695652,4.89085009733939,5.83206455934108,1.16339065801788e-05,0.000305166318756998,0.000305166318756998,"MYOCD/APLN/APLNR/TBX5/GATA6/NOTCH1/GPER1/GPC3/FGF2/TGFBR3",10
"GO:0072132","GO:0072132","mesenchyme morphogenesis","14/1675","43/18842",0.325581395348837,3.66245053800764,5.45959690774826,1.20513934544837e-05,0.000314135147614644,0.000314135147614644,"TGFBR2/ROBO2/ENG/TBX3/APLNR/GATA5/HEY1/ACTG2/ACVRL1/NOTCH1/TGFB2/TBX2/BMP2/DCHS1",14
"GO:0048872","GO:0048872","homeostasis of number of cells","39/1675","214/18842",0.182242990654206,2.05004324173525,4.82550903408907,1.2098655734132e-05,0.000314135147614644,0.000314135147614644,"TNFAIP3/HBA2/TNFSF13/TRIM58/GATA1/NCKAP1L/HOXA5/EPAS1/IL7R/HBZ/MIR221/MPIG6B/TAL1/HBD/LPCAT3/ETS1/BTK/FCAR/AHSP/SPI1/SEPTIN4/NOTCH1/CX3CR1/NFKBIZ/KLF13/IL6/ALAS2/TUBA1A/ZFP36/HBA1/HBB/MIR222/HBM/TGFBR3/RHEX/PLA2G2A/EPB42/DOCK11/HCAR2",39
"GO:0008277","GO:0008277","regulation of G protein-coupled receptor signaling pathway","31/1675","154/18842",0.201298701298701,2.26440007753441,4.92125238646518,1.22843851563929e-05,0.000317346616540151,0.000317346616540151,"SNCA/SLIT3/SLC24A4/PDE2A/APLN/NRXN1/APLNR/SYP/GAS2L2/GPRASP1/LRRK2/SLIT2/ACKR5/RGS13/KCTD16/ADRB2/CAV2/RGS9/RAMP3/KCTD12/GNG7/RAMP2/EDN1/FRMPD1/CAMK2A/RGS5/GPER1/ARRB1/NOS1/AGRP/GRK5",31
"GO:0043491","GO:0043491","phosphatidylinositol 3-kinase/protein kinase B signal transduction","49/1675","294/18842",0.166666666666667,1.87482587064677,4.72235809218538,1.29462567276384e-05,0.000332764337496836,0.000332764337496836,"KLF4/MIR126/ENG/CASS4/MYOC/RRAS/NTRK2/NRXN1/FGR/SFRP5/PDGFB/ADTRP/PECAM1/DIPK2A/SELP/GAS6/PPP1R16B/IL1B/TEK/DCN/SEMA5A/RAMP3/DAB2IP/HYAL2/ANGPT1/FCGR3A/CX3CR1/FSHR/GAB1/INPP5K/TGFB2/EDN1/PIP5K1B/CX3CL1/HBEGF/RGCC/PROS1/GPER1/CSF3/FGF2/NTRK3/DDR2/PEAR1/FPR2/P2RY12/FERMT2/PIK3R1/PTPN1/PIK3R5",49
"GO:0097305","GO:0097305","response to alcohol","44/1675","254/18842",0.173228346456693,1.94863791279821,4.75459118416265,1.31958834391146e-05,0.000336482865141129,0.000336482865141129,"TGFBR2/SLIT3/GNAQ/CARTPT/CFTR/CYP7A1/RBP4/PTGFR/UCP1/GHR/CES1/NPY5R/CAT/KLF9/MLC1/SLIT2/FOS/FGFR2/ACTG2/FBP1/BTG2/TACR1/PTGER4/PTGDR2/SPI1/SCNN1G/CRH/CYBB/PENK/CA3/ADCYAP1R1/JUND/FOSB/CSF3/FGF2/ADCY8/NTRK3/CRHBP/TGFBR3/CDO1/CLDN18/IL13/GRIA1/CLDN5",44
"GO:0071621","GO:0071621","granulocyte chemotaxis","25/1675","112/18842",0.223214285714286,2.51092750533049,5.00951783156043,1.32224938207951e-05,0.000336482865141129,0.000336482865141129,"CCL16/PPBP/CMKLR1/NCKAP1L/RARRES2/CCL24/JAM3/PLA2G1B/SLIT2/CCL2/CD300H/CXCL3/DAPK2/C5AR1/CXCR1/BST1/TGFB2/EDN1/CX3CL1/S100A12/JAML/CXCR2/IL34/PF4/EDN3",25
"GO:0097530","GO:0097530","granulocyte migration","28/1675","133/18842",0.210526315789474,2.36820109976434,4.9460971802114,1.33469070399025e-05,0.000337967472817333,0.000337967472817333,"CCL16/PPBP/CMKLR1/NCKAP1L/RARRES2/CCL24/JAM3/PECAM1/PLA2G1B/SLIT2/CCL2/CD300H/CXCL3/DAPK2/PTGER4/C5AR1/CXCR1/BST1/TGFB2/EDN1/CX3CL1/S100A12/EMP2/JAML/CXCR2/IL34/PF4/EDN3",28
"GO:0034767","GO:0034767","positive regulation of monoatomic ion transmembrane transport","26/1675","119/18842",0.218487394957983,2.45775492286467,4.98290325964366,1.34373060805624e-05,0.000338580397054565,0.000338580397054565,"FXYD1/F2RL3/SNCA/P2RX2/P2RX7/P2RX1/TRPC3/APLNR/FHL1/PPP3R2/STAC3/FXYD6/ATP1B2/PLA2G1B/AKAP7/CAV1/KCNE1/CAPN3/EDN1/CX3CL1/ADCYAP1R1/GPER1/NOS1/IL13/AMIGO1/STAC",26
"GO:0098801","GO:0098801","regulation of renal system process","9/1675","19/18842",0.473684210526316,5.32845247446976,5.89626792683665,1.37461075060421e-05,0.000344663430850026,0.000344663430850026,"GJA5/NPR1/PDGFB/GAS6/INPP5K/AGTR1/PTPRO/PDE1C/EMP2",9
"GO:2000352","GO:2000352","negative regulation of endothelial cell apoptotic process","12/1675","33/18842",0.363636363636364,4.09052917232022,5.55033429044207,1.41143248118747e-05,0.000352169616647507,0.000352169616647507,"MIR126/TNFAIP3/NDNF/GATA2/CDH5/GAS6/TEK/SEMA5A/RAMP2/ANGPT1/ICAM1/IL13",12
"GO:0034765","GO:0034765","regulation of monoatomic ion transmembrane transport","46/1675","271/18842",0.169741697416974,1.90941675386903,4.71023015119744,1.4590328316699e-05,0.000362279268640366,0.000362279268640366,"FXYD1/F2RL3/SNCA/KCNIP1/P2RX2/CACNG1/P2RX7/PCSK9/P2RX1/CACNG6/TRPC3/APLNR/UTRN/FHL1/PPP3R2/SLC31A2/KCNS1/STAC3/JPH4/FXYD6/JPH2/CASQ2/ATP1B2/PLA2G1B/AKAP7/PRKCE/KCNAB1/CAV3/ATP1A2/CAV1/RGS9/KCNE1/CAPN3/STOM/EDN1/CX3CL1/UBASH3B/ADCYAP1R1/GPER1/NOS1/IL13/GRIA1/DPP6/AMIGO1/KCNAB2/STAC",46
"GO:0030239","GO:0030239","myofibril assembly","18/1675","67/18842",0.26865671641791,3.02210737357986,5.17921354969387,1.49057668552206e-05,0.000368323659248566,0.000368323659248566,"ANKRD1/TMOD1/ACTN2/TNNT3/MYH11/MYL9/CAV3/MYOZ1/NEBL/SYNPO2L/LMOD3/CAPN3/EDN1/KLHL41/MYLK3/LMOD1/PGM5/MYOM2",18
"GO:0032835","GO:0032835","glomerulus development","17/1675","61/18842",0.278688524590164,3.1349547345241,5.2168266955306,1.51081681414464e-05,0.000369752536093295,0.000369752536093295,"AQP1/PLCE1/EGR1/COL4A4/TCF21/PODXL/PDGFB/PECAM1/TEK/ANGPT1/NOTCH1/EDN1/PTPRO/KLF15/AGTR2/COL4A3/CD34",17
"GO:2000351","GO:2000351","regulation of endothelial cell apoptotic process","17/1675","61/18842",0.278688524590164,3.1349547345241,5.2168266955306,1.51081681414464e-05,0.000369752536093295,0.000369752536093295,"MIR126/TNFAIP3/ECSCR/NDNF/GATA2/CCL2/CDH5/GAS6/TEK/SEMA5A/RAMP2/ANGPT1/RGCC/GPER1/ICAM1/IL13/PTPN1",17
"GO:0050890","GO:0050890","cognition","40/1675","224/18842",0.178571428571429,2.00874200426439,4.7440556888042,1.5483736620909e-05,0.000377139584837856,0.000377139584837856,"SLC8A3/MUSK/LDLR/HLA-DRA/SHANK3/EGR1/PTCHD1/AGER/SLC1A1/MGAT3/NTRK2/CARTPT/BCHE/NRXN1/CHRNA4/SYT4/CHRM1/MME/PTN/SOBP/ARC/SLC6A4/FOS/FAM107A/TACR1/C5AR1/SHROOM4/RASGRF1/CRH/NDRG4/MFSD2A/CAMK2N1/NEDD9/TUBA1A/ADCY8/CRHBP/KAT2B/NRGN/GRIA1/CLDN5",40
"GO:0007043","GO:0007043","cell-cell junction assembly","29/1675","142/18842",0.204225352112676,2.29732184149674,4.84711446432743,1.73914505841676e-05,0.000421598434777332,0.000421598434777332,"CLDN19/GDF2/GJA5/APLNR/JAM3/PECAM1/TBX5/CDH5/CAV1/IL1B/ACVRL1/GPBAR1/ACE/ESAM/CDHR3/RAMP2/PTPRO/PRKCH/CDH13/GJA1/LIM2/CDH10/GJA4/CLDN11/EPB41L3/CDH19/CLDN18/SMAD7/CLDN5",29
"GO:1904062","GO:1904062","regulation of monoatomic cation transmembrane transport","44/1675","257/18842",0.171206225680934,1.92589116673442,4.66828537300669,1.78364091190575e-05,0.000429326340772812,0.000429326340772812,"FXYD1/F2RL3/SNCA/KCNIP1/P2RX2/CACNG1/P2RX7/PCSK9/P2RX1/CACNG6/TRPC3/APLNR/UTRN/FHL1/PPP3R2/SLC31A2/KCNS1/STAC3/JPH4/FXYD6/JPH2/CASQ2/ATP1B2/PLA2G1B/AKAP7/PRKCE/KCNAB1/CAV3/ATP1A2/CAV1/RGS9/KCNE1/CAPN3/EDN1/CX3CL1/UBASH3B/ADCYAP1R1/GPER1/NOS1/IL13/DPP6/AMIGO1/KCNAB2/STAC",44
"GO:0050921","GO:0050921","positive regulation of chemotaxis","28/1675","135/18842",0.207407407407407,2.33311663902709,4.85562498042943,1.78781056861406e-05,0.000429326340772812,0.000429326340772812,"CMKLR1/NCKAP1L/PTN/RARRES2/PDGFB/SLIT2/CCL2/PPM1F/GAS6/DAPK2/C5AR1/SEMA5A/S1PR1/CXCL12/SPI1/CX3CR1/EDN1/IL6/NEDD9/CDH13/VEGFD/BMPR2/FGF2/NTRK3/IL34/FPR2/P2RY12/EDN3",28
"GO:0036230","GO:0036230","granulocyte activation","15/1675","50/18842",0.3,3.37468656716418,5.25190634346576,1.80865486677746e-05,0.000430291611328683,0.000430291611328683,"TYROBP/PREX1/FCER1G/CLEC12A/DNASE1L3/FCAR/CXCR1/SPI1/ANXA3/CTSG/VAMP2/CXCR2/PLA2G2A/LILRA2/CAMP",15
"GO:0043114","GO:0043114","regulation of vascular permeability","15/1675","50/18842",0.3,3.37468656716418,5.25190634346576,1.80865486677746e-05,0.000430291611328683,0.000430291611328683,"PDE2A/PRKG1/NPR1/ZEB2/SLIT2/CDH5/TEK/TACR1/RAMP2/ANGPT1/GPR4/AKAP12/SH3GL2/FERMT2/CLDN5",15
"GO:0051492","GO:0051492","regulation of stress fiber assembly","21/1675","87/18842",0.241379310344828,2.71526505404014,5.00892476520406,1.81971441949063e-05,0.000430918484059933,0.000430918484059933,"ARHGAP6/ARHGEF15/MYOC/GPR65/APOA1/PPM1F/TACR1/PTGER4/SYNPO2L/DLC1/S1PR1/SYNPO/INPP5K/PHLDB2/CCN2/SORBS3/RGCC/CGNL1/LIMCH1/FERMT2/PIK3R1",21
"GO:0002685","GO:0002685","regulation of leukocyte migration","38/1675","210/18842",0.180952380952381,2.03552523098792,4.71360050423898,1.8380928911482e-05,0.000431277299918488,0.000431277299918488,"DOCK8/GCSAML/CMKLR1/CD69/AGER/NCKAP1L/PTN/JAM2/RARRES2/ADTRP/JAM3/IL33/LYVE1/SPN/SELP/SLIT2/SELE/CCL2/GAS6/TACR1/DAPK2/PTGER4/C5AR1/DUSP1/CXCL12/SPI1/CX3CR1/BST1/EDN1/IL6/CX3CL1/NEDD9/VEGFD/ICAM1/IL34/FPR2/P2RY12/EDN3",38
"GO:0071222","GO:0071222","cellular response to lipopolysaccharide","38/1675","210/18842",0.180952380952381,2.03552523098792,4.71360050423898,1.8380928911482e-05,0.000431277299918488,0.000431277299918488,"KMO/PLSCR4/TNFAIP3/PPBP/ANKRD1/GATA1/IL18R1/HCK/LY86/VIM/IL1A/CCL2/PRKCE/SASH1/CARD16/IL1B/FCAR/CD68/DAB2IP/SPI1/CX3CR1/NFKBIZ/SIRPA/IL6/TLR4/CX3CL1/ARID5A/ZFP36/CTSG/PDCD1LG2/EDNRB/CSF3/PTAFR/CD36/PF4/LILRA2/SCIMP/CAMP",38
"GO:0034764","GO:0034764","positive regulation of transmembrane transport","33/1675","172/18842",0.191860465116279,2.15822978132593,4.7664931041019,1.86809269930285e-05,0.000436314801686487,0.000436314801686487,"FXYD1/F2RL3/SNCA/P2RX2/P2RX7/P2RX1/TRPC3/APLNR/SORBS1/FHL1/PPP3R2/PTPRM/STAC3/FXYD6/ATP1B2/SLC17A8/PLA2G1B/AKAP7/CAV1/KCNE1/ITLN1/CAPN3/EDN1/NR4A3/CX3CL1/ADCYAP1R1/GPER1/NOS1/IL13/AMIGO1/PIK3R1/STAC/CA2",33
"GO:0002366","GO:0002366","leukocyte activation involved in immune response","46/1675","274/18842",0.167883211678832,1.88851073101645,4.62772530504746,1.94786621261684e-05,0.000452878894433416,0.000452878894433416,"SOCS3/SH2D1B/HLA-DRA/RAB44/CD244/CD69/PTGDS/TNFSF13/ITGAL/TYROBP/GATA1/NCKAP1L/GNAQ/IL18R1/SLC11A1/FCER1G/FGR/LAT2/SEMA6D/JUNB/TFRC/DNASE1L3/PLA2G3/IL33/GATA2/SPN/IRF8/IL1B/BTK/LCP1/SPI1/FCGR3A/CX3CR1/NFKBIZ/ANXA3/NR4A3/IL6/NKG7/VAMP2/MFNG/ICAM1/DOCK11/IL27/LILRA2/SMAD7/IFNA21",46
"GO:0051591","GO:0051591","response to cAMP","20/1675","81/18842",0.246913580246914,2.77751980836558,5.00773275135377,2.00207568891317e-05,0.000460007344134139,0.000460007344134139,"SLC8A3/AQP1/DUOX1/PDE2A/GATA1/CFTR/AKAP7/PER1/FOS/FBP1/KCNE1/DUSP1/MMP19/INPP5K/PENK/AQP9/FOSB/CRHBP/SLC26A3/CDO1",20
"GO:0006691","GO:0006691","leukotriene metabolic process","12/1675","34/18842",0.352941176470588,3.97021949078139,5.41463107011116,2.0055061142114e-05,0.000460007344134139,0.000460007344134139,"PLA2G5/GGTLC1/GGTLC3/PLA2G1B/GGTLC2/CPA1/GGTA1/DPEP2/ALOX5/LTC4S/CAMP/ALOX5AP",12
"GO:0042044","GO:0042044","fluid transport","12/1675","34/18842",0.352941176470588,3.97021949078139,5.41463107011116,2.0055061142114e-05,0.000460007344134139,0.000460007344134139,"AQP1/CFTR/HYAL2/INPP5K/EDN1/AQP9/SLC14A1/EDNRB/AQP4/AVPR2/CLDN18/AQP10",12
"GO:0001501","GO:0001501","skeletal system development","54/1675","341/18842",0.158357771260997,1.78135947826848,4.5482324200691,2.15616811405171e-05,0.000492357138543504,0.000492357138543504,"TGFBR2/CYP26B1/PRKG2/MATN3/CMKLR1/NR5A2/COL13A1/TBX3/RFLNB/MYOC/HHIP/WNT2B/GDF2/TYROBP/HYAL1/PRKG1/RBP4/RANBP3L/NPR3/TLL1/HOXA4/GHR/PKDCC/LEPR/FGFR2/WNT7A/SOX5/ACVRL1/PTGER4/ZBTB16/ALPL/EFEMP1/HYAL2/PTH1R/OGN/TGFB2/WNT9A/ETS2/WNT11/TBX4/IHH/GJA1/PHEX/BMPR2/ADAMTS4/OSTN/FGF2/GDF10/FBLN5/PRELP/DDR2/BMP2/SMAD7/PHOSPHO1",54
"GO:0002768","GO:0002768","immune response-regulating cell surface receptor signaling pathway","60/1675","392/18842",0.153061224489796,1.72177886079805,4.51087906116851,2.21277353009777e-05,0.000503037182508894,0.000503037182508894,"CLEC6A/GCSAML/TNFAIP3/CMKLR1/FCN3/PRKCQ/FPR1/LPXN/TYROBP/NCKAP1L/THEMIS2/CLEC12B/LILRA5/NFAM1/BTNL9/FCER1G/BTNL3/FCGR3B/NFKBIA/FGR/COLEC10/LAT2/LILRB3/HCK/MASP1/KIR3DL1/KIR2DL3/PRKCE/CD33/BTK/FCAR/C5AR1/DAB2IP/MNDA/KLRD1/KIR2DS4/PRAM1/FCGR3A/NFKBIZ/NR4A3/PRKCH/TLR4/RGCC/LAPTM5/BMX/TRGC2/LAIR1/LILRA6/PDCD1LG2/LILRA1/KIR2DL1/FCN1/CD36/BTNL8/TRGC1/FPR2/LILRA2/SCIMP/NCR1/PIK3R1",60
"GO:0072593","GO:0072593","reactive oxygen species metabolic process","37/1675","204/18842",0.181372549019608,2.04025168276266,4.66622884405221,2.23322731849815e-05,0.000505440607704338,0.000505440607704338,"TGFBR2/DUOX1/SNCA/HBA2/SLC1A1/TYROBP/SESN1/PREX1/CRYAB/UCP1/PDGFB/CAT/LRRK2/PRKCE/NCF2/DUOXA1/NCF1/SFTPD/BST1/CYGB/SIRPA/AGTR1/CYBB/EDN1/TLR4/CA3/HBA1/MAOB/HBB/PID1/SOD3/HVCN1/FBLN5/CD36/ALOX5/GPX3/FPR2",37
"GO:0030100","GO:0030100","regulation of endocytosis","49/1675","300/18842",0.163333333333333,1.83732935323383,4.56657749348284,2.24427770710206e-05,0.000505703985543042,0.000505703985543042,"PLA2G5/SNCA/VTN/FCN3/PCSK9/NCKAP1L/APLN/CD300LF/SLC11A1/WNT3A/STON1/SYT4/APLNR/FGR/COLEC10/ALOX15/APOA1/NRG1/HCK/MASP1/ARC/LRRK2/GATA2/SELE/CCL2/CAV3/APOC1/GAS6/PLLP/CAV1/BTK/ANGPT1/DAB2/SFTPD/SIRPA/TAMALIN/CFP/GSG1L/CDH13/ARRB1/GPC3/SH3GL3/SIRPB1/FCN1/MYLK/FPR2/RSPO1/IQSEC3/PTPN1",49
"GO:0060841","GO:0060841","venous blood vessel development","7/1675","12/18842",0.583333333333333,6.56189054726368,6.02004971838388,2.2977713555022e-05,0.000515486863306743,0.000515486863306743,"ENG/FOXF1/CCBE1/APLNR/ACVRL1/NOTCH1/BMPR2",7
"GO:0006909","GO:0006909","phagocytosis","40/1675","228/18842",0.175438596491228,1.97350091647028,4.61951211399116,2.36919236272926e-05,0.000529188599797388,0.000529188599797388,"SRPX/PLA2G5/LDLR/CD302/FCN3/CD93/ITGAL/AGER/TYROBP/COLEC12/NCKAP1L/CD300LF/SLC11A1/FGR/COLEC10/ALOX15/APOA1/HCK/MASP1/SFTPA1/MARCO/PECAM1/GATA2/CCL2/LEPR/PRKCE/GAS6/NCF2/C4BPA/BTK/SFTPD/SIRPA/ANXA3/CFP/TLR4/MSR1/SIRPB1/FCN1/CD36/FPR2",40
"GO:0045807","GO:0045807","positive regulation of endocytosis","31/1675","159/18842",0.19496855345912,2.19319252792641,4.71952137303769,2.3825200933201e-05,0.000529851751188362,0.000529851751188362,"PLA2G5/SNCA/VTN/FCN3/PCSK9/NCKAP1L/APLN/CD300LF/SLC11A1/WNT3A/APLNR/COLEC10/APOA1/MASP1/LRRK2/GATA2/SELE/CCL2/CAV3/GAS6/BTK/ANGPT1/DAB2/SFTPD/SIRPA/CFP/ARRB1/GPC3/SIRPB1/FCN1/FPR2",31
"GO:0030218","GO:0030218","erythrocyte differentiation","24/1675","109/18842",0.220183486238532,2.47683417773518,4.83007076704503,2.4853916923384e-05,0.000550336731874932,0.000550336731874932,"HBA2/TRIM58/GATA1/NCKAP1L/HOXA5/EPAS1/HBZ/MIR221/MPIG6B/TAL1/HBD/ETS1/AHSP/SPI1/KLF13/ALAS2/ZFP36/HBA1/HBB/MIR222/HBM/TGFBR3/RHEX/EPB42",24
"GO:0070661","GO:0070661","leukocyte proliferation","44/1675","261/18842",0.168582375478927,1.89637559329788,4.55499507637719,2.63627577013169e-05,0.000581230627768258,0.000581230627768258,"DOCK8/PLA2G5/TGFBR2/TNFAIP3/NR5A2/TNFSF13/AGER/TYROBP/HLA-E/NCKAP1L/SLC11A1/NMBR/VSIR/VSIG4/NPR3/IL5RA/HLA-DPA1/CSF2RB/IL1A/TFRC/IL33/SPN/FGF10/IL1B/BTK/TACR1/ACE/MNDA/SFTPD/FCGR3A/NFKBIZ/IL6/CX3CL1/LST1/CRTAM/IHH/CLC/LAPTM5/PDCD1LG2/EMP2/PLA2G2A/IL34/IL13/IL27",44
"GO:0003272","GO:0003272","endocardial cushion formation","10/1675","25/18842",0.4,4.49958208955224,5.46919205174483,2.81601860331595e-05,0.000618194641886742,0.000618194641886742,"TGFBR2/ROBO2/ENG/TBX3/APLNR/NOTCH1/TGFB2/TBX2/BMP2/DCHS1",10
"GO:0060840","GO:0060840","artery development","18/1675","70/18842",0.257142857142857,2.89258848614072,4.95521060868476,2.85356958997436e-05,0.000619826045978947,0.000619826045978947,"TGFBR2/LDLR/ROBO2/ENG/FOXF1/PDE2A/GJA5/APLNR/HEY1/ACVRL1/NOTCH1/TGFB2/EDN1/TBX2/BMPR2/MYLK/SMAD7/EGR2",18
"GO:0001774","GO:0001774","microglial cell activation","14/1675","46/18842",0.304347826086957,3.42359506813757,5.14065471811475,2.85980345749817e-05,0.000619826045978947,0.000619826045978947,"SNCA/LDLR/AGER/TYROBP/LRRK2/IL33/IL1B/C5AR1/CX3CR1/IL6/CX3CL1/FPR2/IL13/C1QA",14
"GO:0002269","GO:0002269","leukocyte activation involved in inflammatory response","14/1675","46/18842",0.304347826086957,3.42359506813757,5.14065471811475,2.85980345749817e-05,0.000619826045978947,0.000619826045978947,"SNCA/LDLR/AGER/TYROBP/LRRK2/IL33/IL1B/C5AR1/CX3CR1/IL6/CX3CL1/FPR2/IL13/C1QA",14
"GO:0070252","GO:0070252","actin-mediated cell contraction","25/1675","117/18842",0.213675213675214,2.4036229110856,4.75712587459843,2.91661460820685e-05,0.000629433249877873,0.000629433249877873,"MYH2/QKI/GJA5/ZEB2/CASQ2/MYL1/PDPN/CAV3/SCN4B/ATP1A2/ADRB2/CAV1/SCN3B/KCNE1/SCN7A/SCN2B/SCN1A/KCNJ5/GJA1/EMP2/NOS1/TNNC1/LIMCH1/KCNA5/KCNJ8",25
"GO:0001906","GO:0001906","cell killing","41/1675","238/18842",0.172268907563025,1.9378452276433,4.54808594348467,2.92874122132813e-05,0.000629433249877873,0.000629433249877873,"HLA-DRA/PPBP/C6/DAO/AGER/TYROBP/CADM1/HLA-E/NCKAP1L/DEFA3/CLEC12B/FCGR3B/GBP7/KIR3DL1/DNASE1L3/DEFA4/C7/CXCL3/KLRD1/CXCL12/SPI1/FCGR3A/CXCL2/CX3CR1/NFKBIZ/C8B/CRTAM/NKG7/PRF1/CTSG/S100A12/LYZ/EMP2/ICAM1/PLA2G2A/CCL18/IL13/PF4/NCR1/PGLYRP1/PIK3R1",41
"GO:2000630","GO:2000630","positive regulation of miRNA metabolic process","17/1675","64/18842",0.265625,2.98800373134328,4.97616407701333,3.00245031677348e-05,0.000642574618004031,0.000642574618004031,"KLF4/MYOCD/EGR1/PPARG/SMAD6/APLN/PDGFB/GATA2/FOS/ETS1/SPI1/TGFB2/JUN/IL6/ATOH8/FGF2/BMP2",17
"GO:0006940","GO:0006940","regulation of smooth muscle contraction","15/1675","52/18842",0.288461538461538,3.24489092996556,5.06344041768832,3.03749128867239e-05,0.000647365330898303,0.000647365330898303,"MYOCD/CHRM2/PRKG1/ADRA1A/NMUR2/CNN1/ADRB2/CAV1/TACR1/PROK2/NPNT/EDN1/DOCK4/GPER1/EDN3",15
"GO:0002263","GO:0002263","cell activation involved in immune response","46/1675","279/18842",0.164874551971326,1.85466645268282,4.49248725381974,3.10768950287535e-05,0.000659578083286615,0.000659578083286615,"SOCS3/SH2D1B/HLA-DRA/RAB44/CD244/CD69/PTGDS/TNFSF13/ITGAL/TYROBP/GATA1/NCKAP1L/GNAQ/IL18R1/SLC11A1/FCER1G/FGR/LAT2/SEMA6D/JUNB/TFRC/DNASE1L3/PLA2G3/IL33/GATA2/SPN/IRF8/IL1B/BTK/LCP1/SPI1/FCGR3A/CX3CR1/NFKBIZ/ANXA3/NR4A3/IL6/NKG7/VAMP2/MFNG/ICAM1/DOCK11/IL27/LILRA2/SMAD7/IFNA21",46
"GO:0002687","GO:0002687","positive regulation of leukocyte migration","28/1675","139/18842",0.201438848920863,2.26597659186084,4.6793940194231,3.1360027961579e-05,0.000662836954642464,0.000662836954642464,"DOCK8/CMKLR1/AGER/NCKAP1L/PTN/JAM2/RARRES2/JAM3/LYVE1/SPN/CCL2/GAS6/TACR1/DAPK2/C5AR1/CXCL12/SPI1/CX3CR1/EDN1/IL6/CX3CL1/NEDD9/VEGFD/ICAM1/IL34/FPR2/P2RY12/EDN3",28
"GO:0031623","GO:0031623","receptor internalization","27/1675","132/18842",0.204545454545455,2.30092265943012,4.68504457258799,3.24861231299638e-05,0.000682421581552178,0.000682421581552179,"SNCA/PCSK9/APLN/WNT3A/APLNR/FCER1G/NRG1/ARC/GHR/TFRC/SELE/CAV3/CAV1/RAMP3/RAMP2/ANGPT1/CXCR1/TAMALIN/GSG1L/ENTREP1/ARRB1/CXCR2/CD36/CALCRL/RSPO1/IQSEC3/GRIA1",27
"GO:1902904","GO:1902904","negative regulation of supramolecular fiber organization","30/1675","154/18842",0.194805194805195,2.19135491374297,4.63694863402528,3.25534439684715e-05,0.000682421581552178,0.000682421581552179,"GMFG/SNCA/LDLR/ARHGAP6/SHANK3/TMOD1/MYOC/SPTBN1/MID1IP1/GAS2L2/CRYAB/SPEF1/DNAI3/SLIT2/CDH5/CAV3/MYADM/RDX/LMOD3/KANK2/DLC1/S1PR1/KANK4/INPP5K/PHLDB2/KANK3/LMOD1/PLEKHH2/CGNL1/PIK3R1",30
"GO:0001990","GO:0001990","regulation of systemic arterial blood pressure by hormone","13/1675","41/18842",0.317073170731707,3.56674190025482,5.13920368613451,3.38692825832927e-05,0.000704637146896813,0.000704637146896813,"CPA3/MME/TACR1/ACE/CMA1/AGTR1/EDN1/AGTR2/PDE1C/CTSG/EDNRB/AVPR2/EDN3",13
"GO:0001667","GO:0001667","ameboidal-type cell migration","36/1675","200/18842",0.18,2.02481194029851,4.5511913960553,3.38887073580872e-05,0.000704637146896813,0.000704637146896813,"MCC/GLIPR2/RADIL/HAS1/AMOTL1/SEMA6A/SEMA3B/ZEB2/SEMA3G/PDLIM1/ERBB4/SEMA6D/SEMA3D/MIR221/PPM1F/PRKCE/FGF10/TNS1/SASH1/TACR1/KANK2/SEMA5A/DAB2IP/ENPP2/HYAL2/CYGB/TGFB2/EDN1/GJA1/HBEGF/BMPR2/GPC3/AKAP12/FGF2/MIR222/DDR2",36
"GO:0061045","GO:0061045","negative regulation of wound healing","18/1675","71/18842",0.253521126760563,2.85184780323733,4.88318229268058,3.50837040030442e-05,0.000726530955366685,0.000726530955366685,"VTN/AJAP1/PRKG1/PDGFB/ADTRP/CPB2/MMRN1/MYOZ1/THBD/F11/EDN1/PHLDB2/KRT1/PROS1/FGF2/SERPING1/ALOX5/PF4",18
"GO:0048589","GO:0048589","developmental growth","58/1675","381/18842",0.152230971128609,1.71243937791358,4.38828645495754,3.53136264761431e-05,0.000728343546070452,0.000728343546070452,"MUSK/NR5A2/SLIT3/ACACB/NKD1/LIN7A/PRKG1/RBP4/PRICKLE1/SYT4/FLRT3/SEMA3G/PTN/ERBB4/NRG1/SEMA6D/LATS2/VIM/CDKL5/GHR/SLC6A4/MAG/DIPK2A/SLIT2/TBX5/LEPR/FGF10/CAV3/FGFR2/MYOZ1/SPAAR/SEMA5A/CAPN3/S1PR1/CXCL12/NOTCH1/BDNF/NDRG4/TGFB2/MFSD2A/COBL/EDN1/TBX2/NRN1/TRPV2/BMPR2/OSTN/FGF2/FBLN5/WWC2/MIR222/TGFBR3/DDR2/CLDN18/SH3GL2/DCC/SMAD7/EDN3",58
"GO:0007411","GO:0007411","axon guidance","34/1675","185/18842",0.183783783783784,2.06737555465914,4.55716116296799,3.56906599686064e-05,0.000733163557186432,0.000733163557186432,"ROBO2/CNTN4/FEZ1/NELL2/SLIT3/PRKCQ/NFASC/TNR/NRXN1/SEMA6A/SEMA3B/FLRT3/SEMA3G/PTPRM/SEMA6D/SEMA3D/SLIT2/NOVA2/NEXN/HMCN2/LHX9/SEMA5A/NTN4/CXCL12/ROBO4/NOTCH1/CNTN6/BDNF/EDN1/PTPRO/BMPR2/ANOS1/DCC/EDN3",34
"GO:0010876","GO:0010876","lipid localization","68/1675","468/18842",0.145299145299145,1.63446357953821,4.34150139113633,3.61621795224308e-05,0.000739878193028934,0.000739878193028934,"PLA2G5/LDLR/PLSCR4/OSBPL6/ACACB/SLCO1A2/PPARG/P2RX7/PCSK9/ECRG4/SLC22A8/TTPA/ABCA8/HSD17B13/RBP2/ANO5/STX12/APOL3/RBP4/LPL/NMUR2/NFKBIA/APOBR/APOA1/CES1/APOL4/SFTPA1/PLA2G3/PLA2G1B/APOC1/FABP12/ABCB1/LPCAT3/ABCA6/CAV1/IL1B/ABCG1/SLC51B/SLC27A6/ACE/FABP4/ESYT3/APOLD1/FABP5/DAB2/SLCO2A1/SLC27A3/LPA/CRH/MFSD2A/AGTR1/EDN1/SLCO2B1/ABCA3/ABCA9/IL6/MSR1/ABCA10/RETN/SLC22A6/SLC5A7/CD36/TNFAIP8L3/CETP/PLA2G2A/RBP7/ABCG2/CRY2",68
"GO:0042692","GO:0042692","muscle cell differentiation","56/1675","365/18842",0.153424657534247,1.72586710284195,4.37421367355192,3.83310054003429e-05,0.000781127859054797,0.000781127859054797,"CYP26B1/MYOCD/ENG/ANKRD1/TMOD1/TBX3/SYNE1/NOTCH4/QKI/WNT3A/PRICKLE1/APLNR/ACTN2/ADAMTS15/TNNT3/NRG1/MYH11/TMEM204/PDGFB/NFATC1/MIR221/TBX5/MYL9/RBM24/CAV3/FGFR2/HEY1/MYOZ1/NEBL/SYNPO2L/ITGA8/GATA6/CAV2/LMOD3/RAMP2/CAPN3/RCAN1/NOTCH1/BDNF/NPNT/EDN1/ERVFRD-1/TBX2/KLHL41/MYLK3/LMOD1/CD53/GPER1/EDNRB/ADGRB3/PGM5/NOS1/MIR222/BMP2/MYOM2/EHD2",56
"GO:0051896","GO:0051896","regulation of phosphatidylinositol 3-kinase/protein kinase B signal transduction","44/1675","265/18842",0.166037735849057,1.86775105604055,4.44367690361207,3.84902251743107e-05,0.000781259927645236,0.000781259927645236,"KLF4/MIR126/ENG/CASS4/MYOC/RRAS/NTRK2/NRXN1/FGR/SFRP5/PDGFB/ADTRP/PECAM1/DIPK2A/SELP/GAS6/PPP1R16B/IL1B/TEK/DCN/SEMA5A/RAMP3/DAB2IP/HYAL2/ANGPT1/CX3CR1/FSHR/GAB1/INPP5K/TGFB2/PIP5K1B/CX3CL1/HBEGF/PROS1/GPER1/CSF3/FGF2/NTRK3/DDR2/FPR2/P2RY12/FERMT2/PTPN1/PIK3R5",44
"GO:0010718","GO:0010718","positive regulation of epithelial to mesenchymal transition","16/1675","59/18842",0.271186440677966,3.05056412850999,4.92752752887385,3.87329129991342e-05,0.000783078458460756,0.000783078458460756,"TGFBR2/ENG/GLIPR2/MIR221/PDPN/IL1B/DAB2/NOTCH1/TGFB2/WWTR1/IL6/RGCC/EMP2/MIR222/BMP2/FERMT2",16
"GO:0061900","GO:0061900","glial cell activation","15/1675","53/18842",0.283018867924528,3.1836665727964,4.97261235321913,3.89115878580345e-05,0.000783593590133254,0.000783593590133254,"SNCA/LDLR/AGER/TYROBP/ZEB2/LRRK2/IL33/IL1B/C5AR1/CX3CR1/IL6/CX3CL1/FPR2/IL13/C1QA",15
"GO:0034101","GO:0034101","erythrocyte homeostasis","24/1675","112/18842",0.214285714285714,2.41049040511727,4.67651612056286,3.97894566505736e-05,0.000798129689285035,0.000798129689285035,"HBA2/TRIM58/GATA1/NCKAP1L/HOXA5/EPAS1/HBZ/MIR221/MPIG6B/TAL1/HBD/ETS1/AHSP/SPI1/KLF13/ALAS2/ZFP36/HBA1/HBB/MIR222/HBM/TGFBR3/RHEX/EPB42",24
"GO:0097485","GO:0097485","neuron projection guidance","34/1675","186/18842",0.182795698924731,2.05626063232226,4.5219991467047,4.00103113367146e-05,0.000799424775340997,0.000799424775340997,"ROBO2/CNTN4/FEZ1/NELL2/SLIT3/PRKCQ/NFASC/TNR/NRXN1/SEMA6A/SEMA3B/FLRT3/SEMA3G/PTPRM/SEMA6D/SEMA3D/SLIT2/NOVA2/NEXN/HMCN2/LHX9/SEMA5A/NTN4/CXCL12/ROBO4/NOTCH1/CNTN6/BDNF/EDN1/PTPRO/BMPR2/ANOS1/DCC/EDN3",34
"GO:0007610","GO:0007610","behavior","60/1675","400/18842",0.15,1.68734328358209,4.34022113056766,4.05172948544212e-05,0.000806404525993636,0.000806404525993636,"SLC8A3/MUSK/SNCA/LDLR/SHANK3/EGR1/SLC24A4/PTGDS/PTCHD1/ADRB1/AGER/SLC1A1/APLN/NTRK2/CARTPT/NPY2R/BCHE/NRXN1/CHRNA4/SYT4/MME/NMUR2/PTN/ATP1B2/ARC/P2RY1/NPY5R/SLC6A4/LRRK2/HPGDS/LEPR/WFS1/FOS/ATP1A2/TACR1/CXCL12/RASGRF1/CX3CR1/CRH/NDRG4/MFSD2A/CAMK2N1/NR4A3/NEDD9/AGTR2/PENK/PRLH/TUBA1A/RETN/FOSB/EDNRB/FGF2/ADCY8/CRHBP/AGRP/GRID1/KAT2B/NRGN/GRIA1/CLDN5",60
"GO:0035886","GO:0035886","vascular associated smooth muscle cell differentiation","11/1675","31/18842",0.354838709677419,3.99156475686086,5.20697497373622,4.1999435813078e-05,0.000832663233270907,0.000832663233270907,"MYOCD/ENG/QKI/APLNR/PDGFB/NFATC1/MIR221/GATA6/RAMP2/NOTCH1/GPER1",11
"GO:0006939","GO:0006939","smooth muscle contraction","20/1675","85/18842",0.235294117647059,2.64681299385426,4.75317972128819,4.24125090918957e-05,0.000837606115849601,0.000837606115849601,"MYOCD/CHRM2/PRKG1/ADRA1A/NMUR2/MYH11/APBB1/NMUR1/CNN1/ADRB2/CAV1/TACR1/PROK2/NPNT/EDN1/DOCK4/GPER1/EDNRB/MYLK/EDN3",20
"GO:0071466","GO:0071466","cellular response to xenobiotic stimulus","33/1675","179/18842",0.184357541899441,2.07382973401151,4.50903274944498,4.32984138221346e-05,0.00085181302577007,0.00085181302577007,"CYP2A6/CYP26B1/ANKRD1/AOX1/SLCO1A2/CD69/PDE2A/CYP1A2/BCHE/CYP2A13/ACSM2B/SULT1A1/AADAC/CYP3A7/SULT1C4/TFRC/GSTA3/PPM1F/PRKCE/ALDH2/GAS6/ABCB1/IL1B/FBP1/CYP2F1/EDN1/SLCO2B1/CDH13/FMO2/S100A12/CRHBP/NOS1/CYP1A1",33
"GO:0010594","GO:0010594","regulation of endothelial cell migration","40/1675","234/18842",0.170940170940171,1.92289832886848,4.43735440437228,4.36293907019765e-05,0.000855035760308849,0.000855035760308849,"KLF4/MIR126/JCAD/STARD13/PPARG/GDF2/PLPP3/RRAS/MMRN2/PTPRM/PTN/MEOX2/PDGFB/GATA2/MIR221/SLIT2/MMRN1/SASH1/ETS1/TEK/ACVRL1/DCN/SEMA5A/DAB2IP/ANGPT1/NOTCH1/GAB1/FLT4/EDN1/ANXA3/RHOJ/AGTR2/ATOH8/RGCC/FGF2/VASH1/EMP2/BMPER/TGFBR3/ANGPT4",40
"GO:0045216","GO:0045216","cell-cell junction organization","34/1675","187/18842",0.181818181818182,2.04526458616011,4.4870570373369,4.47997391376421e-05,0.000874620861408547,0.000874620861408547,"CLDN19/GDF2/GJA5/APLNR/JAM3/PECAM1/TBX5/CDH5/CAV1/RDX/IL1B/ACVRL1/GPBAR1/ACE/ESAM/CDHR3/RAMP2/TGFB2/LIMS2/PTPRO/PRKCH/MYLK3/CDH13/GJA1/LIM2/CDH10/GJA4/CLDN11/EPB41L3/CDH19/CLDN18/FERMT2/SMAD7/CLDN5",34
"GO:0045165","GO:0045165","cell fate commitment","35/1675","195/18842",0.17948717948718,2.0190432453119,4.46804575437505,4.60078555252693e-05,0.000894180661025746,0.000894180661025746,"SOCS3/KLF4/CYP26B1/TBX3/CD69/SOX17/PPARG/WNT2B/NOTCH4/GATA1/WNT3A/GATA5/EPAS1/GATA2/SPN/PDPN/TBX5/TAL1/FGFR2/WNT7A/SOX5/GATA6/WNT9A/EDN1/TNXB/IL6/TBX2/WNT11/TBX4/IHH/FGF2/NTRK3/PRDM11/BMP2/DHH",35
"GO:0140962","GO:0140962","multicellular organismal-level chemical homeostasis","17/1675","66/18842",0.257575757575758,2.89745816372682,4.82341706398385,4.61512599239095e-05,0.000894180661025746,0.000894180661025746,"AQP1/SLC11A1/CFTR/CYBRD1/ADCY4/TFRC/WFS1/ADCY9/HYAL2/SFTPD/SCNN1G/INPP5K/ABCA3/ADCY8/AQP4/ADGRF5/AVPR2",17
"GO:0010811","GO:0010811","positive regulation of cell-substrate adhesion","23/1675","106/18842",0.216981132075472,2.4408110391439,4.64658298686397,4.6476800551067e-05,0.000897089942712105,0.000897089942712105,"CASS4/MYOC/PLPP3/RRAS/VIT/UTRN/NDNF/ECM2/FBLN1/ALOX15/APOA1/PDGFB/PPM1F/MYADM/TEK/DAB2/NPNT/CX3CL1/NEDD9/CDH13/EMP2/CD36/FERMT2",23
"GO:0048667","GO:0048667","cell morphogenesis involved in neuron differentiation","67/1675","463/18842",0.144708423326134,1.62781857451404,4.2724392288113,4.67636255839996e-05,0.000899232875421647,0.000899232875421647,"ARHGAP44/FAT3/ROBO2/CNTN4/HECW2/FEZ1/NELL2/SHANK3/SLIT3/PRKCQ/ZDHHC15/NFASC/TNR/NTRK2/NRXN1/PRKG1/PRICKLE1/SEMA6A/SEMA3B/FLRT3/SEMA3G/PTPRM/PTN/CLRN2/SEMA6D/SEMA3D/ARC/VIM/CDKL5/APBB1/MAG/LRRK2/FAT4/PHACTR1/SLIT2/NOVA2/NEXN/FGFR2/HMCN2/WNT7A/LHX9/SDC2/SEMA5A/KCTD12/NTN4/CXCL12/ROBO4/NOTCH1/CNTN6/BDNF/MFSD2A/COBL/EDN1/PTPRO/SLITRK3/FZD4/TRPV2/BMPR2/NTNG1/ADGRB3/ANOS1/PTPRD/SLITRK2/AMIGO1/DCC/EDN3/MAP6",67
"GO:0022407","GO:0022407","regulation of cell-cell adhesion","68/1675","472/18842",0.14406779661017,1.62061219327093,4.26529331528312,4.73785423885684e-05,0.000907645109803472,0.000907645109803472,"DOCK8/PLA2G5/TGFBR2/KLF4/MAP3K8/HLA-DRA/NR5A2/CD69/PRKCQ/MDGA1/GPR65/AGER/PLPP3/NOTCH4/TNFAIP8L2/HLA-E/NCKAP1L/PRKG1/MAGI1/VSIR/VSIG4/CITED2/HLA-DPA1/IL7R/APOA1/PODXL/IL1A/TFRC/ADTRP/HLA-DRB5/MIR221/SPN/SELP/SELE/PDPN/CCL2/PPM1F/MMRN1/EMILIN2/MYADM/CAV1/IL1B/ETS1/ZBTB16/CXCL12/SPI1/SFTPD/NOTCH1/NFKBIZ/SIRPA/NR4A3/IL6/CX3CL1/CRTAM/IHH/RGCC/LAPTM5/CTSG/PDCD1LG2/FERMT3/SIRPB1/CELA2B/MIR222/ALOX5/PLA2G2A/BMP2/HLA-DOA/SMAD7",68
"GO:1905314","GO:1905314","semi-lunar valve development","14/1675","48/18842",0.291666666666667,3.28094527363184,4.94240180732572,4.85421527105688e-05,0.000926466832517012,0.000926466832517012,"TGFBR2/ROBO2/SLIT3/SMAD6/GJA5/GATA5/TIE1/NFATC1/SLIT2/HEY1/NOTCH1/TGFB2/BMPR2/BMP2",14
"GO:0051897","GO:0051897","positive regulation of phosphatidylinositol 3-kinase/protein kinase B signal transduction","34/1675","188/18842",0.180851063829787,2.03438551921245,4.45233206326439,5.01038878464698e-05,0.000952718908307409,0.000952718908307409,"MIR126/ENG/CASS4/MYOC/NTRK2/NRXN1/FGR/PDGFB/ADTRP/PECAM1/SELP/GAS6/IL1B/TEK/DCN/SEMA5A/RAMP3/ANGPT1/CX3CR1/FSHR/GAB1/TGFB2/CX3CL1/HBEGF/PROS1/GPER1/CSF3/FGF2/NTRK3/DDR2/FPR2/P2RY12/FERMT2/PIK3R5",34
"GO:0008037","GO:0008037","cell recognition","26/1675","128/18842",0.203125,2.28494402985075,4.55636030934315,5.11025479584331e-05,0.000968109380768094,0.000968109380768094,"PLA2G5/ROBO2/CNTN4/FCN3/CLEC4M/ZPBP/COLEC12/CADM1/COLEC10/MASP1/SFTPA1/PECAM1/CRTAC1/NEXN/C4BPA/SEMA5A/ROBO4/CNTN6/CFP/NTM/NEDD9/PCDH12/CRTAM/PRF1/FCN1/AMIGO1",26
"GO:0006869","GO:0006869","lipid transport","65/1675","447/18842",0.145413870246085,1.63575411532939,4.24918091788029,5.20157625233677e-05,0.000981773525118177,0.000981773525118177,"PLA2G5/LDLR/PLSCR4/OSBPL6/SLCO1A2/PPARG/P2RX7/PCSK9/ECRG4/SLC22A8/TTPA/ABCA8/HSD17B13/RBP2/ANO5/STX12/APOL3/RBP4/NMUR2/NFKBIA/APOBR/APOA1/CES1/APOL4/SFTPA1/PLA2G3/PLA2G1B/APOC1/FABP12/ABCB1/LPCAT3/ABCA6/CAV1/IL1B/ABCG1/SLC51B/SLC27A6/ACE/FABP4/ESYT3/APOLD1/FABP5/DAB2/SLCO2A1/SLC27A3/LPA/CRH/MFSD2A/AGTR1/EDN1/SLCO2B1/ABCA3/ABCA9/MSR1/ABCA10/RETN/SLC22A6/SLC5A7/CD36/TNFAIP8L3/CETP/PLA2G2A/RBP7/ABCG2/CRY2",65
"GO:0001764","GO:0001764","neuron migration","24/1675","114/18842",0.210526315789474,2.36820109976434,4.57687274387587,5.38011279911881e-05,0.00101173812380488,0.00101173812380488,"FAT3/GPM6A/SRGAP2C/MDGA1/NTRK2/SEMA6A/NDNF/CDKL5/PHACTR1/GATA2/DCDC2/LHX6/DAB2IP/CXCL12/ADGRL3/SEPTIN4/IGSF10/CX3CL1/CAMK2A/TUBA1A/NTNG1/NTRK3/KIF26A/DCC",24
"GO:0044782","GO:0044782","cilium organization","62/1675","422/18842",0.146919431279621,1.65269010398246,4.23575290602766,5.66684653903288e-05,0.00105600993275111,0.00105600993275111,"DNAI2/LRRC46/CLXN/HOATZ/RSPH9/CFAP206/SYNE1/DRC7/CFAP74/ODAD4/CFAP61/DRC2/PRICKLE1/FHDC1/HYDIN/SPEF1/CIBAR2/DNAAF6/TEKT3/CDKL5/CFAP73/LRRK2/PLA2G3/DNAI3/CFAP43/TTC29/RP1/ODAD3/DNAH12/CFAP65/DCDC2/RFX2/DAW1/CCDC181/DRC1/CFAP53/ELMOD1/ZMYND10/ERICH3/CFAP91/CATIP/NOTCH1/RSPH1/ARL13B/NEDD9/DNAI4/ARRB1/ABLIM3/CFAP46/TEKT2/DYNLRB2/TEKT1/DNAI1/ODAD2/RSPH4A/CFAP161/CFAP58/CFAP47/TEKT4/EHD2/DNAAF1/RILPL2",62
"GO:0003170","GO:0003170","heart valve development","17/1675","67/18842",0.253731343283582,2.85421251949209,4.74918529571653,5.67747275672638e-05,0.00105600993275111,0.00105600993275111,"TGFBR2/ROBO2/SLIT3/PDE2A/SMAD6/GJA5/APLNR/GATA5/TIE1/NFATC1/SLIT2/HEY1/NOTCH1/TGFB2/BMPR2/BMP2/DCHS1",17
"GO:0070527","GO:0070527","platelet aggregation","17/1675","67/18842",0.253731343283582,2.85421251949209,4.74918529571653,5.67747275672638e-05,0.00105600993275111,0.00105600993275111,"PRKCQ/GATA1/PRKG1/SLC6A4/PDPN/MYL9/MMRN1/EMILIN2/IL6/UBASH3B/CTSG/FERMT3/HBB/CELA2B/PEAR1/P2RY12/TUBB1",17
"GO:0051494","GO:0051494","negative regulation of cytoskeleton organization","29/1675","151/18842",0.19205298013245,2.16039537412276,4.47188236429614,5.73378083593737e-05,0.00106261916579057,0.00106261916579057,"GMFG/SNCA/ARHGAP6/SHANK3/TMOD1/MYOC/SPTBN1/MID1IP1/GAS2L2/SPEF1/DNAI3/SLIT2/CDH5/CAV3/MYADM/RDX/LMOD3/KANK2/DLC1/S1PR1/KANK4/INPP5K/PHLDB2/KANK3/LMOD1/PLEKHH2/CGNL1/KAT2B/PIK3R1",29
"GO:0071216","GO:0071216","cellular response to biotic stimulus","41/1675","245/18842",0.16734693877551,1.8824782211392,4.3428794034818,5.80320062167016e-05,0.00107160184764776,0.00107160184764776,"KMO/PLSCR4/TNFAIP3/PPBP/ANKRD1/GATA1/IL18R1/HCK/LY86/VIM/IL1A/CCL2/PRKCE/WFS1/SASH1/CARD16/IL1B/BTK/FCAR/CD68/DAB2IP/SPI1/NOTCH1/CX3CR1/NFKBIZ/SIRPA/IL6/TLR4/CX3CL1/ARID5A/ZFP36/CTSG/PDCD1LG2/EDNRB/CSF3/PTAFR/CD36/PF4/LILRA2/SCIMP/CAMP",41
"GO:0060986","GO:0060986","endocrine hormone secretion","14/1675","49/18842",0.285714285714286,3.21398720682303,4.84715901211369,6.24446562150558e-05,0.00114181553677781,0.00114181553677781,"TBX3/PPARG/ECRG4/GNAQ/IL1B/DAB2/CRH/RAB11FIP1/AGTR1/GJA1/RETN/CRHBP/HCAR2/CRY2",14
"GO:1902930","GO:1902930","regulation of alcohol biosynthetic process","15/1675","55/18842",0.272727272727273,3.06789687924016,4.79726469390315,6.25040763045529e-05,0.00114181553677781,0.00114181553677781,"SNCA/CD244/QKI/CYP7A1/P2RY1/DKK3/LPCAT3/ABCG1/DAB2/PTH1R/GPR146/INSIG1/ADCYAP1R1/GPER1/BMP2",15
"GO:1904427","GO:1904427","positive regulation of calcium ion transmembrane transport","15/1675","55/18842",0.272727272727273,3.06789687924016,4.79726469390315,6.25040763045529e-05,0.00114181553677781,0.00114181553677781,"F2RL3/SNCA/P2RX2/P2RX7/P2RX1/TRPC3/APLNR/PPP3R2/PLA2G1B/CAV1/CAPN3/CX3CL1/ADCYAP1R1/GPER1/IL13",15
"GO:0021700","GO:0021700","developmental maturation","42/1675","254/18842",0.165354330708661,1.86006346221648,4.31065436043214,6.29385055913619e-05,0.00114565998612034,0.00114565998612034,"RXFP2/KCNB1/ARHGEF15/RFLNB/MYOC/SLC24A4/PPARG/TRIM58/ZDHHC15/NRXN1/CFTR/SYP/ROPN1L/CATSPERD/ANKS1A/SCARF1/LRRK2/ACVRL1/ZBTB16/LHX6/DAB2IP/ZAR1/S1PR1/CX3CR1/LGI4/NDRG4/TGFB2/CHRDL1/EDN1/CX3CL1/SRRM4/RND1/NRN1/EDNRB/ADGRB3/RHEX/SLC26A3/EPB42/BMP2/RECK/C1QA/PHOSPHO1",42
"GO:0051960","GO:0051960","regulation of nervous system development","53/1675","346/18842",0.153179190751445,1.72310585799327,4.24046221516668,6.3790439459387e-05,0.00115704999232186,0.00115704999232186,"LDLR/ROBO2/SHANK3/MYRF/QKI/NTRK2/ELAPOR2/TPPP/NRXN1/WNT3A/LRRC4B/SYT4/MME/SEMA3G/HELT/PTN/JAM2/CNTFR/NEGR1/SEMA6D/VIM/CDKL5/MAG/SLIT2/WNT7A/HEY1/IL1B/SEMA5A/CXCL12/NOTCH1/CX3CR1/LGI4/BDNF/PRKCH/IL6/CX3CL1/SLITRK3/FZD4/TRPV2/BMPR2/GPER1/LRRTM4/NTRK3/PTPRD/NOS1/IL34/RTN4RL1/BMP2/SLITRK2/AMIGO1/DCC/EGR2/MAP6",53
"GO:0071805","GO:0071805","potassium ion transmembrane transport","36/1675","206/18842",0.174757281553398,1.96583683524127,4.35384737578858,6.43941336972001e-05,0.00116012954759296,0.00116012954759296,"FXYD1/AQP1/KCNB1/KCNIP1/KCNJ16/SLC24A4/P2RX7/MCOLN1/KCNA10/FHL1/KCNS1/SLC12A4/FXYD6/KCNA4/ATP1B2/KCNK3/KCNMB2/AKAP7/KCNAB1/CAV3/ATP1A2/CAV1/KCNE1/PKD2L1/KCNA1/KCNJ15/KCNA3/KCNJ5/KCNH6/KCNN3/DPP6/AMIGO1/KCNT2/KCNAB2/KCNA5/KCNJ8",36
"GO:0048762","GO:0048762","mesenchymal cell differentiation","40/1675","238/18842",0.168067226890756,1.8905807098959,4.31887638687937,6.4413839983656e-05,0.00116012954759296,0.00116012954759296,"TGFBR2/ENG/GLIPR2/TBX3/NOTCH4/QKI/RADIL/S100A4/SEMA6A/SEMA3B/RANBP3L/GATA5/SEMA3G/ERBB4/TCF21/NRG1/SEMA6D/SEMA3D/MIR221/PDPN/TBX5/FGFR2/HEY1/IL1B/SEMA5A/DAB2IP/DAB2/NOTCH1/TGFB2/WWTR1/EDN1/IL6/RGCC/EMP2/MIR222/TGFBR3/BMP2/FOXF2/FERMT2/SMAD7",40
"GO:0051962","GO:0051962","positive regulation of nervous system development","37/1675","214/18842",0.172897196261682,1.94491281908216,4.34237864087618,6.4840130346414e-05,0.0011614187763265,0.0011614187763265,"ROBO2/SHANK3/MYRF/QKI/NTRK2/NRXN1/LRRC4B/MME/PTN/VIM/CDKL5/MAG/SLIT2/WNT7A/IL1B/SEMA5A/CXCL12/NOTCH1/CX3CR1/BDNF/PRKCH/IL6/CX3CL1/SLITRK3/FZD4/TRPV2/BMPR2/GPER1/LRRTM4/PTPRD/IL34/RTN4RL1/BMP2/SLITRK2/AMIGO1/EGR2/MAP6",37
"GO:0030308","GO:0030308","negative regulation of cell growth","29/1675","152/18842",0.190789473684211,2.14618224666143,4.43182902576017,6.49395444827719e-05,0.0011614187763265,0.0011614187763265,"SLIT3/SOX17/GDF2/HYAL1/SESN1/NPR1/FHL1/SEMA3G/CRYAB/SEMA6D/LATS2/MAG/RERG/SLIT2/WFDC1/CAV3/FBP1/ACVRL1/SEMA5A/HYAL2/DAB2/TGFB2/AGTR2/GJA1/DCSTAMP/BMPR2/OSTN/PRDM11/DCC",29
"GO:0010975","GO:0010975","regulation of neuron projection development","57/1675","381/18842",0.149606299212598,1.682914561053,4.20642767801316,6.72372790805736e-05,0.00119832293553008,0.00119832293553008,"ARHGAP44/ROBO2/PMP22/HECW2/FEZ1/ANKRD1/SHANK3/ZDHHC15/NTRK2/PREX1/PLPPR5/WNT3A/SEMA3G/NDNF/PTN/SEMA6D/SCARF1/ATP1B2/ARC/VIM/CDKL5/APBB1/MAG/LRRK2/PLA2G3/MIR221/SLIT2/NOVA2/SDC2/SEMA5A/DAB2IP/KCTD12/DAB2/CXCL12/BDNF/NDRG4/MFSD2A/COBL/PTPRO/CX3CL1/FZD4/TRPV2/BMPR2/NTNG1/ALKAL2/ADGRB3/NTRK3/PTPRD/MIR222/KIF26A/DDR2/RTN4RL1/KAT2B/AMIGO1/DCC/PTPN1/MAP6",57
"GO:0071219","GO:0071219","cellular response to molecule of bacterial origin","38/1675","223/18842",0.170403587443946,1.91686232514557,4.30219964331769,7.17378904272506e-05,0.00127409482477565,0.00127409482477565,"KMO/PLSCR4/TNFAIP3/PPBP/ANKRD1/GATA1/IL18R1/HCK/LY86/VIM/IL1A/CCL2/PRKCE/SASH1/CARD16/IL1B/FCAR/CD68/DAB2IP/SPI1/CX3CR1/NFKBIZ/SIRPA/IL6/TLR4/CX3CL1/ARID5A/ZFP36/CTSG/PDCD1LG2/EDNRB/CSF3/PTAFR/CD36/PF4/LILRA2/SCIMP/CAMP",38
"GO:0007266","GO:0007266","Rho protein signal transduction","27/1675","138/18842",0.195652173913043,2.20088254380273,4.42267478266035,7.31225927431747e-05,0.00128973124786668,0.00128973124786668,"DOCK8/CTNNAL1/ARHGAP6/ARHGEF15/MYOC/STARD13/APOA1/LRRK2/HEG1/ARHGAP30/ARHGAP29/PDPN/RASIP1/TEK/SYNPO2L/KANK2/RIPOR1/SCAI/DLC1/AGTR1/SYNPO2/STARD8/GPR4/CDH13/ARRB1/DOCK11/FERMT2",27
"GO:0030048","GO:0030048","actin filament-based movement","27/1675","138/18842",0.195652173913043,2.20088254380273,4.42267478266035,7.31225927431747e-05,0.00128973124786668,0.00128973124786668,"MYH2/MYO7B/QKI/GJA5/ZEB2/CASQ2/MYL1/PDPN/CAV3/SCN4B/ATP1A2/ADRB2/CAV1/SCN3B/KCNE1/SCN7A/SCN2B/SCN1A/KCNJ5/GJA1/EMP2/NOS1/TNNC1/LIMCH1/MYH10/KCNA5/KCNJ8",27
"GO:0070098","GO:0070098","chemokine-mediated signaling pathway","21/1675","95/18842",0.221052631578947,2.48661115475255,4.53738339164153,7.35618214981614e-05,0.00129301964592129,0.00129301964592129,"ACKR1/CCL16/CMKLR1/SLIT3/ACKR4/GPR17/CCL24/CCL14/SLIT2/CCL2/ACKR5/CCRL2/CXCR1/CXCL12/CX3CR1/EDN1/CX3CL1/ENTREP1/CXCR2/CCL18/CCL23",21
"GO:0007416","GO:0007416","synapse assembly","43/1675","264/18842",0.162878787878788,1.83221619176843,4.253542948909,7.41603581046344e-05,0.00129907613597673,0.00129907613597673,"MUSK/SNCA/ROBO2/GPM6A/SHANK3/ARHGEF15/SRGAP2C/MDGA1/LRRC4/LIN7A/SPOCK2/NRXN1/WNT3A/LRRC4B/PRICKLE1/FLRT3/GABRG1/ERBB4/NEGR1/NRG3/LSAMP/CRTAC1/PCDH17/CCDC141/WNT7A/SDC2/ADGRL3/BDNF/PCDHB4/NTM/DOCK4/SLITRK3/LRRTM4/NTRK3/ADGRL2/PTPRD/GABRA4/RTN4RL1/GRIA1/SLITRK2/AMIGO1/CBLN4/PTPN1",43
"GO:0051058","GO:0051058","negative regulation of small GTPase mediated signal transduction","16/1675","62/18842",0.258064516129032,2.9029561868079,4.68801526333932,7.47264096394967e-05,0.00130008702485043,0.00130008702485043,"ARHGAP44/MYOC/ARHGAP24/HEG1/ARHGAP30/ARHGAP29/SLIT2/RASIP1/FBP1/RIPOR1/DAB2IP/SCAI/DLC1/TGFB2/CGNL1/SPRY4",16
"GO:0061515","GO:0061515","myeloid cell development","16/1675","62/18842",0.258064516129032,2.9029561868079,4.68801526333932,7.47264096394967e-05,0.00130008702485043,0.00130008702485043,"HBA2/EVI2B/TRIM58/TYROBP/GATA1/NCKAP1L/NRROS/HBZ/MPIG6B/HBD/HBA1/HBB/GP9/HBM/RHEX/EPB42",16
"GO:0060562","GO:0060562","epithelial tube morphogenesis","33/1675","184/18842",0.179347826086957,2.0174756651525,4.33224066997037,7.60170378445333e-05,0.00131805813076199,0.00131805813076199,"TGFBR2/ENG/STARD13/SOX17/GDF2/NOTCH4/MMRN2/PRICKLE1/APLNR/TIE1/TCF21/PODXL/IRX1/SLIT2/FGF10/FGFR2/SOX18/RASIP1/ACVRL1/DLC1/NOTCH1/NDRG4/TGFB2/COBL/NPNT/TBX2/WNT11/AGTR2/IHH/GPC3/FGF2/BMP2/DNAAF1",33
"GO:0030593","GO:0030593","neutrophil chemotaxis","18/1675","75/18842",0.24,2.69974925373134,4.6071276003721,7.66148246029064e-05,0.00131947753482783,0.00131947753482783,"PPBP/NCKAP1L/JAM3/PLA2G1B/SLIT2/CD300H/CXCL3/DAPK2/C5AR1/CXCR1/BST1/TGFB2/EDN1/S100A12/JAML/CXCR2/PF4/EDN3",18
"GO:0050766","GO:0050766","positive regulation of phagocytosis","18/1675","75/18842",0.24,2.69974925373134,4.6071276003721,7.66148246029064e-05,0.00131947753482783,0.00131947753482783,"PLA2G5/FCN3/NCKAP1L/CD300LF/SLC11A1/COLEC10/APOA1/MASP1/GATA2/CCL2/GAS6/BTK/SFTPD/SIRPA/CFP/SIRPB1/FCN1/FPR2",18
"GO:0060038","GO:0060038","cardiac muscle cell proliferation","13/1675","44/18842",0.295454545454545,3.32355495251018,4.8198735053371,7.75014305860045e-05,0.00133026784378327,0.00133026784378327,"RBP4/ERBB4/NRG1/DIPK2A/TBX5/FGFR2/NOTCH1/NDRG4/TGFB2/TBX2/FGF2/MIR222/TGFBR3",13
"GO:0003179","GO:0003179","heart valve morphogenesis","15/1675","56/18842",0.267857142857143,3.01311300639659,4.71256318482548,7.84221649230566e-05,0.00134156981130914,0.00134156981130914,"TGFBR2/ROBO2/SLIT3/SMAD6/GJA5/GATA5/TIE1/NFATC1/SLIT2/HEY1/NOTCH1/TGFB2/BMPR2/BMP2/DCHS1",15
"GO:0015671","GO:0015671","oxygen transport","7/1675","14/18842",0.5,5.6244776119403,5.40675612869032,8.48411006567844e-05,0.00144654076619817,0.00144654076619817,"HBA2/HBZ/HBD/CYGB/HBA1/HBB/HBM",7
"GO:0007159","GO:0007159","leukocyte cell-cell adhesion","59/1675","402/18842",0.146766169154229,1.65096606519641,4.12100455454803,8.73365046181192e-05,0.00147439531794499,0.00147439531794499,"DOCK8/PLA2G5/TGFBR2/KLF4/MAP3K8/HLA-DRA/NR5A2/CLEC4M/CD69/PRKCQ/GPR65/ICAM2/ITGAL/AGER/TNFAIP8L2/HLA-E/NCKAP1L/SELPLG/VSIR/VSIG4/JAM2/HLA-DPA1/IL7R/OLR1/IL1A/TFRC/ADTRP/HLA-DRB5/PECAM1/MIR221/SPN/SELP/SELE/CCL2/CAV1/IL1B/ETS1/SLC39A8/ZBTB16/CXCL12/SFTPD/CX3CR1/NFKBIZ/SIRPA/NR4A3/IL6/CRTAM/IHH/LAPTM5/CTSG/PDCD1LG2/FERMT3/SIRPB1/MIR222/ALOX5/ICAM1/PLA2G2A/HLA-DOA/SMAD7",59
"GO:0003181","GO:0003181","atrioventricular valve morphogenesis","9/1675","23/18842",0.391304347826087,4.40176508760545,5.09896632106025,8.75682404091204e-05,0.00147439531794499,0.00147439531794499,"TGFBR2/SLIT3/SMAD6/HEY1/NOTCH1/TGFB2/BMPR2/BMP2/DCHS1",9
"GO:0019755","GO:0019755","one-carbon compound transport","9/1675","23/18842",0.391304347826087,4.40176508760545,5.09896632106025,8.75682404091204e-05,0.00147439531794499,0.00147439531794499,"AQP1/HBA2/HBZ/HBD/AQP9/HBA1/SLC14A1/HBB/AQP10",9
"GO:0003081","GO:0003081","regulation of systemic arterial blood pressure by renin-angiotensin","10/1675","28/18842",0.357142857142857,4.01748400852878,4.99109228377734,8.82042946805801e-05,0.00147439531794499,0.00147439531794499,"CPA3/MME/TACR1/ACE/CMA1/AGTR1/AGTR2/PDE1C/CTSG/EDNRB",10
"GO:0060402","GO:0060402","calcium ion transport into cytosol","10/1675","28/18842",0.357142857142857,4.01748400852878,4.99109228377734,8.82042946805801e-05,0.00147439531794499,0.00147439531794499,"SLC8A3/P2RX2/P2RX7/TRPC3/JPH4/JPH2/PLA2G1B/CAV1/ADCYAP1R1/NOS1",10
"GO:0072012","GO:0072012","glomerulus vasculature development","10/1675","28/18842",0.357142857142857,4.01748400852878,4.99109228377734,8.82042946805801e-05,0.00147439531794499,0.00147439531794499,"AQP1/EGR1/TCF21/PDGFB/PECAM1/TEK/ANGPT1/NOTCH1/EDN1/CD34",10
"GO:0071375","GO:0071375","cellular response to peptide hormone stimulus","50/1675","325/18842",0.153846153846154,1.73060849598163,4.15004936089574,9.08359722891296e-05,0.00151343973374234,0.00151343973374234,"KLF4/PRKCQ/PPARG/PCSK9/TRARG1/KLF2/PDK4/SORBS1/ACTN2/CPEB1/RARRES2/ADCY4/GHR/NR4A1/PLA2G1B/FFAR3/FOS/CAV1/IL1B/FBP1/TNS2/ADCY9/ACE/CAV2/SCNN1G/GAB1/INPP5K/AGTR1/EDN1/NR4A3/KLF15/AGTR2/CAMK2A/INSIG1/CA3/SOCS2/GPER1/VAMP2/PID1/ADCY8/CRHBP/DNAI1/PLA2G2A/DDR2/KAT2B/GLP2R/GRIA1/PIK3R1/CA2/PTPN1",50
"GO:0009410","GO:0009410","response to xenobiotic stimulus","55/1675","368/18842",0.14945652173913,1.68122972096042,4.12239121420262,9.19597786404674e-05,0.00152718918099348,0.00152718918099348,"TGFBR2/CYP2A6/CYP26B1/ANKRD1/AOX1/SLCO1A2/CD69/PDE2A/CYP1A2/SCGB1A1/NCKAP1L/BCHE/ADRA1A/RBP4/PRICKLE1/CYP2A13/ACSM2B/SULT1A1/AADAC/PTPRM/CYP3A7/OTC/C1orf115/SULT1C4/KCNK3/TFRC/SLC6A4/CAT/GSTA3/PPM1F/PRKCE/ALDH2/FOS/GAS6/ABCB1/IL1B/FBP1/GATA6/CYP2F1/CRH/NFKBIZ/CYBB/EDN1/SLCO2B1/ABCA3/SLC19A1/CDH13/ADCYAP1R1/FMO2/S100A12/FOSB/CRHBP/NOS1/CYP1A1/GRIA1",55
"GO:0060541","GO:0060541","respiratory system development","19/1675","83/18842",0.228915662650602,2.57506203920158,4.49204445982869,9.72421071651278e-05,0.0016096873079276,0.0016096873079276,"FOXF1/RBP4/EPAS1/MME/TCF21/PKDCC/PDPN/FGF10/FGFR2/SFTPD/ABCA3/TBX2/WNT11/PHEX/BMPR2/BMP2/CLDN18/IL13/DNAAF1",19
"GO:0002275","GO:0002275","myeloid cell activation involved in immune response","20/1675","90/18842",0.222222222222222,2.49976782752902,4.45485597069939,0.000100146562621636,0.00163398177480916,0.00163398177480916,"RAB44/PTGDS/TYROBP/GATA1/GNAQ/FCER1G/FGR/LAT2/DNASE1L3/PLA2G3/IL33/GATA2/IL1B/BTK/SPI1/CX3CR1/ANXA3/NR4A3/VAMP2/LILRA2",20
"GO:0035023","GO:0035023","regulation of Rho protein signal transduction","20/1675","90/18842",0.222222222222222,2.49976782752902,4.45485597069939,0.000100146562621636,0.00163398177480916,0.00163398177480916,"DOCK8/ARHGEF15/MYOC/STARD13/APOA1/HEG1/ARHGAP30/RASIP1/TEK/SYNPO2L/KANK2/RIPOR1/SCAI/DLC1/SYNPO2/STARD8/GPR4/ARRB1/DOCK11/FERMT2",20
"GO:0050919","GO:0050919","negative chemotaxis","13/1675","45/18842",0.288888888888889,3.24969817578773,4.71952639411816,0.000100189422081673,0.00163398177480916,0.00163398177480916,"ROBO2/SLIT3/SEMA6A/SEMA3B/FLRT3/SEMA3G/APOA1/NRG1/SEMA6D/SEMA3D/NRG3/SLIT2/SEMA5A",13
"GO:0030278","GO:0030278","regulation of ossification","22/1675","104/18842",0.211538461538462,2.37958668197474,4.40672777074859,0.000100544508912947,0.00163398177480916,0.00163398177480916,"RFLNB/P2RX7/CCN1/SMAD6/PTN/SGMS2/SOST/PKDCC/TACR1/ZBTB16/S1PR1/NOTCH1/KL/GPM6B/SRGN/BMPR2/GDF10/ALOX5/DDR2/BMP2/SMAD7/PHOSPHO1",22
"GO:0008154","GO:0008154","actin polymerization or depolymerization","31/1675","171/18842",0.181286549707602,2.03928428035262,4.26442814547171,0.000100723015291918,0.00163398177480916,0.00163398177480916,"ARHGAP6/TMOD1/CYRIA/SPTBN1/NCKAP1L/PREX1/FHDC1/ARHGAP18/ACTN2/ALOX15/HCK/CFL2/CCL24/SLIT2/PRKCE/FAM107A/MYADM/RDX/LMOD3/KANK2/SEMA5A/ESAM/CATIP/CXCL12/KANK4/COBL/KANK3/LMOD1/PLEKHH2/CSF3/WASF3",31
"GO:0006968","GO:0006968","cellular defense response","14/1675","51/18842",0.274509803921569,3.08794849282997,4.66382342702516,0.000100945892637281,0.00163398177480916,0.00163398177480916,"CD300C/CD5L/TYROBP/IL33/SPN/NCF2/DCDC2/C5AR1/MNDA/NCF1/CX3CR1/PRF1/CXCR2/NCR1",14
"GO:0061035","GO:0061035","regulation of cartilage development","14/1675","51/18842",0.274509803921569,3.08794849282997,4.66382342702516,0.000100945892637281,0.00163398177480916,0.00163398177480916,"PRKG2/NR5A2/RFLNB/GDF2/PKDCC/SOX5/ACVRL1/ZBTB16/EFEMP1/WNT9A/WNT11/BMPR2/BMP2/SMAD7",14
"GO:1903532","GO:1903532","positive regulation of secretion by cell","44/1675","276/18842",0.159420289855072,1.79331170235778,4.14716586861796,0.000102640248411511,0.00165616678430561,0.00165616678430561,"KMO/SNCA/KCNB1/RAPGEF4/ANKRD1/MYRIP/PPARG/FFAR4/ECRG4/GATA1/GNAQ/CARTPT/RBP4/SYT4/FGR/IL1A/P2RY1/APBB1/SLC6A4/PLA2G3/GATA2/PLA2G1B/CD33/IL1B/ABCG1/TACR1/DAB2/CXCL12/CRH/RPH3A/TGFB2/EDN1/TLR4/RETN/RGCC/GPER1/ADCY8/FRMD4A/BMP2/HCAR2/IL13/MYH10/CAMP/EDN3",44
"GO:0043534","GO:0043534","blood vessel endothelial cell migration","32/1675","179/18842",0.17877094972067,2.01098640873843,4.2451523568973,0.000103234372877014,0.00166051514863499,0.00166051514863499,"KLF4/MIR126/JCAD/STARD13/PPARG/GDF2/EGR3/MMRN2/CLEC14A/MEOX2/NR4A1/PDGFB/ADTRP/GATA2/MIR221/SLIT2/MMRN1/CDH5/SOX18/ETS1/ACVRL1/ANGPT1/NOTCH1/GAB1/RHOJ/AGTR2/RGCC/FGF2/VASH1/EMP2/TGFBR3/ANGPT4",32
"GO:0048821","GO:0048821","erythrocyte development","11/1675","34/18842",0.323529411764706,3.6393678665496,4.81149736577645,0.000110539839282436,0.00177244914711492,0.00177244914711492,"HBA2/TRIM58/GATA1/NCKAP1L/HBZ/HBD/HBA1/HBB/HBM/RHEX/EPB42",11
"GO:0010720","GO:0010720","positive regulation of cell development","54/1675","362/18842",0.149171270718232,1.67802094499876,4.06872735455232,0.000111554453878907,0.00178312822372066,0.00178312822372066,"TGFBR2/ROBO2/HLA-DRA/SHANK3/EVI2B/GPR65/AGER/MYRF/TYROBP/NCKAP1L/QKI/NTRK2/VSIR/MME/PTN/IL7R/VIM/CDKL5/MAG/PLA2G3/SLIT2/CDH5/GAS6/IL1B/BTK/ZBTB16/LMOD3/SEMA5A/CXCL12/SPI1/NOTCH1/CX3CR1/NFKBIZ/BDNF/PRKCH/IL6/CX3CL1/NEDD9/FZD4/IHH/TRPV2/DCSTAMP/BMPR2/GPER1/PPARGC1B/PTPRD/IL34/BMP2/PF4/AMIGO1/SMAD7/CLDN5/EGR2/MAP6",54
"GO:0050867","GO:0050867","positive regulation of cell activation","52/1675","345/18842",0.150724637681159,1.69549470041099,4.07253571110984,0.000113537821279973,0.00180917743254536,0.00180917743254536,"DOCK8/TGFBR2/MAP3K8/HLA-DRA/NR5A2/PRKCQ/TNFSF13/GPR65/CLEC4D/AGER/TYROBP/HLA-E/NCKAP1L/VSIR/LILRA5/HLA-DPA1/IL7R/TSLP/IL1A/TFRC/LRRK2/IL33/HLA-DRB5/SELP/CCL2/FGF10/GAS6/CAV1/IL1B/BTK/TACR1/ZBTB16/CAPN3/SPI1/FCGR3A/IL1RL1/NFKBIZ/SIRPA/NR4A3/IL6/TLR4/IHH/JUND/PDCD1LG2/SIRPB1/GP9/DDR2/PEAR1/IL13/LILRA2/HLA-DOA/SVEP1",52
"GO:0051047","GO:0051047","positive regulation of secretion","46/1675","294/18842",0.156462585034014,1.76004061326023,4.1027409692005,0.00011396613582442,0.00181036268553387,0.00181036268553387,"AQP1/KMO/SNCA/KCNB1/RAPGEF4/ANKRD1/MYRIP/PPARG/FFAR4/ECRG4/GATA1/GNAQ/CARTPT/NPR1/RBP4/SYT4/FGR/IL1A/P2RY1/APBB1/SLC6A4/PLA2G3/GATA2/PLA2G1B/CD33/IL1B/ABCG1/TACR1/DAB2/CXCL12/CRH/RPH3A/TGFB2/EDN1/TLR4/RETN/RGCC/GPER1/ADCY8/FRMD4A/BMP2/HCAR2/IL13/MYH10/CAMP/EDN3",46
"GO:0021537","GO:0021537","telencephalon development","32/1675","180/18842",0.177777777777778,1.99981426202322,4.21006367571581,0.000115052640536123,0.00182196364192652,0.00182196364192652,"SLC8A3/AQP1/ROBO2/FEZ1/SHANK3/SRGAP2C/NTRK2/ERBB4/ATP1B2/LRRK2/FAT4/PHACTR1/SLIT2/TACC1/FOS/ATP1A2/DIXDC1/LHX6/DAB2IP/CXCL12/KCNA1/MFSD2A/ARL13B/TUBA1A/KIF26A/RTN4RL1/BMP2/AVPR2/P2RY12/NRGN/GRIA1/AGTPBP1",32
"GO:0048598","GO:0048598","embryonic morphogenesis","53/1675","354/18842",0.149717514124294,1.68416561261489,4.05910311170235,0.000116874070125987,0.00184509527374822,0.00184509527374822,"TGFBR2/CFC1B/KLF4/CYP26B1/TMIE/VTN/ENG/TBX3/SOX17/FOXF1/APLN/WNT3A/RBP4/PRICKLE1/APLNR/FBN3/FLRT3/CLRN2/HOXA4/APOA1/TCF21/SOBP/IRX1/MIR221/TBX5/FGFR2/SOX18/MYADM/WNT7A/ITGA8/ZBTB16/EFEMP1/DUSP1/DLC1/POU3F4/NOTCH1/NDRG4/TGFB2/COBL/NR4A3/TBX2/TBX4/IHH/GJA1/ATOH8/BMPR2/CFC1/GPC3/FGF2/SOX7/AFF3/FOXF2/DNAAF1",53
"GO:0090100","GO:0090100","positive regulation of transmembrane receptor protein serine/threonine kinase signaling pathway","21/1675","98/18842",0.214285714285714,2.41049040511727,4.37284630448271,0.000118103441246294,0.00185876646761475,0.00185876646761475,"TGFBR2/MYOCD/ENG/CDKN1C/CCN1/GDF2/ELAPOR2/ZEB2/CITED2/CDH5/CDKN2B/ACVRL1/DAB2/NOTCH1/TGFB2/ATOH8/BMPR2/BMPER/TGFBR3/BMP2/ZNF423",21
"GO:0043116","GO:0043116","negative regulation of vascular permeability","8/1675","19/18842",0.421052631578947,4.73640219952867,5.08977020789436,0.000118469254138909,0.00185880440159668,0.00185880440159668,"PDE2A/SLIT2/RAMP2/ANGPT1/AKAP12/SH3GL2/FERMT2/CLDN5",8
"GO:0003208","GO:0003208","cardiac ventricle morphogenesis","15/1675","58/18842",0.258620689655172,2.90921255790015,4.54869079771259,0.00012115259440308,0.0018893156108895,0.0018893156108895,"TGFBR2/ENG/FOXF1/NPY2R/NRG1/NPY5R/MYL3/TBX5/FGFR2/HEY1/NOTCH1/TGFB2/TNNC1/TGFBR3/SMAD7",15
"GO:0014855","GO:0014855","striated muscle cell proliferation","15/1675","58/18842",0.258620689655172,2.90921255790015,4.54869079771259,0.00012115259440308,0.0018893156108895,0.0018893156108895,"RBP4/ERBB4/NRG1/DIPK2A/TBX5/FOS/FGFR2/ANGPT1/NOTCH1/NDRG4/TGFB2/TBX2/FGF2/MIR222/TGFBR3",15
"GO:1990776","GO:1990776","response to angiotensin","12/1675","40/18842",0.3,3.37468656716418,4.69619848369755,0.000123562840185284,0.00192104537248549,0.00192104537248549,"ACTN2/CAV1/ACE/AGTR1/KL/CYBB/AGTR2/CAMK2A/PLA2G2A/DDR2/CA2/PTPN1",12
"GO:0099625","GO:0099625","ventricular cardiac muscle cell membrane repolarization","10/1675","29/18842",0.344827586206897,3.87895007720021,4.84636681382365,0.000123955235751074,0.00192130615414165,0.00192130615414165,"GJA5/CASQ2/CAV3/SCN4B/KCNE1/SCN2B/KCNJ5/NOS1/KCNH6/KCNJ8",10
"GO:0060271","GO:0060271","cilium assembly","57/1675","390/18842",0.146153846153846,1.64407807118255,4.01477554880853,0.000127890219524584,0.00197111445014891,0.00197111445014891,"DNAI2/LRRC46/CLXN/HOATZ/RSPH9/CFAP206/SYNE1/DRC7/CFAP74/ODAD4/CFAP61/DRC2/PRICKLE1/FHDC1/HYDIN/SPEF1/CIBAR2/DNAAF6/TEKT3/CDKL5/CFAP73/LRRK2/PLA2G3/DNAI3/CFAP43/RP1/ODAD3/DNAH12/CFAP65/DCDC2/RFX2/DAW1/CCDC181/DRC1/CFAP53/ELMOD1/ZMYND10/ERICH3/CFAP91/NOTCH1/RSPH1/ARL13B/DNAI4/ABLIM3/CFAP46/TEKT2/TEKT1/DNAI1/ODAD2/RSPH4A/CFAP161/CFAP58/CFAP47/TEKT4/EHD2/DNAAF1/RILPL2",57
"GO:0036293","GO:0036293","response to decreased oxygen levels","45/1675","287/18842",0.156794425087108,1.76377346715898,4.07274494394522,0.000127954469687988,0.00197111445014891,0.00197111445014891,"SLC8A3/AQP1/MYOCD/ENG/ANKRD1/EGR1/PPARG/CHRNA4/EPAS1/ZEB2/CITED2/NDNF/PDLIM1/CPEB1/KCNK3/TFRC/DRAM1/SLC6A4/CAT/PTGIS/CAV3/FOS/FGFR2/CAV1/GATA6/CXCL12/NOTCH1/CYGB/TGFB2/CYBB/EDN1/ALAS2/PENK/VEGFD/CA3/RGCC/JUND/NOS1/TGFBR3/CYP1A1/DDR2/BMP2/ANGPT4/KCNA5/PTPN1",45
"GO:0048638","GO:0048638","regulation of developmental growth","37/1675","221/18842",0.167420814479638,1.88330924562707,4.12590847626286,0.000129054259504191,0.00197111445014891,0.00197111445014891,"MUSK/ACACB/LIN7A/RBP4/SYT4/SEMA3G/ERBB4/NRG1/SEMA6D/LATS2/VIM/CDKL5/GHR/SLC6A4/MAG/TBX5/CAV3/FGFR2/MYOZ1/SPAAR/SEMA5A/CAPN3/CXCL12/NOTCH1/BDNF/MFSD2A/EDN1/TBX2/TRPV2/BMPR2/OSTN/FGF2/WWC2/MIR222/TGFBR3/DCC/SMAD7",37
"GO:0003177","GO:0003177","pulmonary valve development","9/1675","24/18842",0.375,4.21835820895522,4.92794039040582,0.000129095472297143,0.00197111445014891,0.00197111445014891,"ROBO2/SMAD6/GJA5/NFATC1/SLIT2/HEY1/NOTCH1/TGFB2/BMPR2",9
"GO:0061384","GO:0061384","heart trabecula morphogenesis","9/1675","24/18842",0.375,4.21835820895522,4.92794039040582,0.000129095472297143,0.00197111445014891,0.00197111445014891,"ENG/RBP4/NRG1/HEY1/TEK/S1PR1/NOTCH1/TGFB2/TGFBR3",9
"GO:1901654","GO:1901654","response to ketone","34/1675","197/18842",0.17258883248731,1.94144404879158,4.14914498296284,0.000130425144472675,0.00198415492481269,0.00198415492481269,"AQP1/SLIT3/GNAQ/CARTPT/CFTR/PTGFR/UCP1/GHR/LRRK2/KLF9/SLIT2/FOS/GAS6/CAV1/FBP1/BTG2/TACR1/PTGER4/DUSP1/NCF1/PTGDR2/SCNN1G/CRH/TGFB2/CYBB/EDN1/TBX2/JUND/FOSB/FGF2/ADCY8/NTRK3/TGFBR3/CYP1A1",34
"GO:0032611","GO:0032611","interleukin-1 beta production","23/1675","113/18842",0.20353982300885,2.28961035530313,4.29489564042491,0.000131113267758884,0.00198415492481269,0.00198415492481269,"TNFAIP3/EGR1/P2RX7/FFAR4/AGER/TYROBP/LPL/LILRA5/APOA1/MEFV/CD33/CARD16/IL1B/CX3CR1/SIRPA/IL6/TLR4/CX3CL1/TLR8/CD36/NLRC4/LILRA2/CAMP",23
"GO:0032651","GO:0032651","regulation of interleukin-1 beta production","23/1675","113/18842",0.20353982300885,2.28961035530313,4.29489564042491,0.000131113267758884,0.00198415492481269,0.00198415492481269,"TNFAIP3/EGR1/P2RX7/FFAR4/AGER/TYROBP/LPL/LILRA5/APOA1/MEFV/CD33/CARD16/IL1B/CX3CR1/SIRPA/IL6/TLR4/CX3CL1/TLR8/CD36/NLRC4/LILRA2/CAMP",23
"GO:1901343","GO:1901343","negative regulation of vasculature development","29/1675","158/18842",0.183544303797468,2.06468165501606,4.19783691270053,0.000132849661424749,0.00200450152857697,0.00200450152857697,"KLF4/PPARG/GDF2/KLF2/QKI/HOXA5/NPR1/SEMA6A/ECSCR/PTPRM/ADAMTS1/ANGPTL7/MIR221/TEK/DCN/KLK3/DAB2IP/TGFB2/RGCC/COL4A3/ADGRB3/VASH1/FBLN5/CD36/MIR222/ALOX5/ANGPT4/PF4/CLDN5",29
"GO:0048661","GO:0048661","positive regulation of smooth muscle cell proliferation","20/1675","92/18842",0.217391304347826,2.4454250486697,4.34111240418281,0.000138100809278396,0.00207151213917594,0.00207151213917594,"ADAMTS1/NPY5R/PDGFB/MIR221/FGFR2/S1PR1/EDN1/NR4A3/JUN/IL6/CX3CL1/CDH13/GJA1/HBEGF/RGCC/FGF2/MIR222/DDR2/IL13/PIK3R1",20
"GO:1903035","GO:1903035","negative regulation of response to wounding","20/1675","92/18842",0.217391304347826,2.4454250486697,4.34111240418281,0.000138100809278396,0.00207151213917594,0.00207151213917594,"VTN/AJAP1/PRKG1/PDGFB/ADTRP/CPB2/IL33/MMRN1/MYOZ1/THBD/F11/EDN1/PHLDB2/KRT1/PROS1/FGF2/SERPING1/ALOX5/RTN4RL1/PF4",20
"GO:0070588","GO:0070588","calcium ion transmembrane transport","48/1675","314/18842",0.152866242038217,1.71958551193079,4.01647567075589,0.000145356779970107,0.0021739764021845,0.0021739764021845,"SLC8A3/F2RL3/SNCA/GPM6A/P2RX2/TMC2/PLCE1/SLC24A4/CACNG1/P2RX7/P2RX1/MCOLN1/CACNG6/TRPC3/WNT3A/P2RX6/CNGA4/APLNR/PPP3R2/CACNB4/PLCL1/JPH4/CACHD1/JPH2/CASQ2/PLA2G1B/GAS6/ATP1A2/CAV1/RGS9/CAPN3/PKD2L1/EDN1/CX3CL1/GRIN3B/CACNA2D2/UBASH3B/TRPV2/ADCYAP1R1/GPER1/EDNRB/FGF2/NOS1/GP9/CACNA1S/TRPM1/ATP2B3/IL13",48
"GO:0001867","GO:0001867","complement activation, lectin pathway","7/1675","15/18842",0.466666666666667,5.24951243781095,5.1428795131074,0.000146866515296664,0.00218378553994895,0.00218378553994895,"FCN3/A2M/COLEC10/MASP1/KRT1/FCN1/SERPING1",7
"GO:0010002","GO:0010002","cardioblast differentiation","7/1675","15/18842",0.466666666666667,5.24951243781095,5.1428795131074,0.000146866515296664,0.00218378553994895,0.00218378553994895,"MYOCD/PRICKLE1/NRG1/TBX5/NOTCH1/TGFB2/TBX2",7
"GO:0099560","GO:0099560","synaptic membrane adhesion","11/1675","35/18842",0.314285714285714,3.53538592750533,4.68954289056418,0.000148342860604954,0.00219934415070824,0.00219934415070824,"MDGA1/LRRC4/LRRC4B/FLRT3/PCDH17/SLITRK3/NTNG1/CDH10/PTPRD/SPARCL1/SLITRK2",11
"GO:0061756","GO:0061756","leukocyte adhesion to vascular endothelial cell","15/1675","59/18842",0.254237288135593,2.85990387047812,4.46936888996461,0.000149250213063516,0.00220640127115574,0.00220640127115574,"KLF4/SELPLG/JAM2/MIR221/SPN/SELP/SELE/ETS1/SLC39A8/CXCL12/CX3CR1/IL6/MIR222/ALOX5/ICAM1",15
"GO:0060732","GO:0060732","positive regulation of inositol phosphate biosynthetic process","6/1675","11/18842",0.545454545454545,6.13579375848033,5.32205554603709,0.000152582748398037,0.00224916644972899,0.00224916644972899,"SNCA/CD244/P2RY1/PTH1R/ADCYAP1R1/GPER1",6
"GO:0051495","GO:0051495","positive regulation of cytoskeleton organization","31/1675","175/18842",0.177142857142857,1.99267206823028,4.12097271811632,0.000156133073977645,0.00229488699251624,0.00229488699251624,"ARHGEF15/MYOC/P2RX7/GPR65/NCKAP1L/ACTN2/ALOX15/APOA1/HCK/CFL2/CCL24/PPM1F/PRKCE/CAV3/TACR1/SYNPO2L/SEMA5A/NES/SYNPO/SYNPO2/EDN1/CX3CL1/MYLK3/CCN2/LMOD1/SORBS3/RGCC/CSF3/LIMCH1/WASF3/FERMT2",31
"GO:0050764","GO:0050764","regulation of phagocytosis","21/1675","100/18842",0.21,2.36228059701493,4.26649048215542,0.000159725301654555,0.00234095965032392,0.00234095965032392,"PLA2G5/FCN3/NCKAP1L/CD300LF/SLC11A1/FGR/COLEC10/ALOX15/APOA1/HCK/MASP1/GATA2/CCL2/GAS6/BTK/SFTPD/SIRPA/CFP/SIRPB1/FCN1/FPR2",21
"GO:1990266","GO:1990266","neutrophil migration","20/1675","93/18842",0.21505376344086,2.41913015567325,4.28535520192329,0.000161449480098598,0.0023594688305838,0.0023594688305838,"PPBP/NCKAP1L/JAM3/PECAM1/PLA2G1B/SLIT2/CD300H/CXCL3/DAPK2/C5AR1/CXCR1/BST1/TGFB2/EDN1/S100A12/EMP2/JAML/CXCR2/PF4/EDN3",20
"GO:0051056","GO:0051056","regulation of small GTPase mediated signal transduction","47/1675","307/18842",0.153094462540717,1.72215275414459,3.98486984908544,0.000163607228047183,0.00238419080188416,0.00238419080188416,"DOCK8/ARHGAP44/ARHGAP6/ARHGEF15/MYOC/STARD13/PREX1/ARHGAP24/ARHGAP18/APOA1/CDKL5/HEG1/ARHGAP30/ARHGAP29/SLIT2/FGF10/RASIP1/FGD5/RDX/FBP1/ARHGAP23/TEK/SYNPO2L/MRAS/KANK2/TNS3/RIPOR1/DAB2IP/FGD3/SCAI/DLC1/RASGRF1/NOTCH1/TGFB2/SYNPO2/STARD8/GPR4/ADCYAP1R1/ARHGAP31/ARRB1/PREX2/CGNL1/DOCK11/DENND3/IQSEC3/FERMT2/SPRY4",47
"GO:1902905","GO:1902905","positive regulation of supramolecular fiber organization","29/1675","160/18842",0.18125,2.03887313432836,4.12214248803707,0.000166737665124048,0.00242290669633383,0.00242290669633383,"ARHGEF15/MYOC/GPR65/NCKAP1L/ACTN2/ALOX15/APOA1/HCK/CFL2/CCL24/PPM1F/PRKCE/CAV3/TACR1/SYNPO2L/SEMA5A/SYNPO/SYNPO2/EDN1/CX3CL1/MYLK3/CCN2/LMOD1/SORBS3/RGCC/CSF3/LIMCH1/WASF3/FERMT2",29
"GO:0090287","GO:0090287","regulation of cellular response to growth factor stimulus","50/1675","333/18842",0.15015015015015,1.68903231589799,3.96261981526127,0.000167409564887477,0.00242577882266131,0.00242577882266131,"MYOCD/VTN/ENG/CDKN1C/JCAD/VEPH1/PPARG/CCN1/GDF2/SMAD6/APLN/ELAPOR2/MMRN2/CCBE1/NRXN1/SEMA6A/ZEB2/VWC2/CITED2/WFIKKN2/LATS2/SOST/TMEM204/LTBP4/TSPAN32/SLIT2/MMRN1/CDH5/DKK3/CDKN2B/CAV1/IL1B/ACVRL1/DCN/DAB2IP/LRRC32/ANGPT1/NOTCH1/CHRDL1/CRIM1/AGTR2/SNX25/FGF2/TGFBR3/BMP2/ZNF423/SOSTDC1/SPRY4/SMAD7/PTPN1",50
"GO:0070663","GO:0070663","regulation of leukocyte proliferation","37/1675","224/18842",0.165178571428571,1.85808635394456,4.03553082126735,0.000170994817945674,0.00245988718476367,0.00245988718476367,"PLA2G5/TGFBR2/TNFAIP3/NR5A2/TNFSF13/AGER/TYROBP/HLA-E/NCKAP1L/NMBR/VSIR/VSIG4/IL5RA/HLA-DPA1/CSF2RB/IL1A/TFRC/IL33/SPN/FGF10/IL1B/BTK/TACR1/MNDA/SFTPD/FCGR3A/IL6/LST1/CRTAM/IHH/CLC/LAPTM5/PDCD1LG2/PLA2G2A/IL34/IL13/IL27",37
"GO:0061437","GO:0061437","renal system vasculature development","10/1675","30/18842",0.333333333333333,3.74965174129353,4.70796267118382,0.000171206224394109,0.00245988718476367,0.00245988718476367,"AQP1/EGR1/TCF21/PDGFB/PECAM1/TEK/ANGPT1/NOTCH1/EDN1/CD34",10
"GO:0061440","GO:0061440","kidney vasculature development","10/1675","30/18842",0.333333333333333,3.74965174129353,4.70796267118382,0.000171206224394109,0.00245988718476367,0.00245988718476367,"AQP1/EGR1/TCF21/PDGFB/PECAM1/TEK/ANGPT1/NOTCH1/EDN1/CD34",10
"GO:0045471","GO:0045471","response to ethanol","25/1675","130/18842",0.192307692307692,2.16326061997704,4.15719862301832,0.000176877835946378,0.00253425806965188,0.00253425806965188,"CARTPT/CYP7A1/RBP4/NPY5R/CAT/FOS/FGFR2/ACTG2/TACR1/SPI1/CRH/CYBB/PENK/CA3/ADCYAP1R1/FOSB/CSF3/FGF2/NTRK3/CRHBP/CDO1/CLDN18/IL13/GRIA1/CLDN5",25
"GO:0032355","GO:0032355","response to estradiol","22/1675","108/18842",0.203703703703704,2.2914538419016,4.20424179495778,0.000179681458780758,0.00256723648509379,0.00256723648509379,"CARTPT/CRYAB/ALDH1A2/SSTR1/PTGFR/GHR/SLC6A4/CAT/FGF10/WNT7A/TACR1/RGS9/RAMP3/DUSP1/PENK/IHH/SOCS2/ADCYAP1R1/GPER1/CRHBP/GRIA1/DHH",22
"GO:0003184","GO:0003184","pulmonary valve morphogenesis","8/1675","20/18842",0.4,4.49958208955224,4.8911442965314,0.000182101700388478,0.00258019445287276,0.00258019445287276,"ROBO2/SMAD6/GJA5/NFATC1/SLIT2/HEY1/NOTCH1/TGFB2",8
"GO:0015669","GO:0015669","gas transport","8/1675","20/18842",0.4,4.49958208955224,4.8911442965314,0.000182101700388478,0.00258019445287276,0.00258019445287276,"AQP1/HBA2/HBZ/HBD/CYGB/HBA1/HBB/HBM",8
"GO:0038166","GO:0038166","angiotensin-activated signaling pathway","8/1675","20/18842",0.4,4.49958208955224,4.8911442965314,0.000182101700388478,0.00258019445287276,0.00258019445287276,"ACTN2/CAV1/ACE/AGTR1/AGTR2/CAMK2A/PLA2G2A/CA2",8
"GO:0048545","GO:0048545","response to steroid hormone","48/1675","317/18842",0.151419558359621,1.70331183200716,3.9446695113635,0.000182954834686107,0.00258512149010895,0.00258512149010895,"AQP1/SLIT3/ZNF366/PTGDS/LBH/SCGB1A1/CARTPT/PGR/BCHE/DEFA3/ACR/TCF21/GHR/JUNB/ADTRP/KLF9/SLIT2/RXRG/PER1/FOS/FAM107A/ATP1A2/CAV1/TACR1/KANK2/ALPL/DUSP1/CALCOCO1/DAB2/SCNN1G/CRH/TGFB2/CYBB/EDN1/NR4A3/ABCA3/SSTR4/JUN/IL6/TBX2/ZFP36/GPER1/JUND/FOSB/NTRK3/PPARGC1B/CDO1/CRY2",48
"GO:0042116","GO:0042116","macrophage activation","21/1675","101/18842",0.207920792079208,2.3388916802128,4.21426582537768,0.000185021538661357,0.0026071216811373,0.0026071216811373,"SNCA/LDLR/CD93/AGER/TYROBP/SLC11A1/VSIG4/LRRK2/IL33/IL1B/C5AR1/FCGR3A/IL1RL1/CX3CR1/IL6/TLR4/CX3CL1/JUND/FPR2/IL13/C1QA",21
"GO:0072006","GO:0072006","nephron development","24/1675","123/18842",0.195121951219512,2.19491809246451,4.15299633055083,0.000187598748949088,0.00263617472767743,0.00263617472767743,"AQP1/PLCE1/EGR1/COL4A4/TCF21/PODXL/IRX1/PDGFB/PECAM1/TEK/ANGPT1/NOTCH1/NPNT/EDN1/PTPRO/KLF15/WNT11/AGTR2/COL4A3/GPC3/FGF2/SLC22A6/BMP2/CD34",24
"GO:0007613","GO:0007613","memory","19/1675","87/18842",0.218390804597701,2.4566683822268,4.25376959510701,0.0001886030761899,0.00264302667044202,0.00264302667044202,"SLC8A3/MUSK/LDLR/SHANK3/EGR1/SLC1A1/SYT4/PTN/ARC/SLC6A4/FOS/TACR1/RASGRF1/CRH/CAMK2N1/TUBA1A/ADCY8/KAT2B/GRIA1",19
"GO:0002573","GO:0002573","myeloid leukocyte differentiation","34/1675","201/18842",0.169154228855721,1.90280834632806,4.01949199234596,0.000194112758658817,0.00271280535666626,0.00271280535666626,"TGFBR2/EVI2B/PPARG/PDE2A/TYROBP/GATA1/QKI/CARTPT/NRROS/LILRB3/IL1A/TFRC/PLA2G3/IL33/GATA2/TAL1/IL20/OSCAR/IL1B/TMEM178A/SPI1/IL1RL1/TLR4/NEDD9/UBASH3B/C1QC/IL20RA/DCSTAMP/CSF3/PPARGC1B/PDE1B/IL34/BMP2/PF4",34
"GO:0061564","GO:0061564","axon development","59/1675","414/18842",0.142512077294686,1.60311197635013,3.87588781565225,0.000196651061907117,0.00274079068570819,0.00274079068570819,"ROBO2/CNTN4/FEZ1/NELL2/SLIT3/PRKCQ/NFASC/TNR/NTRK2/NRXN1/PRKG1/PRICKLE1/SEMA6A/SEMA3B/FLRT3/SEMA3G/PTPRM/PTN/SEMA6D/SEMA3D/SCARF1/VIM/CDKL5/APBB1/MAG/FAT4/MIR221/CRTAC1/SLIT2/NOVA2/NEXN/FGFR2/HMCN2/WNT7A/LHX9/PLP1/SEMA5A/NTN4/CXCL12/ROBO4/NOTCH1/CNTN6/BDNF/COBL/GPM6B/EDN1/PTPRO/SLITRK3/TRPV2/BMPR2/NTNG1/ANOS1/MIR222/RTN4RL1/SLITRK2/AMIGO1/DCC/EDN3/MAP6",59
"GO:0016525","GO:0016525","negative regulation of angiogenesis","28/1675","154/18842",0.181818181818182,2.04526458616011,4.06834112914549,0.000202876376477736,0.00281987137414027,0.00281987137414027,"KLF4/PPARG/GDF2/KLF2/QKI/HOXA5/NPR1/SEMA6A/ECSCR/PTPRM/ADAMTS1/MIR221/TEK/DCN/KLK3/DAB2IP/TGFB2/RGCC/COL4A3/ADGRB3/VASH1/FBLN5/CD36/MIR222/ALOX5/ANGPT4/PF4/CLDN5",28
"GO:0042698","GO:0042698","ovulation cycle","13/1675","48/18842",0.270833333333333,3.046592039801,4.4346001253529,0.000205752532291393,0.00284734573528411,0.00284734573528411,"ROBO2/NR5A2/SLIT3/EGR1/PTN/NPY5R/SLIT2/NOTCH1/FSHR/MMP19/TGFB2/RETN/GDF10",13
"GO:0015908","GO:0015908","fatty acid transport","22/1675","109/18842",0.201834862385321,2.27043132959058,4.15501843003389,0.000206523024005944,0.00284734573528411,0.00284734573528411,"PLA2G5/PPARG/SLC22A8/RBP2/NMUR2/PLA2G3/PLA2G1B/FABP12/IL1B/SLC27A6/ACE/FABP4/FABP5/SLCO2A1/SLC27A3/MFSD2A/EDN1/SLCO2B1/SLC22A6/CD36/PLA2G2A/RBP7",22
"GO:0042552","GO:0042552","myelination","22/1675","109/18842",0.201834862385321,2.27043132959058,4.15501843003389,0.000206523024005944,0.00284734573528411,0.00284734573528411,"SLC8A3/PMP22/MAL/MYOC/MYRF/NFASC/QKI/TPPP/PTN/JAM2/PRX/MAG/PLLP/PLP1/LGI4/ACSBG1/GPM6B/EPB41L3/AMIGO1/DHH/CLDN5/EGR2",22
"GO:0010001","GO:0010001","glial cell differentiation","29/1675","162/18842",0.179012345679012,2.01370186106505,4.04754319355498,0.000208137792299486,0.00286189464411793,0.00286189464411793,"SLC8A3/LDLR/VTN/MYOC/AGER/MYRF/QKI/NTRK2/TPPP/ZEB2/PTN/NRROS/GPR17/PRX/MAG/FGF10/PLP1/C5AR1/NOTCH1/LGI4/GPM6B/IL6/TUBA1A/NTRK3/IL34/BMP2/FPR2/C1QA/EGR2",29
"GO:0043299","GO:0043299","leukocyte degranulation","17/1675","74/18842",0.22972972972973,2.58421944332392,4.2651506791138,0.000212616360810827,0.00290784140520689,0.00290784140520689,"RAB44/PTGDS/GATA1/NCKAP1L/GNAQ/FGR/LAT2/HCK/PLA2G3/GATA2/BTK/SPI1/FCGR3A/ANXA3/NR4A3/NKG7/VAMP2",17
"GO:1902893","GO:1902893","regulation of miRNA transcription","17/1675","74/18842",0.22972972972973,2.58421944332392,4.2651506791138,0.000212616360810827,0.00290784140520689,0.00290784140520689,"KLF4/MYOCD/EGR1/PPARG/SMAD6/APLN/PDGFB/GATA2/FOS/ETS1/SPI1/TGFB2/JUN/IL6/ATOH8/FGF2/BMP2",17
"GO:0010817","GO:0010817","regulation of hormone levels","67/1675","487/18842",0.137577002053388,1.54759753593429,3.82437920735615,0.000214192224733745,0.00292158194536829,0.00292158194536829,"DUOX1/ADH1A/CYP26B1/KCNB1/RAPGEF4/NR5A2/TBX3/MYRIP/CPA3/EGR1/PPARG/CYP17A1/FFAR4/CYP1A2/HSD17B6/ECRG4/GNAQ/CARTPT/PDE8B/PAPSS2/BCHE/RBP4/SULT1A1/MME/CYP3A7/ALDH1A2/GHR/CES1/P2RY1/PLA2G3/FFAR3/DKK3/IL1B/BTK/TACR1/ACE/DUOXA1/CMA1/DAB2/VIP/ALDH1A1/CRH/CHST9/RAB11FIP1/AGTR1/EDN1/IL6/AWAT2/GJA1/RETN/CTSG/GPER1/ADH1B/G6PC2/EDNRB/EXOC3L1/ADCY8/CRHBP/ALOX5/CYP1A1/BMP2/HCAR2/TUBB1/CRY2/KCNA5/CAMP/EDN3",67
"GO:0032233","GO:0032233","positive regulation of actin filament bundle assembly","15/1675","61/18842",0.245901639344262,2.76613653046244,4.31560821926375,0.000222766375327866,0.00303045215372881,0.00303045215372881,"ARHGEF15/MYOC/GPR65/APOA1/PPM1F/TACR1/SYNPO2L/SYNPO/SYNPO2/CX3CL1/CCN2/SORBS3/RGCC/LIMCH1/FERMT2",15
"GO:1902932","GO:1902932","positive regulation of alcohol biosynthetic process","10/1675","31/18842",0.32258064516129,3.62869523350987,4.57538158352566,0.000232733266575553,0.00315764100406885,0.00315764100406885,"SNCA/CD244/QKI/CYP7A1/P2RY1/ABCG1/DAB2/PTH1R/ADCYAP1R1/GPER1",10
"GO:0001666","GO:0001666","response to hypoxia","43/1675","278/18842",0.154676258992806,1.73994631160743,3.88238861445647,0.00024225759655171,0.0032695187502955,0.0032695187502955,"SLC8A3/AQP1/MYOCD/ENG/ANKRD1/EGR1/PPARG/CHRNA4/EPAS1/CITED2/NDNF/PDLIM1/CPEB1/KCNK3/TFRC/SLC6A4/CAT/PTGIS/CAV3/FOS/FGFR2/CAV1/GATA6/CXCL12/NOTCH1/CYGB/TGFB2/CYBB/EDN1/ALAS2/PENK/VEGFD/CA3/RGCC/JUND/NOS1/TGFBR3/CYP1A1/DDR2/BMP2/ANGPT4/KCNA5/PTPN1",43
"GO:0071560","GO:0071560","cellular response to transforming growth factor beta stimulus","43/1675","278/18842",0.154676258992806,1.73994631160743,3.88238861445647,0.00024225759655171,0.0032695187502955,0.0032695187502955,"TGFBR2/MYOCD/ENG/ANKRD1/CDKN1C/VEPH1/PPARG/PDE2A/SMAD6/ZEB2/CITED2/WFIKKN2/NRROS/LATS2/LTBP4/CDH5/FOS/FGFR2/WNT7A/DKK3/CDKN2B/SOX5/ACVRL1/LRRC32/HYAL2/DAB2/SPI1/SMAD9/NFKBIZ/TGFB2/EDN1/JUN/PENK/RGCC/SNX25/GDF10/TGFBR3/DDR2/BMP2/ZFYVE9/FERMT2/SMAD7/CLDN5",43
"GO:0071774","GO:0071774","response to fibroblast growth factor","21/1675","103/18842",0.203883495145631,2.29347630778148,4.11164927335757,0.000246395361455817,0.00331364495242243,0.00331364495242243,"SNCA/EGR3/HYAL1/SCGB1A1/APLN/NRXN1/FLRT3/NDNF/FGFR4/TRIM71/NR4A1/CCL2/FGF10/FGFR2/HYAL2/KL/TBX2/ZFP36/FGF2/SPRY4/PTPN1",21
"GO:0031214","GO:0031214","biomineral tissue development","27/1675","148/18842",0.182432432432432,2.05217426381606,4.01402053721027,0.00024682282050302,0.00331364495242243,0.00331364495242243,"RFLNB/SLC24A4/P2RX7/CCN1/CFTR/PRICKLE1/PTN/SGMS2/ALOX15/PKDCC/CLEC3B/FGFR2/GAS6/HEY1/ALPL/S1PR1/NOTCH1/KL/GPM6B/SRGN/PHEX/BMPR2/ALOX5/DDR2/BMP2/ODAM/PHOSPHO1",27
"GO:0061614","GO:0061614","miRNA transcription","17/1675","75/18842",0.226666666666667,2.5497631840796,4.2005941310107,0.000252478880044183,0.0033536831319282,0.0033536831319282,"KLF4/MYOCD/EGR1/PPARG/SMAD6/APLN/PDGFB/GATA2/FOS/ETS1/SPI1/TGFB2/JUN/IL6/ATOH8/FGF2/BMP2",17
"GO:1903053","GO:1903053","regulation of extracellular matrix organization","17/1675","75/18842",0.226666666666667,2.5497631840796,4.2005941310107,0.000252478880044183,0.0033536831319282,0.0033536831319282,"PPARG/PRDM5/TIE1/ANGPTL7/FGFR4/ADTRP/PDPN/NOTCH1/TGFB2/TNXB/IL6/RGCC/TGFBR3/DDR2/BMP2/RECK/TIMP3",17
"GO:0030282","GO:0030282","bone mineralization","20/1675","96/18842",0.208333333333333,2.34353233830846,4.12231914470622,0.000253613980676684,0.0033536831319282,0.0033536831319282,"RFLNB/P2RX7/CCN1/PRICKLE1/PTN/SGMS2/ALOX15/PKDCC/CLEC3B/FGFR2/ALPL/S1PR1/KL/GPM6B/SRGN/BMPR2/ALOX5/DDR2/BMP2/PHOSPHO1",20
"GO:0044344","GO:0044344","cellular response to fibroblast growth factor stimulus","20/1675","96/18842",0.208333333333333,2.34353233830846,4.12231914470622,0.000253613980676684,0.0033536831319282,0.0033536831319282,"SNCA/EGR3/HYAL1/APLN/NRXN1/FLRT3/NDNF/FGFR4/TRIM71/NR4A1/CCL2/FGF10/FGFR2/HYAL2/KL/TBX2/ZFP36/FGF2/SPRY4/PTPN1",20
"GO:2000181","GO:2000181","negative regulation of blood vessel morphogenesis","28/1675","156/18842",0.17948717948718,2.0190432453119,3.9921690046728,0.000253621127265924,0.0033536831319282,0.0033536831319282,"KLF4/PPARG/GDF2/KLF2/QKI/HOXA5/NPR1/SEMA6A/ECSCR/PTPRM/ADAMTS1/MIR221/TEK/DCN/KLK3/DAB2IP/TGFB2/RGCC/COL4A3/ADGRB3/VASH1/FBLN5/CD36/MIR222/ALOX5/ANGPT4/PF4/CLDN5",28
"GO:0007264","GO:0007264","small GTPase-mediated signal transduction","67/1675","490/18842",0.136734693877551,1.53812244897959,3.77007184616797,0.000255592069079342,0.0033536831319282,0.0033536831319282,"DOCK8/ARHGAP44/CTNNAL1/RASGEF1B/ARHGAP6/RAPGEF4/ARHGEF15/PLCE1/MYOC/STARD13/SH2D3C/RRAS/PREX1/RASGRP4/ARHGAP24/ARHGAP18/APOA1/CDKL5/RRAD/LRRK2/RERG/HEG1/ARHGAP30/ARHGAP29/SLIT2/PDPN/FGF10/RASIP1/FGD5/RDX/FBP1/ARHGAP23/TEK/SYNPO2L/MRAS/KANK2/TNS3/RIPOR1/DAB2IP/FGD3/SCAI/DLC1/RASGRF1/NOTCH1/DOK2/TGFB2/AGTR1/SYNPO2/STARD8/RHOJ/DOCK4/RASGRP2/GPR4/CDH13/RND1/ADCYAP1R1/ARHGAP31/ARRB1/PREX2/FGF2/CGNL1/DOCK11/DENND3/IQSEC3/FERMT2/RASL12/SPRY4",67
"GO:0032612","GO:0032612","interleukin-1 production","25/1675","133/18842",0.18796992481203,2.11446526764673,4.02883283656217,0.000256111585684987,0.0033536831319282,0.0033536831319282,"TNFAIP3/EGR1/P2RX7/FFAR4/AGER/TYROBP/LPL/LILRA5/APOA1/MEFV/IL1A/CD33/GAS6/CARD16/IL1B/CX3CR1/SIRPA/IL6/TLR4/CX3CL1/TLR8/CD36/NLRC4/LILRA2/CAMP",25
"GO:0032652","GO:0032652","regulation of interleukin-1 production","25/1675","133/18842",0.18796992481203,2.11446526764673,4.02883283656217,0.000256111585684987,0.0033536831319282,0.0033536831319282,"TNFAIP3/EGR1/P2RX7/FFAR4/AGER/TYROBP/LPL/LILRA5/APOA1/MEFV/IL1A/CD33/GAS6/CARD16/IL1B/CX3CR1/SIRPA/IL6/TLR4/CX3CL1/TLR8/CD36/NLRC4/LILRA2/CAMP",25
"GO:0048469","GO:0048469","cell maturation","25/1675","133/18842",0.18796992481203,2.11446526764673,4.02883283656217,0.000256111585684987,0.0033536831319282,0.0033536831319282,"RXFP2/KCNB1/MYOC/PPARG/TRIM58/CFTR/ROPN1L/CATSPERD/ANKS1A/SCARF1/LRRK2/LHX6/ZAR1/LGI4/NDRG4/EDN1/CX3CL1/SRRM4/RND1/EDNRB/ADGRB3/RHEX/SLC26A3/EPB42/C1QA",25
"GO:0010232","GO:0010232","vascular transport","19/1675","89/18842",0.213483146067416,2.40146235116552,4.13955101187702,0.000257673014828501,0.0033536831319282,0.0033536831319282,"AGER/SLC1A1/SLC22A8/FLVCR2/ATP1B2/TFRC/SLC2A3/LEPR/SLC15A2/ATP1A2/ABCB1/FABP5/MFSD2A/SLC6A13/SLCO2B1/SLC19A1/CD36/ABCG2/KCNJ8",19
"GO:0150104","GO:0150104","transport across blood-brain barrier","19/1675","89/18842",0.213483146067416,2.40146235116552,4.13955101187702,0.000257673014828501,0.0033536831319282,0.0033536831319282,"AGER/SLC1A1/SLC22A8/FLVCR2/ATP1B2/TFRC/SLC2A3/LEPR/SLC15A2/ATP1A2/ABCB1/FABP5/MFSD2A/SLC6A13/SLCO2B1/SLC19A1/CD36/ABCG2/KCNJ8",19
"GO:1904705","GO:1904705","regulation of vascular associated smooth muscle cell proliferation","19/1675","89/18842",0.213483146067416,2.40146235116552,4.13955101187702,0.000257673014828501,0.0033536831319282,0.0033536831319282,"MYOCD/PPARG/APLN/PRKG1/ADAMTS1/PDGFB/MIR221/FGFR2/CNN1/EDN1/NR4A3/JUN/RGS5/GJA1/RGCC/GPER1/FGF2/MIR222/DDR2",19
"GO:0033622","GO:0033622","integrin activation","9/1675","26/18842",0.346153846153846,3.89386911595867,4.61226321239219,0.000261973505067855,0.00339239108461285,0.00339239108461285,"JAM3/SELP/RASIP1/PTGER4/CXCL12/CX3CL1/FERMT3/P2RY12/FERMT2",9
"GO:0061036","GO:0061036","positive regulation of cartilage development","9/1675","26/18842",0.346153846153846,3.89386911595867,4.61226321239219,0.000261973505067855,0.00339239108461285,0.00339239108461285,"PRKG2/GDF2/PKDCC/SOX5/ACVRL1/ZBTB16/BMPR2/BMP2/SMAD7",9
"GO:0042742","GO:0042742","defense response to bacterium","48/1675","322/18842",0.149068322981366,1.67686289051636,3.82666395706036,0.000265507872444824,0.00342947668574564,0.00342947668574564,"SIGLEC16/AQP1/DUOX1/GBP4/PPBP/DAO/SLPI/COLEC12/HLA-E/IL18R1/MMRN2/RASGRP4/SLC11A1/EPPIN/DEFA3/FGR/IL7R/GBP7/TSLP/RARRES2/IL33/PLA2G1B/SPN/SELP/DEFA4/EMILIN2/SLC15A2/IL1B/WFDC12/KLK3/VIP/SFTPD/NFKBIZ/ANXA3/STAB2/CFP/IL6/TLR4/DMBT1/CTSG/S100A12/LYZ/RNASE13/PLA2G2A/FPR2/NLRC4/PGLYRP1/CAMP",48
"GO:0086002","GO:0086002","cardiac muscle cell action potential involved in contraction","15/1675","62/18842",0.241935483870968,2.7215214251324,4.24104284330592,0.000270013172887983,0.00346959979503224,0.00346959979503224,"GJA5/CASQ2/CAV3/SCN4B/CAV1/SCN3B/KCNE1/SCN7A/SCN2B/SCN1A/KCNJ5/GJA1/NOS1/KCNA5/KCNJ8",15
"GO:0007272","GO:0007272","ensheathment of neurons","22/1675","111/18842",0.198198198198198,2.22952265698534,4.05816518241071,0.00027099588324007,0.00346959979503224,0.00346959979503224,"SLC8A3/PMP22/MAL/MYOC/MYRF/NFASC/QKI/TPPP/PTN/JAM2/PRX/MAG/PLLP/PLP1/LGI4/ACSBG1/GPM6B/EPB41L3/AMIGO1/DHH/CLDN5/EGR2",22
"GO:0008366","GO:0008366","axon ensheathment","22/1675","111/18842",0.198198198198198,2.22952265698534,4.05816518241071,0.00027099588324007,0.00346959979503224,0.00346959979503224,"SLC8A3/PMP22/MAL/MYOC/MYRF/NFASC/QKI/TPPP/PTN/JAM2/PRX/MAG/PLLP/PLP1/LGI4/ACSBG1/GPM6B/EPB41L3/AMIGO1/DHH/CLDN5/EGR2",22
"GO:0001991","GO:0001991","regulation of systemic arterial blood pressure by circulatory renin-angiotensin","8/1675","21/18842",0.380952380952381,4.28531627576404,4.70519538240775,0.000271327452201934,0.00346959979503224,0.00346959979503224,"CPA3/MME/ACE/CMA1/AGTR2/PDE1C/CTSG/EDNRB",8
"GO:0002357","GO:0002357","defense response to tumor cell","6/1675","12/18842",0.5,5.6244776119403,5.00541765589583,0.000282187783241053,0.00357274879029204,0.00357274879029204,"KLF4/DAPK1/RBMS3/SPI1/LAPTM5/PRF1",6
"GO:0010524","GO:0010524","positive regulation of calcium ion transport into cytosol","6/1675","12/18842",0.5,5.6244776119403,5.00541765589583,0.000282187783241053,0.00357274879029204,0.00357274879029204,"P2RX2/P2RX7/TRPC3/PLA2G1B/CAV1/ADCYAP1R1",6
"GO:0010919","GO:0010919","regulation of inositol phosphate biosynthetic process","6/1675","12/18842",0.5,5.6244776119403,5.00541765589583,0.000282187783241053,0.00357274879029204,0.00357274879029204,"SNCA/CD244/P2RY1/PTH1R/ADCYAP1R1/GPER1",6
"GO:0016322","GO:0016322","neuron remodeling","6/1675","12/18842",0.5,5.6244776119403,5.00541765589583,0.000282187783241053,0.00357274879029204,0.00357274879029204,"ANKS1A/SCARF1/CX3CL1/RND1/ADGRB3/C1QA",6
"GO:0050728","GO:0050728","negative regulation of inflammatory response","34/1675","205/18842",0.165853658536585,1.86568037859483,3.89276940946274,0.000284344335394072,0.00359116364331032,0.00359116364331032,"KLF4/LDLR/TNFAIP3/NR5A2/CD69/PPARG/FFAR4/TNFAIP8L2/IL18R1/FGR/APOA1/HCK/CLEC12A/MEFV/IL1A/NPY5R/NFATC1/PTGIS/IL33/MIR221/CDH5/LPCAT3/IL1B/TEK/PTGER4/SLC39A8/SIRPA/NR4A3/CX3CL1/GPER1/MIR222/ALOX5/FPR2/IL13",34
"GO:0098771","GO:0098771","inorganic ion homeostasis","57/1675","402/18842",0.141791044776119,1.59500111383382,3.76671293814755,0.000285504217557081,0.00359693121380412,0.00359693121380412,"FXYD1/SLC8A3/MT1A/CNR1/SLC24A4/SLC1A1/P2RX1/GDF2/MCOLN1/CARTPT/TRPC3/SLC11A1/NPR1/CYBRD1/CACNB4/SLC12A4/FXYD6/OTC/JPH2/FGFR4/CASQ2/ATP1B2/P2RY1/TFRC/SLC17A8/CCL14/MT1M/CDH5/WFS1/CAV3/ATP1A2/CAV1/TMEM178A/SLC39A8/CAV2/ALPL/SCN7A/SCARA5/CXCL12/PTH1R/SCNN1G/SMAD9/KCNA1/AGTR1/EDN1/CDH23/ALAS2/ATP13A4/GPER1/EDNRB/ADCY8/MT1X/BMP2/ATP2B3/KCNA5/CCL23/EDN3",57
"GO:0046620","GO:0046620","regulation of organ growth","16/1675","69/18842",0.231884057971014,2.60845338524767,4.18098261087915,0.000288406664351975,0.00361995864837577,0.00361995864837577,"ACACB/RBP4/ERBB4/NRG1/LATS2/SLC6A4/TBX5/CAV3/FGFR2/NOTCH1/EDN1/TBX2/FGF2/WWC2/MIR222/TGFBR3",16
"GO:0008064","GO:0008064","regulation of actin polymerization or depolymerization","25/1675","134/18842",0.186567164179104,2.09868567609713,3.98679915909157,0.000288747434709152,0.00361995864837577,0.00361995864837577,"TMOD1/CYRIA/SPTBN1/NCKAP1L/PREX1/ARHGAP18/ACTN2/ALOX15/HCK/CFL2/CCL24/SLIT2/PRKCE/MYADM/RDX/LMOD3/KANK2/SEMA5A/ESAM/CXCL12/KANK4/KANK3/LMOD1/PLEKHH2/CSF3",25
"GO:0002443","GO:0002443","leukocyte mediated immunity","60/1675","429/18842",0.13986013986014,1.57328045089239,3.75185183121962,0.000289805853978,0.00362434460415029,0.00362434460415029,"SH2D1B/HLA-DRA/RAB44/C6/DAO/PTGDS/TNFSF13/AGER/TYROBP/GATA1/CADM1/HLA-E/NCKAP1L/GNAQ/IL18R1/RASGRP4/C1QB/CLEC12B/FCER1G/FCGR3B/FGR/LAT2/CSF2RB/KIR3DL1/TFRC/DNASE1L3/PLA2G3/GATA2/PLA2G1B/C7/C4BPA/IL1B/BTK/FCAR/ACE/KLRD1/SPI1/FCGR3A/CX3CR1/NFKBIZ/ANXA3/NR4A3/IL6/C8B/ARID5A/CRTAM/C1QC/NKG7/TLR8/CLC/PRF1/CTSG/VAMP2/EMP2/ICAM1/C1QA/SCIMP/SMAD7/NCR1/PIK3R1",60
"GO:0051899","GO:0051899","membrane depolarization","20/1675","97/18842",0.206185567010309,2.3193722111094,4.06932760268758,0.000293216189256506,0.00365805075133421,0.00365805075133421,"MYOC/P2RX7/GNAQ/GJA5/CHRNA4/FHL1/SLC6A4/LRRK2/TBX5/CHRNA2/CAV3/SCN4B/ATP1A2/CAV1/SCN3B/DCN/SCN2B/EDN1/SCN1A/SMAD7",20
"GO:0051480","GO:0051480","regulation of cytosolic calcium ion concentration","14/1675","56/18842",0.25,2.81223880597015,4.24233008876828,0.00029725675106031,0.0036994362084513,0.0036994362084513,"SLC8A3/CNR1/P2RX1/TRPC3/CACNB4/P2RY1/CAV3/CAV1/TMEM178A/CAV2/CDH23/GPER1/ADCY8/ATP2B3",14
"GO:0032755","GO:0032755","positive regulation of interleukin-6 production","19/1675","90/18842",0.211111111111111,2.37477943615257,4.08359498525148,0.000299827980912028,0.0037096457044228,0.0037096457044228,"SIGLEC16/AGER/TYROBP/IL17D/LPL/LILRA5/TSLP/IL1A/IL33/IL1B/BTK/HYAL2/IL6/TLR4/ARID5A/TLR8/LAPTM5/LILRA2/SCIMP",19
"GO:1990874","GO:1990874","vascular associated smooth muscle cell proliferation","19/1675","90/18842",0.211111111111111,2.37477943615257,4.08359498525148,0.000299827980912028,0.0037096457044228,0.0037096457044228,"MYOCD/PPARG/APLN/PRKG1/ADAMTS1/PDGFB/MIR221/FGFR2/CNN1/EDN1/NR4A3/JUN/RGS5/GJA1/RGCC/GPER1/FGF2/MIR222/DDR2",19
"GO:0031960","GO:0031960","response to corticosteroid","26/1675","142/18842",0.183098591549296,2.05966785789363,3.95918054956449,0.000300252848803722,0.0037096457044228,0.0037096457044228,"AQP1/SLIT3/PTGDS/SCGB1A1/CARTPT/BCHE/GHR/KLF9/SLIT2/FOS/FAM107A/ALPL/DUSP1/SCNN1G/CRH/CYBB/EDN1/ABCA3/SSTR4/IL6/TBX2/ZFP36/GPER1/FOSB/NTRK3/CDO1",26
"GO:0055123","GO:0055123","digestive system development","18/1675","83/18842",0.216867469879518,2.43953245819097,4.10551688925107,0.000302052441604766,0.00372288732242983,0.00372288732242983,"NR5A2/SOX17/FOXF1/GATA5/ALDH1A2/TCF21/OTC/RARRES2/SFRP5/PKDCC/FGFR2/GATA6/TGFB2/COBL/WNT11/EDNRB/CYP1A1/DNAAF1",18
"GO:0050767","GO:0050767","regulation of neurogenesis","43/1675","281/18842",0.153024911032028,1.7213703723376,3.8055983732396,0.000306952735834847,0.00377419048989241,0.00377419048989241,"LDLR/ROBO2/SHANK3/MYRF/QKI/NTRK2/WNT3A/SYT4/MME/SEMA3G/HELT/PTN/CNTFR/NEGR1/SEMA6D/VIM/CDKL5/MAG/SLIT2/WNT7A/HEY1/IL1B/SEMA5A/CXCL12/NOTCH1/CX3CR1/BDNF/PRKCH/IL6/CX3CL1/FZD4/TRPV2/BMPR2/GPER1/NTRK3/PTPRD/NOS1/IL34/BMP2/AMIGO1/DCC/EGR2/MAP6",43
"GO:0022602","GO:0022602","ovulation cycle process","10/1675","32/18842",0.3125,3.51529850746269,4.44817947057139,0.000311756716642327,0.00382406620054077,0.00382406620054077,"ROBO2/NR5A2/SLIT3/NPY5R/SLIT2/NOTCH1/FSHR/MMP19/TGFB2/RETN",10
"GO:0009636","GO:0009636","response to toxic substance","40/1675","256/18842",0.15625,1.75764925373134,3.81247840988194,0.000317355085765124,0.00388342407581007,0.00388342407581007,"MT1A/HBA2/INMT/SLC22A8/TTPA/MTARC2/SESN1/SLC11A1/CES1/SLC6A4/CAT/MT1M/PRKCE/ALDH2/SLC15A2/FOS/ABCB1/ABCG1/SLC39A8/SCN2B/ALDH1A1/CYGB/EDN1/SLC19A1/CDH13/PENK/AQP9/HBA1/HBB/SOD3/FBLN5/CD36/MT1X/CYP1A1/GPX3/LTC4S/ABCG2/AQP10/GRIA1/ALOX5AP",40
"GO:0150063","GO:0150063","visual system development","41/1675","265/18842",0.154716981132075,1.7404043931287,3.79154583353816,0.000331911240463405,0.00402877372171869,0.00402877372171869,"GPM6A/RD3/CLDN19/TMOD1/CPAMD8/TSPAN12/NKD1/WNT2B/SLC1A1/RBP4/PRICKLE1/FBN3/ZEB2/PTPRM/FREM2/ANGPTL7/SLC17A8/TYRP1/RP1/FOS/WNT7A/SGCG/ACVRL1/EFEMP1/RS1/NES/TGFB2/MFSD2A/CHRDL1/WNT9A/UNC45B/TBX2/FZD4/BMPR2/SGCA/FGF2/CYP1A1/P2RY12/FOXF2/C1QA/AGTPBP1",41
"GO:0035904","GO:0035904","aorta development","11/1675","38/18842",0.289473684210526,3.25627651217596,4.34881743667264,0.000333523367754413,0.00402877372171869,0.00402877372171869,"TGFBR2/ROBO2/ENG/PDE2A/APLNR/HEY1/ACVRL1/TGFB2/TBX2/MYLK/EGR2",11
"GO:0060021","GO:0060021","roof of mouth development","11/1675","38/18842",0.289473684210526,3.25627651217596,4.34881743667264,0.000333523367754413,0.00402877372171869,0.00402877372171869,"TGFBR2/WNT3A/TCF21/PKDCC/WNT7A/LRRC32/TGFB2/WNT11/TGFBR3/FOXF2/CLDN5",11
"GO:0002920","GO:0002920","regulation of humoral immune response","12/1675","44/18842",0.272727272727273,3.06789687924016,4.28954837898343,0.000333958955622429,0.00402877372171869,0.00402877372171869,"C6/CD5L/VSIG4/A2M/MASP1/C4BPA/IL1B/GATA6/KLK3/CFP/SERPING1/CAMP",12
"GO:0003176","GO:0003176","aortic valve development","12/1675","44/18842",0.272727272727273,3.06789687924016,4.28954837898343,0.000333958955622429,0.00402877372171869,0.00402877372171869,"TGFBR2/ROBO2/SLIT3/SMAD6/GATA5/TIE1/NFATC1/SLIT2/HEY1/NOTCH1/BMPR2/BMP2",12
"GO:0071402","GO:0071402","cellular response to lipoprotein particle stimulus","12/1675","44/18842",0.272727272727273,3.06789687924016,4.28954837898343,0.000333958955622429,0.00402877372171869,0.00402877372171869,"LDLR/PPARG/LPL/FCER1G/APOA1/CES1/ADTRP/ABCG1/CD68/TLR4/CDH13/CD36",12
"GO:0030041","GO:0030041","actin filament polymerization","26/1675","143/18842",0.181818181818182,2.04526458616011,3.91919833061335,0.000336519636711363,0.00405011280418499,0.00405011280418499,"ARHGAP6/TMOD1/CYRIA/SPTBN1/NCKAP1L/PREX1/FHDC1/ARHGAP18/ALOX15/HCK/CCL24/SLIT2/PRKCE/FAM107A/MYADM/RDX/LMOD3/KANK2/ESAM/CATIP/KANK4/COBL/KANK3/LMOD1/CSF3/WASF3",26
"GO:0009620","GO:0009620","response to fungus","16/1675","70/18842",0.228571428571429,2.57118976545842,4.11371846075872,0.000343438940200368,0.00411402852254071,0.00411402852254071,"PLA2G5/CLEC6A/CLEC4D/DEFA3/CLEC4E/TSLP/RARRES2/DEFA4/BTK/VIP/SPI1/CX3CR1/TLR4/S100A12/SCIMP/CAMP",16
"GO:0055017","GO:0055017","cardiac muscle tissue growth","16/1675","70/18842",0.228571428571429,2.57118976545842,4.11371846075872,0.000343438940200368,0.00411402852254071,0.00411402852254071,"RBP4/ERBB4/NRG1/DIPK2A/TBX5/CAV3/FGFR2/S1PR1/NOTCH1/NDRG4/TGFB2/EDN1/TBX2/FGF2/MIR222/TGFBR3",16
"GO:0072330","GO:0072330","monocarboxylic acid biosynthetic process","37/1675","232/18842",0.15948275862069,1.7940144107051,3.80111813594257,0.000348807424984242,0.00416857471680934,0.00416857471680934,"KMO/OSBPL6/ACACB/PTGDS/CYP1A2/PDK4/MID1IP1/CYP7A1/LPL/ACSM2B/ALOX15/ALDH1A2/FGFR4/CES1/PLA2G3/PTGIS/HPGDS/PLA2G1B/PRKAG3/CYP27A1/APOC1/IL1B/FABP5/ACSM2A/ALDH1A1/ACSBG1/ACSM5/EDN1/GPIHBP1/HACD4/ALOX5/SCD5/CYP1A1/KAT2B/ACADL/LTC4S/OLAH",37
"GO:0060419","GO:0060419","heart growth","17/1675","77/18842",0.220779220779221,2.4835355689087,4.07456470073857,0.000352019805409389,0.00419715921834271,0.00419715921834271,"ACACB/RBP4/ERBB4/NRG1/DIPK2A/TBX5/CAV3/FGFR2/S1PR1/NOTCH1/NDRG4/TGFB2/EDN1/TBX2/FGF2/MIR222/TGFBR3",17
"GO:0050769","GO:0050769","positive regulation of neurogenesis","30/1675","175/18842",0.171428571428571,1.92839232409382,3.85412218369351,0.000355294620444113,0.0042263534501666,0.0042263534501666,"ROBO2/SHANK3/MYRF/QKI/NTRK2/MME/PTN/VIM/CDKL5/MAG/SLIT2/IL1B/SEMA5A/CXCL12/NOTCH1/CX3CR1/BDNF/PRKCH/IL6/CX3CL1/FZD4/TRPV2/BMPR2/GPER1/PTPRD/IL34/BMP2/AMIGO1/EGR2/MAP6",30
"GO:0006833","GO:0006833","water transport","9/1675","27/18842",0.333333333333333,3.74965174129353,4.46600946495095,0.00036216557706579,0.00428814103400814,0.00428814103400814,"AQP1/CFTR/HYAL2/INPP5K/AQP9/SLC14A1/AQP4/AVPR2/AQP10",9
"GO:0006910","GO:0006910","phagocytosis, recognition","9/1675","27/18842",0.333333333333333,3.74965174129353,4.46600946495095,0.00036216557706579,0.00428814103400814,0.00428814103400814,"PLA2G5/FCN3/COLEC12/COLEC10/MASP1/SFTPA1/C4BPA/CFP/FCN1",9
"GO:0045055","GO:0045055","regulated exocytosis","35/1675","216/18842",0.162037037037037,1.82274737423991,3.79879412873319,0.000367024760684015,0.00433563891662526,0.00433563891662526,"SNCA/KCNB1/RAB44/PTGDS/P2RX1/GATA1/NCKAP1L/GNAQ/RIMS4/SYT4/SYP/FCER1G/FGR/CACNB4/LAT2/HCK/P2RY1/LRRK2/PLA2G3/GATA2/STX11/WNT7A/BTK/SYN2/SPI1/FCGR3A/TSPAN18/RPH3A/RAB11FIP1/ANXA3/NR4A3/NKG7/VAMP2/CRHBP/SYT15",35
"GO:0015850","GO:0015850","organic hydroxy compound transport","42/1675","275/18842",0.152727272727273,1.71802225237449,3.74667100049884,0.000373586703445312,0.00440298614774832,0.00440298614774832,"AQP1/SNCA/LDLR/KCNB1/OSBPL6/SLCO1A2/PPARG/PCSK9/ECRG4/ABCA8/CARTPT/STX12/SLC19A3/CHRNA4/RBP4/SYT4/FCER1G/FLVCR2/NFKBIA/APOA1/CES1/P2RY1/SLC6A4/FFAR3/APOC1/CAV1/ABCG1/SLC51B/DAB2/VIP/CXCL12/CRH/AGTR1/GPM6B/ABCA3/MSR1/AQP9/SLC5A7/NOS1/CD36/CETP/AQP10",42
"GO:0010522","GO:0010522","regulation of calcium ion transport into cytosol","7/1675","17/18842",0.411764705882353,4.63192273924495,4.67956782745974,0.000378474385190317,0.00445033673620339,0.00445033673620339,"P2RX2/P2RX7/TRPC3/PLA2G1B/CAV1/ADCYAP1R1/NOS1",7
"GO:0120161","GO:0120161","regulation of cold-induced thermogenesis","27/1675","152/18842",0.177631578947368,1.99816967792616,3.85952353053114,0.0003847523131511,0.00451378000405476,0.00451378000405476,"CMKLR1/FFAR4/ADRB1/QKI/IL18R1/EPAS1/NPR3/PLCL1/UCP1/NOVA2/LEPR/ADRB2/CAV1/ABHD6/FABP4/ALPL/FABP5/NOTCH1/ALDH1A1/TLR4/GJA1/TRPV2/PPARGC1B/CD36/ACADL/ZNF423/IL13",27
"GO:0071559","GO:0071559","response to transforming growth factor beta","43/1675","284/18842",0.151408450704225,1.70318688248896,3.72972251618984,0.000386725141250399,0.00452654255719861,0.00452654255719861,"TGFBR2/MYOCD/ENG/ANKRD1/CDKN1C/VEPH1/PPARG/PDE2A/SMAD6/ZEB2/CITED2/WFIKKN2/NRROS/LATS2/LTBP4/CDH5/FOS/FGFR2/WNT7A/DKK3/CDKN2B/SOX5/ACVRL1/LRRC32/HYAL2/DAB2/SPI1/SMAD9/NFKBIZ/TGFB2/EDN1/JUN/PENK/RGCC/SNX25/GDF10/TGFBR3/DDR2/BMP2/ZFYVE9/FERMT2/SMAD7/CLDN5",43
"GO:0010812","GO:0010812","negative regulation of cell-substrate adhesion","15/1675","64/18842",0.234375,2.63647388059702,4.09625113333919,0.000390851058812907,0.00456439078956168,0.00456439078956168,"ARHGAP6/AJAP1/MYOC/CORO2B/FBLN1/FAM107A/ACVRL1/DLC1/NOTCH1/PTPRO/PHLDB2/CX3CL1/FZD4/SPRY4/PTPN1",15
"GO:0097553","GO:0097553","calcium ion transmembrane import into cytosol","30/1675","176/18842",0.170454545454545,1.9174355495251,3.81960492432878,0.0003926118975519,0.00457224992824392,0.00457224992824392,"SLC8A3/F2RL3/SNCA/P2RX2/PLCE1/SLC24A4/P2RX7/P2RX1/TRPC3/APLNR/PPP3R2/PLCL1/JPH4/JPH2/CASQ2/PLA2G1B/ATP1A2/CAV1/CAPN3/CX3CL1/UBASH3B/TRPV2/ADCYAP1R1/GPER1/FGF2/NOS1/GP9/CACNA1S/TRPM1/IL13",30
"GO:0008228","GO:0008228","opsonization","8/1675","22/18842",0.363636363636364,4.09052917232022,4.53050438547257,0.000393311821784423,0.00457224992824392,0.00457224992824392,"PLA2G5/FCN3/COLEC10/MASP1/SFTPA1/C4BPA/CFP/FCN1",8
"GO:0071320","GO:0071320","cellular response to cAMP","13/1675","51/18842",0.254901960784314,2.86738074334211,4.17114411005915,0.000394906718637949,0.00458038064814764,0.00458038064814764,"SLC8A3/AQP1/PDE2A/GATA1/CFTR/AKAP7/FBP1/KCNE1/INPP5K/PENK/AQP9/CRHBP/SLC26A3",13
"GO:0042310","GO:0042310","vasoconstriction","16/1675","71/18842",0.225352112676056,2.53497582509985,4.04761490426853,0.000407290046840381,0.00470268304647528,0.00470268304647529,"ADRA1D/GJA5/ADRA1A/SLC6A4/KCNMB2/CAV1/TACR1/ACE/AGTR1/EDN1/DOCK4/BMPR2/EDNRB/AVPR2/SVEP1/EDN3",16
"GO:0050918","GO:0050918","positive chemotaxis","16/1675","71/18842",0.225352112676056,2.53497582509985,4.04761490426853,0.000407290046840381,0.00470268304647528,0.00470268304647529,"CCL16/S100A4/COLEC10/PDGFB/CCL2/FGF10/SEMA5A/ANGPT1/S1PR1/CXCL12/CX3CL1/CDH13/VEGFD/FGF2/NTRK3/FPR2",16
"GO:0030832","GO:0030832","regulation of actin filament length","25/1675","137/18842",0.182481751824818,2.05272905545266,3.86287107743184,0.000409704187554214,0.00471990297148605,0.00471990297148605,"TMOD1/CYRIA/SPTBN1/NCKAP1L/PREX1/ARHGAP18/ACTN2/ALOX15/HCK/CFL2/CCL24/SLIT2/PRKCE/MYADM/RDX/LMOD3/KANK2/SEMA5A/ESAM/CXCL12/KANK4/KANK3/LMOD1/PLEKHH2/CSF3",25
"GO:0048565","GO:0048565","digestive tract development","17/1675","78/18842",0.217948717948718,2.45169536930731,4.01302862526356,0.000413407286609574,0.00475186128316399,0.00475186128316398,"SOX17/FOXF1/GATA5/ALDH1A2/TCF21/OTC/RARRES2/SFRP5/PKDCC/FGFR2/GATA6/TGFB2/COBL/WNT11/EDNRB/CYP1A1/DNAAF1",17
"GO:0016339","GO:0016339","calcium-dependent cell-cell adhesion","12/1675","45/18842",0.266666666666667,2.99972139303483,4.19511292531763,0.00041896605872816,0.00479420892705714,0.00479420892705714,"NRXN1/SELP/CDH5/CDHR3/CDH23/PCDHB4/PCDH12/CDH13/CDH10/CDH19/DCHS1/PCDHGC3",12
"GO:0042311","GO:0042311","vasodilation","12/1675","45/18842",0.266666666666667,2.99972139303483,4.19511292531763,0.00041896605872816,0.00479420892705714,0.00479420892705714,"ADRB1/KLF2/GJA5/PRKG1/PECAM1/ADRB2/GAB1/AGTR2/GPER1/EDNRB/NOS1/KAT2B",12
"GO:0018108","GO:0018108","peptidyl-tyrosine phosphorylation","23/1675","122/18842",0.188524590163934,2.12070467335454,3.87909443976844,0.000424820062398665,0.00483954258166853,0.00483954258166853,"CASS4/GPRC5A/LILRA5/FGR/ERBB4/IL7R/NRG1/HCK/FGFR4/PKDCC/PDGFB/FGF10/FGFR2/IL20/BTK/EFEMP1/ANGPT1/FLT4/IL6/NEDD9/DDR2/ANGPT4/IL13",23
"GO:0051384","GO:0051384","response to glucocorticoid","23/1675","122/18842",0.188524590163934,2.12070467335454,3.87909443976844,0.000424820062398665,0.00483954258166853,0.00483954258166853,"AQP1/SLIT3/PTGDS/SCGB1A1/CARTPT/BCHE/GHR/KLF9/SLIT2/FOS/FAM107A/ALPL/DUSP1/CRH/EDN1/ABCA3/SSTR4/IL6/TBX2/ZFP36/FOSB/NTRK3/CDO1",23
"GO:0001819","GO:0001819","positive regulation of cytokine production","67/1675","499/18842",0.134268537074148,1.51038076152305,3.6092882049119,0.000426953663128074,0.00484792534861515,0.00484792534861515,"SIGLEC16/CLEC6A/DUOX1/CLEC9A/CD244/EGR1/PRKCQ/P2RX7/GPR65/AGER/GDF2/TYROBP/CADM1/HLA-E/SPTBN1/IL18R1/CCBE1/SLC11A1/NMBR/IL17D/LPL/CLEC4E/LILRA5/NFAM1/FCER1G/ARRDC4/FGR/HLA-DPA1/CLEC12A/TSLP/MEFV/IL1A/LRRK2/IL33/PLA2G1B/SPN/FFAR3/IL1B/BTK/PTGER4/C5AR1/HYAL2/FCGR3A/IL1RL1/FLT4/CYBB/NR4A3/HMSD/IL6/TLR4/ARID5A/CRTAM/IL20RA/TLR8/RGCC/LAPTM5/AKAP12/FCN1/CD36/IL13/IL27/PF4/NLRC4/LILRA2/CD34/SCIMP/CAMP",67
"GO:0050891","GO:0050891","multicellular organismal-level water homeostasis","11/1675","39/18842",0.282051282051282,3.17278224263299,4.24274676187771,0.000427604595599821,0.00484792534861515,0.00484792534861515,"AQP1/CFTR/ADCY4/WFS1/ADCY9/HYAL2/SCNN1G/INPP5K/ADCY8/AQP4/AVPR2",11
"GO:0106106","GO:0106106","cold-induced thermogenesis","27/1675","153/18842",0.176470588235294,1.98510974539069,3.82163737590636,0.000428399268342923,0.00484792534861515,0.00484792534861515,"CMKLR1/FFAR4/ADRB1/QKI/IL18R1/EPAS1/NPR3/PLCL1/UCP1/NOVA2/LEPR/ADRB2/CAV1/ABHD6/FABP4/ALPL/FABP5/NOTCH1/ALDH1A1/TLR4/GJA1/TRPV2/PPARGC1B/CD36/ACADL/ZNF423/IL13",27
"GO:0031663","GO:0031663","lipopolysaccharide-mediated signaling pathway","14/1675","58/18842",0.241379310344828,2.71526505404014,4.08661169478774,0.000438904351728568,0.00495584052779608,0.00495584052779608,"TNFAIP3/HCK/LY86/PRKCE/SASH1/CARD16/SPI1/SIRPA/TLR4/CX3CL1/PTAFR/CD36/LILRA2/SCIMP",14
"GO:0001938","GO:0001938","positive regulation of endothelial cell proliferation","20/1675","100/18842",0.2,2.24979104477612,3.91418743605725,0.000446191811613156,0.00502702889075175,0.00502702889075175,"MIR126/JCAD/GDF2/EGR3/APLN/APLNR/NR4A1/TNFSF12/PDGFB/CCL24/GATA2/PPP1R16B/TEK/ACVRL1/SEMA5A/CXCL12/AGTR1/FLT4/CDH13/FGF2",20
"GO:0002699","GO:0002699","positive regulation of immune effector process","37/1675","235/18842",0.157446808510638,1.77111209907907,3.71556999140581,0.00044962749338886,0.00505460357952532,0.00505460357952532,"PLA2G5/SH2D1B/HLA-DRA/CD244/FCN3/C6/TNFSF13/TYROBP/GATA1/CADM1/HLA-E/IL18R1/RASGRP4/RBP4/FGR/COLEC10/MASP1/TFRC/PLA2G3/IL33/GATA2/FFAR3/IL1B/BTK/KLK3/KLRD1/SPI1/NFKBIZ/NR4A3/CFP/IL6/ARID5A/CRTAM/LAPTM5/FCN1/IL13/SCIMP",37
"GO:0070482","GO:0070482","response to oxygen levels","46/1675","312/18842",0.147435897435897,1.65849980864906,3.66359466018428,0.000451252477083155,0.0050617465357025,0.0050617465357025,"SLC8A3/AQP1/MYOCD/ENG/ANKRD1/EGR1/PPARG/CHRNA4/EPAS1/ZEB2/CITED2/NDNF/PDLIM1/CPEB1/KCNK3/TFRC/DRAM1/SLC6A4/CAT/PTGIS/GUCY1A2/CAV3/FOS/FGFR2/CAV1/GATA6/CXCL12/NOTCH1/CYGB/TGFB2/CYBB/EDN1/ALAS2/PENK/VEGFD/CA3/RGCC/JUND/NOS1/TGFBR3/CYP1A1/DDR2/BMP2/ANGPT4/KCNA5/PTPN1",46
"GO:0070167","GO:0070167","regulation of biomineral tissue development","19/1675","93/18842",0.204301075268817,2.29817364788958,3.92010216451511,0.000464347726010678,0.00519723986552433,0.00519723986552433,"RFLNB/P2RX7/CCN1/CFTR/PTN/SGMS2/PKDCC/GAS6/HEY1/S1PR1/NOTCH1/KL/GPM6B/SRGN/BMPR2/ALOX5/DDR2/BMP2/PHOSPHO1",19
"GO:0006633","GO:0006633","fatty acid biosynthetic process","30/1675","178/18842",0.168539325842697,1.89589132986752,3.75124257502102,0.000477784194895794,0.00532432713919823,0.00532432713919823,"ACACB/PTGDS/CYP1A2/PDK4/MID1IP1/CYP7A1/LPL/ACSM2B/ALOX15/PLA2G3/PTGIS/HPGDS/PLA2G1B/PRKAG3/APOC1/IL1B/FABP5/ACSM2A/ACSBG1/ACSM5/EDN1/GPIHBP1/HACD4/ALOX5/SCD5/CYP1A1/KAT2B/ACADL/LTC4S/OLAH",30
"GO:0015718","GO:0015718","monocarboxylic acid transport","30/1675","178/18842",0.168539325842697,1.89589132986752,3.75124257502102,0.000477784194895794,0.00532432713919823,0.00532432713919823,"PLA2G5/SLC16A11/SLCO1A2/PPARG/SLC22A8/RBP2/SLC16A6/NMUR2/CES1/PLA2G3/PLA2G1B/FABP12/IL1B/SLC51B/SLC27A6/ACE/FABP4/FABP5/SLCO2A1/SLC27A3/MFSD2A/SLC6A13/EDN1/SLCO2B1/SLC22A6/SLC5A7/CD36/PLA2G2A/RBP7/ABCG2",30
"GO:0050818","GO:0050818","regulation of coagulation","16/1675","72/18842",0.222222222222222,2.49976782752902,3.98263331056334,0.000481089324710593,0.00534950412151019,0.00534950412151018,"VTN/PRKG1/PDGFB/ADTRP/CPB2/EMILIN2/THBD/CAV1/ANGPT1/F11/EDN1/KRT1/PROS1/SERPING1/CD36/PF4",16
"GO:0070664","GO:0070664","negative regulation of leukocyte proliferation","17/1675","79/18842",0.215189873417722,2.42066125070848,3.95243847490434,0.000483812654271407,0.00536811654359706,0.00536811654359706,"PLA2G5/TNFAIP3/TYROBP/HLA-E/VSIR/VSIG4/IL33/SPN/BTK/MNDA/SFTPD/LST1/CRTAM/IHH/LAPTM5/PDCD1LG2/PLA2G2A",17
"GO:0007409","GO:0007409","axonogenesis","51/1675","357/18842",0.142857142857143,1.60699360341151,3.61676816985549,0.00048741169843865,0.0053963438041422,0.0053963438041422,"ROBO2/CNTN4/FEZ1/NELL2/SLIT3/PRKCQ/NFASC/TNR/NTRK2/NRXN1/PRKG1/PRICKLE1/SEMA6A/SEMA3B/FLRT3/SEMA3G/PTPRM/SEMA6D/SEMA3D/VIM/CDKL5/APBB1/MAG/FAT4/SLIT2/NOVA2/NEXN/FGFR2/HMCN2/WNT7A/LHX9/SEMA5A/NTN4/CXCL12/ROBO4/NOTCH1/CNTN6/BDNF/COBL/EDN1/PTPRO/SLITRK3/TRPV2/BMPR2/NTNG1/ANOS1/SLITRK2/AMIGO1/DCC/EDN3/MAP6",51
"GO:0061383","GO:0061383","trabecula morphogenesis","9/1675","28/18842",0.321428571428571,3.61573560767591,4.32657729783237,0.000491936710827208,0.00543467878160079,0.00543467878160079,"ENG/RBP4/NRG1/HEY1/TEK/S1PR1/NOTCH1/TGFB2/TGFBR3",9
"GO:0016053","GO:0016053","organic acid biosynthetic process","48/1675","331/18842",0.145015105740181,1.63126843125761,3.61930601738561,0.000502022797184924,0.00553415217155363,0.00553415217155363,"PLA2G5/KMO/OSBPL6/GGTLC1/ACACB/PTGDS/CYP1A2/PDK4/MID1IP1/CYP7A1/LPL/ACSM2B/ALOX15/ALDH1A2/OTC/FGFR4/CES1/PLA2G3/PTGIS/GGTLC3/HPGDS/PLA2G1B/PRKAG3/FMO3/CYP27A1/APOC1/GGTLC2/IL1B/FABP5/ACSM2A/ALDH1A1/ACSBG1/ACSM5/EDN1/GPIHBP1/HACD4/GGTA1/ALOX5/SCD5/CYP1A1/KAT2B/CDO1/ACADL/LTC4S/NLRC4/OLAH/CAMP/ALOX5AP",48
"GO:0044089","GO:0044089","positive regulation of cellular component biogenesis","64/1675","475/18842",0.134736842105263,1.51564870384918,3.55544364362532,0.000517492400238795,0.00569241640262674,0.00569241640262674,"SNCA/GPM6A/ARHGEF15/PLCE1/MYOC/P2RX7/GPR65/GDF2/HYAL1/NCKAP1L/TPPP/PLPPR5/NRXN1/LRRC4B/ALOX15/APOA1/NRG1/HCK/LATS2/TFRC/CCL24/TBX5/PPM1F/CDH5/PRKCE/TAL1/CAV3/RASIP1/WNT7A/CAV1/TEK/BTK/ACVRL1/TACR1/SYNPO2L/ZMYND10/DAB2IP/BDNF/SYNPO/SYNPO2/COBL/ABCA3/TLR4/CX3CL1/CCN2/LMOD1/SLITRK3/SORBS3/RGCC/TPPP3/LRRTM4/CSF3/PTPRD/LIMCH1/CD36/RTN4RL1/DOCK11/SNX30/P2RY12/SLITRK2/AMIGO1/FERMT2/CLDN5/PIK3R1",64
"GO:0052652","GO:0052652","cyclic purine nucleotide metabolic process","12/1675","46/18842",0.260869565217391,2.93451005840363,4.10326311920379,0.000521521577142571,0.00572442675339968,0.00572442675339968,"PDE4C/PDE2A/CARTPT/PDE8B/NPR1/ADCY4/GUCY1A2/ADCY9/ADCYAP1R1/EDNRB/ADCY8/PDE5A",12
"GO:0007611","GO:0007611","learning or memory","30/1675","179/18842",0.167597765363128,1.88529975819228,3.71739157180195,0.000526184182413179,0.0057632378866026,0.0057632378866026,"SLC8A3/MUSK/LDLR/SHANK3/EGR1/AGER/SLC1A1/NTRK2/CARTPT/BCHE/NRXN1/SYT4/MME/PTN/ARC/SLC6A4/FOS/TACR1/RASGRF1/CRH/NDRG4/CAMK2N1/NEDD9/TUBA1A/ADCY8/CRHBP/KAT2B/NRGN/GRIA1/CLDN5",30
"GO:0019229","GO:0019229","regulation of vasoconstriction","14/1675","59/18842",0.23728813559322,2.66924361244624,4.01121025105537,0.000529018972646582,0.00578102555050367,0.00578102555050367,"ADRA1D/GJA5/ADRA1A/KCNMB2/CAV1/TACR1/ACE/AGTR1/EDN1/DOCK4/BMPR2/AVPR2/SVEP1/EDN3",14
"GO:0048880","GO:0048880","sensory system development","41/1675","271/18842",0.151291512915129,1.70187145453544,3.63527070878413,0.000530068618413729,0.00578102555050367,0.00578102555050367,"GPM6A/RD3/CLDN19/TMOD1/CPAMD8/TSPAN12/NKD1/WNT2B/SLC1A1/RBP4/PRICKLE1/FBN3/ZEB2/PTPRM/FREM2/ANGPTL7/SLC17A8/TYRP1/RP1/FOS/WNT7A/SGCG/ACVRL1/EFEMP1/RS1/NES/TGFB2/MFSD2A/CHRDL1/WNT9A/UNC45B/TBX2/FZD4/BMPR2/SGCA/FGF2/CYP1A1/P2RY12/FOXF2/C1QA/AGTPBP1",41
"GO:0023061","GO:0023061","signal release","59/1675","430/18842",0.137209302325581,1.54346129816036,3.56093907615488,0.000531522050778151,0.00578454316963881,0.00578454316963881,"KMO/SNCA/KCNB1/RAPGEF4/TBX3/MYRIP/PPARG/FFAR4/P2RX1/ECRG4/LIN7A/GNAQ/CARTPT/PDE8B/RIMS4/NRXN1/CHRNA4/RBP4/SYT4/SYP/FCER1G/CACNB4/P2RY1/SLC6A4/LRRK2/PLA2G3/STX11/FFAR3/WNT7A/IL1B/BTK/TACR1/SYN2/DAB2/VIP/CXCL12/CRH/RPH3A/RAB11FIP1/AGTR1/EDN1/IL6/CAMK2A/GJA1/RETN/PDE1C/GPER1/VAMP2/G6PC2/EDNRB/EXOC3L1/ADCY8/CRHBP/ALOX5/HCAR2/CRY2/KCNA5/CAMP/EDN3",59
"GO:0030212","GO:0030212","hyaluronan metabolic process","10/1675","34/18842",0.294117647058824,3.30851624231782,4.20836366144173,0.000537566400864379,0.00578874134825537,0.00578874134825537,"ITIH3/HYAL1/ITIH5/HAS1/PDGFB/LYVE1/IL1B/HYAL2/STAB2/FGF2",10
"GO:0060421","GO:0060421","positive regulation of heart growth","10/1675","34/18842",0.294117647058824,3.30851624231782,4.20836366144173,0.000537566400864379,0.00578874134825537,0.00578874134825537,"ACACB/ERBB4/NRG1/FGFR2/NOTCH1/EDN1/TBX2/FGF2/MIR222/TGFBR3",10
"GO:0070293","GO:0070293","renal absorption","10/1675","34/18842",0.294117647058824,3.30851624231782,4.20836366144173,0.000537566400864379,0.00578874134825537,0.00578874134825537,"CLDN19/SLC15A2/GAS6/HYAL2/SLC5A4/EDN1/SGK1/HBB/EDNRB/AVPR2",10
"GO:0086011","GO:0086011","membrane repolarization during action potential","10/1675","34/18842",0.294117647058824,3.30851624231782,4.20836366144173,0.000537566400864379,0.00578874134825537,0.00578874134825537,"CASQ2/CAV1/KCNE1/SCN2B/KCNA1/KCNJ5/NOS1/KCNH6/KCNA5/KCNJ8",10
"GO:1904385","GO:1904385","cellular response to angiotensin","10/1675","34/18842",0.294117647058824,3.30851624231782,4.20836366144173,0.000537566400864379,0.00578874134825537,0.00578874134825537,"ACTN2/CAV1/ACE/AGTR1/AGTR2/CAMK2A/PLA2G2A/DDR2/CA2/PTPN1",10
"GO:0018212","GO:0018212","peptidyl-tyrosine modification","23/1675","124/18842",0.185483870967742,2.08649975926818,3.79160364800732,0.000539962436841315,0.00579768462002004,0.00579768462002004,"CASS4/GPRC5A/LILRA5/FGR/ERBB4/IL7R/NRG1/HCK/FGFR4/PKDCC/PDGFB/FGF10/FGFR2/IL20/BTK/EFEMP1/ANGPT1/FLT4/IL6/NEDD9/DDR2/ANGPT4/IL13",23
"GO:0051150","GO:0051150","regulation of smooth muscle cell differentiation","11/1675","40/18842",0.275,3.09346268656716,4.14004796686686,0.000542930778688094,0.00579768462002004,0.00579768462002004,"MYOCD/ENG/NOTCH4/PDGFB/NFATC1/MIR221/FGFR2/HEY1/RCAN1/NOTCH1/GPER1",11
"GO:0099622","GO:0099622","cardiac muscle cell membrane repolarization","11/1675","40/18842",0.275,3.09346268656716,4.14004796686686,0.000542930778688094,0.00579768462002004,0.00579768462002004,"GJA5/CASQ2/CAV3/SCN4B/KCNE1/SCN2B/KCNJ5/NOS1/KCNH6/KCNA5/KCNJ8",11
"GO:0150146","GO:0150146","cell junction disassembly","11/1675","40/18842",0.275,3.09346268656716,4.14004796686686,0.000542930778688094,0.00579768462002004,0.00579768462002004,"C1QB/PRICKLE1/RAB40A/IL1B/CX3CR1/CX3CL1/MYLK3/C1QC/ADGRB3/C1QA/PIK3R1",11
"GO:0007229","GO:0007229","integrin-mediated signaling pathway","21/1675","109/18842",0.192660550458716,2.16722990551828,3.81749226152832,0.000549846913825611,0.00585930617545417,0.00585930617545417,"VTN/CCN1/ITGAL/PLPP3/TYROBP/FCER1G/PTN/ADAMTS1/FGR/APOA1/HCK/MPIG6B/ITGA8/PRAM1/BST1/LIMS2/NEDD9/FERMT3/EMP2/ITGA10/FERMT2",21
"GO:2000628","GO:2000628","regulation of miRNA metabolic process","18/1675","87/18842",0.206896551724138,2.32737004632012,3.87619201005848,0.000552875633868456,0.0058793323643184,0.0058793323643184,"KLF4/MYOCD/EGR1/PPARG/SMAD6/QKI/APLN/PDGFB/GATA2/FOS/ETS1/SPI1/TGFB2/JUN/IL6/ATOH8/FGF2/BMP2",18
"GO:0030193","GO:0030193","regulation of blood coagulation","15/1675","66/18842",0.227272727272727,2.55658073270014,3.95689254767425,0.000555332799231417,0.00587987284797345,0.00587987284797345,"VTN/PRKG1/PDGFB/ADTRP/CPB2/EMILIN2/THBD/CAV1/F11/EDN1/KRT1/PROS1/SERPING1/CD36/PF4",15
"GO:0048662","GO:0048662","negative regulation of smooth muscle cell proliferation","15/1675","66/18842",0.227272727272727,2.55658073270014,3.95689254767425,0.000555332799231417,0.00587987284797345,0.00587987284797345,"KLF4/MYOCD/TNFAIP3/PPARG/APLN/PRKG1/NPR1/PTGIR/CNN1/OGN/NDRG4/RGS5/BMPR2/GPER1/BMP2",15
"GO:0003148","GO:0003148","outflow tract septum morphogenesis","8/1675","23/18842",0.347826086956522,3.91268007787151,4.36586808277942,0.000556375065184585,0.00587987284797345,0.00587987284797345,"TGFBR2/ROBO2/ENG/SMAD6/FGFR2/GATA6/TGFB2/TBX2",8
"GO:0150076","GO:0150076","neuroinflammatory response","17/1675","80/18842",0.2125,2.39040298507463,3.89276597911868,0.000564297314045576,0.00595130053885179,0.00595130053885179,"SNCA/LDLR/NUPR1/AGER/TYROBP/ZEB2/LRRK2/IL33/IL1B/C5AR1/CX3CR1/IL6/CX3CL1/ADCY8/FPR2/IL13/C1QA",17
"GO:0016264","GO:0016264","gap junction assembly","7/1675","18/18842",0.388888888888889,4.37459369817579,4.47418526842453,0.000571991986344756,0.00598310636023196,0.00598310636023196,"GJA5/APLNR/TBX5/CAV1/IL1B/ACE/GJA1",7
"GO:0048286","GO:0048286","lung alveolus development","7/1675","18/18842",0.388888888888889,4.37459369817579,4.47418526842453,0.000571991986344756,0.00598310636023196,0.00598310636023196,"TCF21/PKDCC/FGF10/FGFR2/SFTPD/BMPR2/CLDN18",7
"GO:0062009","GO:0062009","secondary palate development","7/1675","18/18842",0.388888888888889,4.37459369817579,4.47418526842453,0.000571991986344756,0.00598310636023196,0.00598310636023196,"TGFBR2/WNT3A/WNT7A/LRRC32/TGFB2/WNT11/TGFBR3",7
"GO:1903027","GO:1903027","regulation of opsonization","7/1675","18/18842",0.388888888888889,4.37459369817579,4.47418526842453,0.000571991986344756,0.00598310636023196,0.00598310636023196,"PLA2G5/FCN3/COLEC10/MASP1/C4BPA/CFP/FCN1",7
"GO:0032635","GO:0032635","interleukin-6 production","27/1675","156/18842",0.173076923076923,1.94693455797933,3.70967847459858,0.000586568452741403,0.00609816592636642,0.00609816592636641,"SIGLEC16/TNFAIP3/AGER/TYROBP/KLF2/NCKAP1L/NMBR/IL17D/LPL/LILRA5/TSLP/IL1A/IL33/GAS6/IL1B/BTK/HYAL2/SIRPA/IL6/TLR4/CX3CL1/ARID5A/TLR8/LAPTM5/ARRB1/LILRA2/SCIMP",27
"GO:0032675","GO:0032675","regulation of interleukin-6 production","27/1675","156/18842",0.173076923076923,1.94693455797933,3.70967847459858,0.000586568452741403,0.00609816592636642,0.00609816592636641,"SIGLEC16/TNFAIP3/AGER/TYROBP/KLF2/NCKAP1L/NMBR/IL17D/LPL/LILRA5/TSLP/IL1A/IL33/GAS6/IL1B/BTK/HYAL2/SIRPA/IL6/TLR4/CX3CL1/ARID5A/TLR8/LAPTM5/ARRB1/LILRA2/SCIMP",27
"GO:0071248","GO:0071248","cellular response to metal ion","27/1675","156/18842",0.173076923076923,1.94693455797933,3.70967847459858,0.000586568452741403,0.00609816592636642,0.00609816592636641,"AQP1/MT1A/SNCA/KCNB1/MCOLN1/SLC11A1/NRXN1/ALOX15/KCNK3/LRRK2/MT1M/FBP1/SLC39A8/CAPN3/KCNA1/CYBB/EDN1/RASGRP2/ITPKC/TUBA1A/ADCY8/HVCN1/CRHBP/PRND/MT1X/CYP1A1/ALOX5AP",27
"GO:0032943","GO:0032943","mononuclear cell proliferation","36/1675","230/18842",0.156521739130435,1.76070603504218,3.62573813722399,0.000596202179910117,0.00618574878344878,0.00618574878344878,"DOCK8/PLA2G5/TGFBR2/NR5A2/TNFSF13/AGER/TYROBP/HLA-E/NCKAP1L/SLC11A1/VSIR/VSIG4/HLA-DPA1/IL1A/TFRC/SPN/FGF10/IL1B/BTK/TACR1/ACE/MNDA/SFTPD/FCGR3A/NFKBIZ/IL6/LST1/CRTAM/IHH/CLC/LAPTM5/PDCD1LG2/EMP2/PLA2G2A/IL13/IL27",36
"GO:0050801","GO:0050801","monoatomic ion homeostasis","64/1675","478/18842",0.133891213389121,1.50613626428527,3.50114371822823,0.00061167727545793,0.00632446048473974,0.00632446048473974,"FXYD1/SLC8A3/MT1A/CNR1/SLC24A4/SLC1A1/P2RX1/GDF2/MCOLN1/PDK4/CARTPT/TRPC3/SLC11A1/CFTR/NPR1/CYBRD1/CACNB4/SLC12A4/FXYD6/OTC/JPH2/CASQ2/ATP1B2/SLC4A1/P2RY1/TFRC/LRRK2/CCL14/MT1M/CDH5/WFS1/CAV3/ATP1A2/CAV1/TMEM178A/SLC39A8/CAV2/ALPL/SCN7A/SCARA5/CXCL12/PTH1R/SCNN1G/SMAD9/CRH/KCNA1/AGTR1/EDN1/CDH23/ALAS2/ATP6V0D2/ATP13A4/GPER1/EDNRB/ADCY8/HVCN1/MT1X/SLC26A3/BMP2/ATP2B3/KCNA5/CCL23/CA2/EDN3",64
"GO:1901890","GO:1901890","positive regulation of cell junction assembly","19/1675","95/18842",0.2,2.24979104477612,3.81456920423376,0.000613187068167091,0.00632446048473974,0.00632446048473974,"MYOC/GDF2/NRXN1/LRRC4B/TBX5/PPM1F/WNT7A/CAV1/TEK/ACVRL1/BDNF/SLITRK3/LRRTM4/PTPRD/RTN4RL1/SLITRK2/AMIGO1/FERMT2/CLDN5",19
"GO:0046890","GO:0046890","regulation of lipid biosynthetic process","32/1675","197/18842",0.16243654822335,1.82724145768619,3.64582977423165,0.000613281016702035,0.00632446048473974,0.00632446048473974,"LDLR/NR5A2/EGR1/PDK4/HSD17B13/QKI/MID1IP1/CARTPT/CYP7A1/SORBS1/FGFR4/CES1/PDGFB/PLA2G3/APOC1/DKK3/LPCAT3/IL1B/ABCG1/ABHD6/FABP5/DAB2/MFSD2A/GPR146/EDN1/ABCA3/GPIHBP1/INSIG1/GPER1/KAT2B/BMP2/ACADL",32
"GO:0019730","GO:0019730","antimicrobial humoral response","31/1675","189/18842",0.164021164021164,1.84506672984285,3.64720133198993,0.000625770707918972,0.00642906627654343,0.00642906627654343,"CCL16/PPBP/DAO/SLPI/HLA-E/SLC11A1/DEFA3/TSLP/RARRES2/CCL24/CCL14/PLA2G1B/CCL2/DEFA4/WFDC12/CXCL3/GATA6/KLK3/VIP/CXCL12/CXCL2/CX3CL1/DMBT1/CTSG/S100A12/LYZ/CCL18/PF4/PGLYRP1/CAMP/CCL23",31
"GO:0048771","GO:0048771","tissue remodeling","24/1675","133/18842",0.180451127819549,2.02988665694086,3.72307805534576,0.000625938417540298,0.00642906627654343,0.00642906627654343,"TNFAIP3/PPARG/P2RX7/PDK4/CARTPT/EPAS1/TIE1/NPR3/PTN/LEPR/CAV1/ACVRL1/ACE/S1PR1/FLT4/IL6/AGTR2/UBASH3B/GJA1/DCSTAMP/BMPR2/ACP5/CYP1A1/DDR2",24
"GO:0007215","GO:0007215","glutamate receptor signaling pathway","14/1675","60/18842",0.233333333333333,2.62475621890547,3.93735970072293,0.000634379751961525,0.0064897048625664,0.0064897048625664,"KCNB1/SHANK3/SLC1A1/GNAQ/NRXN1/CCL2/ADRB2/GRIK4/GRM3/CX3CL1/GRIN3B/TRPM1/GRID1/GRIA1",14
"GO:0034394","GO:0034394","protein localization to cell surface","14/1675","60/18842",0.233333333333333,2.62475621890547,3.93735970072293,0.000634379751961525,0.0064897048625664,0.0064897048625664,"TYROBP/ACTN2/RIC3/JAM3/FGF10/CAV3/ANGPT1/BDNF/GPM6B/GPIHBP1/EMP2/FCN1/FBLN5/KCNAB2",14
"GO:0007423","GO:0007423","sensory organ development","53/1675","379/18842",0.139841688654354,1.57307289410467,3.52038785619973,0.000637855512374737,0.00649055863803348,0.00649055863803348,"CYP26B1/TMIE/PCDH15/GPM6A/RD3/CLDN19/TMOD1/CPAMD8/TBX3/MYO7B/TSPAN12/NKD1/WNT2B/SLC1A1/RBP4/PRICKLE1/FBN3/ZEB2/PTPRM/CLRN2/FREM2/ANGPTL7/SOBP/KCNK3/SLC17A8/TYRP1/GATA2/RP1/FOS/FGFR2/WNT7A/SGCG/ACVRL1/EFEMP1/RS1/POU3F4/NES/TGFB2/MFSD2A/CHRDL1/WNT9A/UNC45B/TBX2/FZD4/BMPR2/SGCA/FGF2/NTRK3/ROR1/CYP1A1/BMP2/FOXF2/AGTPBP1",53
"GO:0071347","GO:0071347","cellular response to interleukin-1","18/1675","88/18842",0.204545454545455,2.30092265943012,3.82083281833739,0.000638269989233791,0.00649055863803348,0.00649055863803348,"KMO/ANKRD1/EGR1/HYAL1/KLF2/NFKBIA/IL1A/PTGIS/CCL2/IL1B/DAB2IP/HYAL2/SIRPA/EDN1/IL6/MYLK3/AKAP12/CAMP",18
"GO:0086003","GO:0086003","cardiac muscle cell contraction","18/1675","88/18842",0.204545454545455,2.30092265943012,3.82083281833739,0.000638269989233791,0.00649055863803348,0.00649055863803348,"GJA5/CASQ2/CAV3/SCN4B/ATP1A2/ADRB2/CAV1/SCN3B/KCNE1/SCN7A/SCN2B/SCN1A/KCNJ5/GJA1/NOS1/TNNC1/KCNA5/KCNJ8",18
"GO:0009187","GO:0009187","cyclic nucleotide metabolic process","12/1675","47/18842",0.25531914893617,2.87207367418228,4.01386606614296,0.000644383356338336,0.00653972394379085,0.00653972394379085,"PDE4C/PDE2A/CARTPT/PDE8B/NPR1/ADCY4/GUCY1A2/ADCY9/ADCYAP1R1/EDNRB/ADCY8/PDE5A",12
"GO:0043010","GO:0043010","camera-type eye development","33/1675","206/18842",0.160194174757282,1.80201709897116,3.61537261189763,0.000653749083917282,0.00659544298833699,0.00659544298833699,"GPM6A/RD3/CLDN19/TMOD1/TSPAN12/WNT2B/SLC1A1/RBP4/PRICKLE1/FBN3/ZEB2/PTPRM/ANGPTL7/SLC17A8/RP1/FOS/WNT7A/SGCG/ACVRL1/EFEMP1/RS1/NES/TGFB2/MFSD2A/WNT9A/UNC45B/TBX2/FZD4/BMPR2/SGCA/FGF2/CYP1A1/FOXF2",33
"GO:0002688","GO:0002688","regulation of leukocyte chemotaxis","22/1675","118/18842",0.186440677966102,2.09726283835062,3.73477579306609,0.000656331574292012,0.00659544298833699,0.00659544298833699,"CMKLR1/NCKAP1L/PTN/RARRES2/JAM3/SLIT2/CCL2/GAS6/DAPK2/C5AR1/DUSP1/CXCL12/SPI1/CX3CR1/BST1/EDN1/IL6/NEDD9/VEGFD/IL34/FPR2/EDN3",22
"GO:0030449","GO:0030449","regulation of complement activation","9/1675","29/18842",0.310344827586207,3.49105506948018,4.19339213824665,0.000657528374611466,0.00659544298833699,0.00659544298833699,"C6/CD5L/VSIG4/A2M/MASP1/C4BPA/IL1B/CFP/SERPING1",9
"GO:0060317","GO:0060317","cardiac epithelial to mesenchymal transition","9/1675","29/18842",0.310344827586207,3.49105506948018,4.19339213824665,0.000657528374611466,0.00659544298833699,0.00659544298833699,"TGFBR2/ENG/TBX3/HEY1/NOTCH1/TGFB2/EMP2/TGFBR3/BMP2",9
"GO:0071467","GO:0071467","cellular response to pH","9/1675","29/18842",0.310344827586207,3.49105506948018,4.19339213824665,0.000657528374611466,0.00659544298833699,0.00659544298833699,"GPR65/HYAL1/MCOLN1/GNAQ/KCNK3/SCNN1G/PKD2L1/GPR4/HVCN1",9
"GO:1900046","GO:1900046","regulation of hemostasis","15/1675","67/18842",0.223880597014925,2.51842281131655,3.88912878776185,0.000657610151329788,0.00659544298833699,0.00659544298833699,"VTN/PRKG1/PDGFB/ADTRP/CPB2/EMILIN2/THBD/CAV1/F11/EDN1/KRT1/PROS1/SERPING1/CD36/PF4",15
"GO:0001823","GO:0001823","mesonephros development","16/1675","74/18842",0.216216216216216,2.4322065348931,3.85589048327413,0.000663574625410962,0.0066422391565109,0.0066422391565109,"ROBO2/SMAD6/TCF21/CAT/SLIT2/FGF10/FGFR2/ZBTB16/NPNT/WNT11/AGTR2/GPC3/FGF2/BMPER/BMP2/SMAD7",16
"GO:0007178","GO:0007178","cell surface receptor protein serine/threonine kinase signaling pathway","54/1675","389/18842",0.138817480719794,1.56155162490887,3.49577260744451,0.00067972572239995,0.00679061927749169,0.00679061927749169,"TGFBR2/CFC1B/MYOCD/ENG/CDKN1C/VEPH1/PPARG/CCN1/GDF2/SMAD6/ELAPOR2/BMP15/ZEB2/VWC2/CITED2/WFIKKN2/NRROS/LATS2/SOST/LTBP4/TMEM100/CDH5/FOS/DKK3/CDKN2B/CAV1/ACVRL1/LRRC32/DAB2/SPI1/NOTCH1/SMAD9/TGFB2/CHRDL1/WWTR1/JUN/CRIM1/ATOH8/LEFTY2/RGCC/BMPR2/CFC1/SNX25/GDF10/BMPER/TGFBR3/BMP2/ZNF423/AKAP4/SOSTDC1/ZFYVE9/FERMT2/SMAD7/CLDN5",54
"GO:0046394","GO:0046394","carboxylic acid biosynthetic process","47/1675","327/18842",0.143730886850153,1.61682231046602,3.51466768852776,0.000694886945962064,0.00692855112786737,0.00692855112786737,"PLA2G5/KMO/OSBPL6/GGTLC1/ACACB/PTGDS/CYP1A2/PDK4/MID1IP1/CYP7A1/LPL/ACSM2B/ALOX15/ALDH1A2/OTC/FGFR4/CES1/PLA2G3/PTGIS/GGTLC3/HPGDS/PLA2G1B/PRKAG3/CYP27A1/APOC1/GGTLC2/IL1B/FABP5/ACSM2A/ALDH1A1/ACSBG1/ACSM5/EDN1/GPIHBP1/HACD4/GGTA1/ALOX5/SCD5/CYP1A1/KAT2B/CDO1/ACADL/LTC4S/NLRC4/OLAH/CAMP/ALOX5AP",47
"GO:0001909","GO:0001909","leukocyte mediated cytotoxicity","24/1675","134/18842",0.17910447761194,2.01473824905324,3.68217924929594,0.000699507359248913,0.00695791561564245,0.00695791561564245,"HLA-DRA/DAO/AGER/TYROBP/CADM1/HLA-E/NCKAP1L/CLEC12B/FCGR3B/KIR3DL1/DNASE1L3/KLRD1/SPI1/FCGR3A/CX3CR1/NFKBIZ/CRTAM/NKG7/PRF1/CTSG/EMP2/ICAM1/NCR1/PIK3R1",24
"GO:0060395","GO:0060395","SMAD protein signal transduction","19/1675","96/18842",0.197916666666667,2.22635572139303,3.76278971809747,0.000701912894950441,0.00695791561564245,0.00695791561564245,"TGFBR2/ENG/VEPH1/PPARG/GDF2/SMAD6/FOS/ACVRL1/DAB2/SMAD9/TGFB2/WWTR1/JUN/ATOH8/BMPR2/BMPER/TGFBR3/BMP2/SMAD7",19
"GO:1905954","GO:1905954","positive regulation of lipid localization","19/1675","96/18842",0.197916666666667,2.22635572139303,3.76278971809747,0.000701912894950441,0.00695791561564245,0.00695791561564245,"ACACB/PPARG/ECRG4/ABCA8/LPL/APOA1/CES1/LPCAT3/CAV1/IL1B/ABCG1/DAB2/CRH/EDN1/ABCA3/MSR1/RETN/CD36/CETP",19
"GO:0016049","GO:0016049","cell growth","58/1675","426/18842",0.136150234741784,1.53154789433116,3.46626470805382,0.000715110158899822,0.00706337039189694,0.00706337039189694,"SLIT3/SOX17/PRKCQ/GDF2/HYAL1/SESN1/PRKG1/NPR1/PRICKLE1/SYT4/FLRT3/FHL1/PAK5/SEMA3G/CRYAB/NRG1/SEMA6D/LATS2/VIM/CDKL5/LTBP4/NRG3/MAG/RERG/CXCL16/SLIT2/WFDC1/CAV3/FAM107A/FBP1/ACVRL1/SEMA5A/HYAL2/DAB2/CXCL12/BDNF/TGFB2/MFSD2A/AGTR1/COBL/EDN1/RASGRP2/AGTR2/GJA1/NRN1/HBEGF/TRPV2/SOCS2/DCSTAMP/BMPR2/SGK1/OSTN/PRDM11/KIF26A/SH3GL2/DCC/SMAD7/EDN3",58
"GO:0051963","GO:0051963","regulation of synapse assembly","28/1675","166/18842",0.168674698795181,1.89741413414853,3.62758162705138,0.00071531297419406,0.00706337039189694,0.00706337039189694,"MUSK/SNCA/ROBO2/ARHGEF15/SRGAP2C/MDGA1/LIN7A/NRXN1/WNT3A/LRRC4B/PRICKLE1/NEGR1/LSAMP/CRTAC1/CCDC141/WNT7A/SDC2/BDNF/NTM/DOCK4/SLITRK3/LRRTM4/NTRK3/PTPRD/RTN4RL1/SLITRK2/AMIGO1/PTPN1",28
"GO:0050803","GO:0050803","regulation of synapse structure or activity","45/1675","311/18842",0.144694533762058,1.62766233142967,3.48633414219779,0.000774624432873374,0.00763430438178672,0.00763430438178672,"ARHGAP44/MUSK/SNCA/ROBO2/GPM6A/SHANK3/ARHGEF15/SRGAP2C/MDGA1/LIN7A/ZDHHC15/NRXN1/WNT3A/LRRC4B/PRICKLE1/FRMPD4/NEGR1/ARC/CDKL5/SLC17A8/LRRK2/LSAMP/CRTAC1/CCDC141/WNT7A/SDC2/DAB2IP/BDNF/PTPRO/NTM/DOCK4/NEDD9/SLITRK3/NRN1/TUBA1A/LRRTM4/ADGRB3/NTRK3/PTPRD/GRID1/SPARCL1/RTN4RL1/SLITRK2/AMIGO1/PTPN1",45
"GO:0002283","GO:0002283","neutrophil activation involved in immune response","6/1675","14/18842",0.428571428571429,4.82098081023454,4.46733948068044,0.000784550212004689,0.00768769029579308,0.00768769029579308,"TYROBP/FCER1G/DNASE1L3/SPI1/ANXA3/LILRA2",6
"GO:0015670","GO:0015670","carbon dioxide transport","6/1675","14/18842",0.428571428571429,4.82098081023454,4.46733948068044,0.000784550212004689,0.00768769029579308,0.00768769029579308,"AQP1/HBA2/HBZ/HBD/HBA1/HBB",6
"GO:0034374","GO:0034374","low-density lipoprotein particle remodeling","6/1675","14/18842",0.428571428571429,4.82098081023454,4.46733948068044,0.000784550212004689,0.00768769029579308,0.00768769029579308,"PLA2G5/PLA2G3/ABCG1/AGTR1/CETP/PLA2G2A",6
"GO:0030195","GO:0030195","negative regulation of blood coagulation","12/1675","48/18842",0.25,2.81223880597015,3.92679844338008,0.000790593631020648,0.00770264080508688,0.00770264080508688,"VTN/PRKG1/PDGFB/ADTRP/CPB2/THBD/F11/EDN1/KRT1/PROS1/SERPING1/PF4",12
"GO:0055008","GO:0055008","cardiac muscle tissue morphogenesis","12/1675","48/18842",0.25,2.81223880597015,3.92679844338008,0.000790593631020648,0.00770264080508688,0.00770264080508688,"ENG/ANKRD1/NRG1/MYL3/FGFR2/S1PR1/NOTCH1/TGFB2/TNNC1/TGFBR3/BMP2/SMAD7",12
"GO:1900047","GO:1900047","negative regulation of hemostasis","12/1675","48/18842",0.25,2.81223880597015,3.92679844338008,0.000790593631020648,0.00770264080508688,0.00770264080508688,"VTN/PRKG1/PDGFB/ADTRP/CPB2/THBD/F11/EDN1/KRT1/PROS1/SERPING1/PF4",12
"GO:0050830","GO:0050830","defense response to Gram-positive bacterium","21/1675","112/18842",0.1875,2.10917910447761,3.67751098757014,0.000797523384351701,0.00775538424136683,0.00775538424136683,"GBP4/HLA-E/IL18R1/DEFA3/FGR/IL7R/GBP7/RARRES2/PLA2G1B/DEFA4/IL1B/VIP/STAB2/IL6/DMBT1/CTSG/LYZ/RNASE13/PLA2G2A/PGLYRP1/CAMP",21
"GO:0034446","GO:0034446","substrate adhesion-dependent cell spreading","19/1675","97/18842",0.195876288659794,2.20340360055393,3.71164668140921,0.000801467220696401,0.00777894655381801,0.00777894655381801,"CASS4/MYOC/LPXN/RADIL/FBLN1/APOA1/PDPN/MYADM/TEK/ITGA8/NTN4/DAB2/NEDD9/PEAK1/FERMT3/LAMC3/FERMT2/SPRY4/PIK3R1",19
"GO:0007517","GO:0007517","muscle organ development","38/1675","251/18842",0.151394422310757,1.70302907771897,3.50244198492831,0.000819639814480975,0.00794026070278444,0.00794026070278444,"CYP26B1/MYOCD/ENG/ANKRD1/EGR3/WNT3A/DES/UTRN/FHL1/TCF21/NRG1/JPH2/CFL2/MYL3/RBM24/CAV3/FGFR2/MYOZ1/CAV1/SGCG/CAV2/LMOD3/CAPN3/S1PR1/RCAN1/NOTCH1/TGFB2/ID3/UNC45B/KLHL41/HBEGF/SGCA/TNNC1/MYLK/TGFBR3/BMP2/SMAD7/EGR2",38
"GO:0060391","GO:0060391","positive regulation of SMAD protein signal transduction","11/1675","42/18842",0.261904761904762,2.94615493958778,3.94398550677593,0.000852056124330144,0.00822314542631828,0.00822314542631828,"TGFBR2/ENG/GDF2/ACVRL1/DAB2/TGFB2/ATOH8/BMPR2/BMPER/TGFBR3/BMP2",11
"GO:1904861","GO:1904861","excitatory synapse assembly","11/1675","42/18842",0.261904761904762,2.94615493958778,3.94398550677593,0.000852056124330144,0.00822314542631828,0.00822314542631828,"SHANK3/SRGAP2C/LRRC4/NRXN1/LRRC4B/PRICKLE1/WNT7A/ADGRL3/NTRK3/ADGRL2/PTPRD",11
"GO:0007193","GO:0007193","adenylate cyclase-inhibiting G protein-coupled receptor signaling pathway","20/1675","105/18842",0.19047619047619,2.14265813788202,3.66752527094681,0.000856090342790286,0.00824350756578681,0.00824350756578681,"RXFP2/CHRM2/CHRM4/PDE2A/NPY2R/CHRM1/APLNR/P2RY1/MARCO/FFAR3/ADRB2/PTGER4/C5AR1/S1PR1/GRM3/GPR146/AKAP12/FPR2/P2RY12/HCAR3",20
"GO:1990778","GO:1990778","protein localization to cell periphery","49/1675","348/18842",0.140804597701149,1.58390461485675,3.43422131901461,0.000859862655557228,0.00824350756578681,0.00824350756578681,"ARHGAP44/SNCA/KCNB1/PRKG2/EPB41L2/EFR3B/TRARG1/SPTBN1/NRXN1/WNT3A/SORBS1/VWC2/ACTN2/STAC3/ERBB4/NEGR1/NKD2/TMEM88/PKDCC/P2RY1/PRKCE/CAV3/GAS6/MYADM/CAV1/RDX/SCN3B/DUOXA1/RAMP3/RAMP2/DAB2/PRAM1/TSPAN18/INPP5K/ARL13B/PRKCH/CACNA2D2/CAMK2A/GPER1/ARRB1/VAMP2/PID1/EMP2/EPB41L3/EHD2/DPP6/RILPL2/PIK3R1/STAC",49
"GO:0002548","GO:0002548","monocyte chemotaxis","13/1675","55/18842",0.236363636363636,2.65884396200814,3.84831257860409,0.000860966481445458,0.00824350756578681,0.00824350756578681,"PDGFB/SLIT2/CCL2/DUSP1/CXCL12/CX3CR1/PTPRO/IL6/CTSG/S100A12/FPR2/PF4/CCL23",13
"GO:0141091","GO:0141091","transforming growth factor beta receptor superfamily signaling pathway","50/1675","357/18842",0.140056022408964,1.57548392491325,3.42901791747327,0.000863603205323399,0.00824350756578681,0.00824350756578681,"TGFBR2/CFC1B/MYOCD/ENG/CDKN1C/VEPH1/PPARG/CCN1/GDF2/SMAD6/ELAPOR2/ZEB2/VWC2/CITED2/WFIKKN2/NRROS/LATS2/SOST/LTBP4/TMEM100/CDH5/FOS/DKK3/CDKN2B/CAV1/ACVRL1/LRRC32/DAB2/SPI1/NOTCH1/SMAD9/TGFB2/CHRDL1/JUN/CRIM1/LEFTY2/RGCC/BMPR2/CFC1/SNX25/GDF10/BMPER/TGFBR3/BMP2/ZNF423/SOSTDC1/ZFYVE9/FERMT2/SMAD7/CLDN5",50
"GO:0035590","GO:0035590","purinergic nucleotide receptor signaling pathway","9/1675","30/18842",0.3,3.37468656716418,4.0659460782154,0.000865952153276046,0.00824350756578681,0.00824350756578681,"P2RX2/P2RX7/P2RX1/P2RX6/P2RY1/P2RY14/CTSG/PTAFR/P2RY12",9
"GO:0045777","GO:0045777","positive regulation of blood pressure","9/1675","30/18842",0.3,3.37468656716418,4.0659460782154,0.000865952153276046,0.00824350756578681,0.00824350756578681,"ENG/ADRB1/CARTPT/ADRA1A/RARRES2/TACR1/ACE/AVPR2/PTPN1",9
"GO:0055023","GO:0055023","positive regulation of cardiac muscle tissue growth","9/1675","30/18842",0.3,3.37468656716418,4.0659460782154,0.000865952153276046,0.00824350756578681,0.00824350756578681,"ERBB4/NRG1/FGFR2/NOTCH1/EDN1/TBX2/FGF2/MIR222/TGFBR3",9
"GO:0055080","GO:0055080","monoatomic cation homeostasis","62/1675","466/18842",0.133047210300429,1.49664211133175,3.39096405105809,0.000867059055795368,0.00824350756578681,0.00824350756578681,"FXYD1/SLC8A3/MT1A/CNR1/SLC24A4/SLC1A1/P2RX1/GDF2/MCOLN1/PDK4/CARTPT/TRPC3/SLC11A1/CFTR/NPR1/CYBRD1/CACNB4/SLC12A4/FXYD6/JPH2/CASQ2/ATP1B2/SLC4A1/P2RY1/TFRC/LRRK2/CCL14/MT1M/CDH5/WFS1/CAV3/ATP1A2/CAV1/TMEM178A/SLC39A8/CAV2/ALPL/SCN7A/SCARA5/CXCL12/PTH1R/SCNN1G/SMAD9/KCNA1/AGTR1/EDN1/CDH23/ALAS2/ATP6V0D2/ATP13A4/GPER1/EDNRB/ADCY8/HVCN1/MT1X/SLC26A3/BMP2/ATP2B3/KCNA5/CCL23/CA2/EDN3",62
"GO:1903169","GO:1903169","regulation of calcium ion transmembrane transport","24/1675","136/18842",0.176470588235294,1.98510974539069,3.60143666378737,0.000869472317681171,0.00825111485146417,0.00825111485146417,"F2RL3/SNCA/P2RX2/CACNG1/P2RX7/P2RX1/CACNG6/TRPC3/APLNR/PPP3R2/JPH4/JPH2/CASQ2/PLA2G1B/ATP1A2/CAV1/RGS9/CAPN3/CX3CL1/UBASH3B/ADCYAP1R1/GPER1/NOS1/IL13",24
"GO:0007585","GO:0007585","respiratory gaseous exchange by respiratory system","10/1675","36/18842",0.277777777777778,3.12470978441128,3.98579381816199,0.000884283255564619,0.00832985055656174,0.00832985055656174,"ODAD4/NMBR/SFTPC/CSF2RB/NEK10/SFTPA1/ATP1A2/SFTPD/SFTPA2/TNNC1",10
"GO:0045823","GO:0045823","positive regulation of heart contraction","10/1675","36/18842",0.277777777777778,3.12470978441128,3.98579381816199,0.000884283255564619,0.00832985055656174,0.00832985055656174,"ADRB1/SLC1A1/APLN/ADRA1A/ATP1A2/SCN3B/TGFB2/EDN1/PTPN1/EDN3",10
"GO:0046622","GO:0046622","positive regulation of organ growth","10/1675","36/18842",0.277777777777778,3.12470978441128,3.98579381816199,0.000884283255564619,0.00832985055656174,0.00832985055656174,"ACACB/ERBB4/NRG1/FGFR2/NOTCH1/EDN1/TBX2/FGF2/MIR222/TGFBR3",10
"GO:0071404","GO:0071404","cellular response to low-density lipoprotein particle stimulus","10/1675","36/18842",0.277777777777778,3.12470978441128,3.98579381816199,0.000884283255564619,0.00832985055656174,0.00832985055656174,"LDLR/PPARG/LPL/FCER1G/CES1/ADTRP/CD68/TLR4/CDH13/CD36",10
"GO:0001654","GO:0001654","eye development","39/1675","261/18842",0.149425287356322,1.68087836678676,3.45993089449812,0.000910472053140982,0.00854785633251165,0.00854785633251165,"GPM6A/RD3/CLDN19/TMOD1/CPAMD8/TSPAN12/NKD1/WNT2B/SLC1A1/RBP4/PRICKLE1/FBN3/ZEB2/PTPRM/FREM2/ANGPTL7/SLC17A8/TYRP1/RP1/FOS/WNT7A/SGCG/ACVRL1/EFEMP1/RS1/NES/TGFB2/MFSD2A/CHRDL1/WNT9A/UNC45B/TBX2/FZD4/BMPR2/SGCA/FGF2/CYP1A1/FOXF2/AGTPBP1",39
"GO:0044458","GO:0044458","motile cilium assembly","15/1675","69/18842",0.217391304347826,2.4454250486697,3.75720990688616,0.000910768661039853,0.00854785633251165,0.00854785633251165,"LRRC46/RSPH9/CFAP206/DRC7/CFAP61/LRRK2/CFAP43/DNAH12/CFAP65/CCDC181/CFAP53/ZMYND10/CFAP58/CFAP47/DNAAF1",15
"GO:0001558","GO:0001558","regulation of cell growth","51/1675","367/18842",0.138964577656676,1.56320631176542,3.40345880808048,0.000921008381889702,0.00862812797319748,0.00862812797319748,"SLIT3/SOX17/PRKCQ/GDF2/HYAL1/SESN1/NPR1/SYT4/FHL1/PAK5/SEMA3G/CRYAB/NRG1/SEMA6D/LATS2/VIM/CDKL5/LTBP4/NRG3/MAG/RERG/CXCL16/SLIT2/WFDC1/CAV3/FAM107A/FBP1/ACVRL1/SEMA5A/HYAL2/DAB2/CXCL12/BDNF/TGFB2/MFSD2A/AGTR1/EDN1/RASGRP2/AGTR2/GJA1/HBEGF/TRPV2/SOCS2/DCSTAMP/BMPR2/SGK1/OSTN/PRDM11/KIF26A/DCC/SMAD7",51
"GO:0046651","GO:0046651","lymphocyte proliferation","35/1675","227/18842",0.154185022026432,1.73442040896837,3.47726926799265,0.000927876538768457,0.00867657860292625,0.00867657860292625,"DOCK8/PLA2G5/TGFBR2/NR5A2/TNFSF13/AGER/TYROBP/HLA-E/NCKAP1L/SLC11A1/VSIR/VSIG4/HLA-DPA1/IL1A/TFRC/SPN/FGF10/IL1B/BTK/TACR1/MNDA/SFTPD/FCGR3A/NFKBIZ/IL6/LST1/CRTAM/IHH/CLC/LAPTM5/PDCD1LG2/EMP2/PLA2G2A/IL13/IL27",35
"GO:0090288","GO:0090288","negative regulation of cellular response to growth factor stimulus","22/1675","121/18842",0.181818181818182,2.04526458616011,3.60301920522324,0.000931291201404992,0.00869261769194623,0.00869261769194623,"PPARG/SMAD6/APLN/MMRN2/SEMA6A/VWC2/SOST/SLIT2/MMRN1/CAV1/DCN/DAB2IP/ANGPT1/NOTCH1/CHRDL1/CRIM1/AGTR2/FGF2/SOSTDC1/SPRY4/SMAD7/PTPN1",22
"GO:0035360","GO:0035360","positive regulation of peroxisome proliferator activated receptor signaling pathway","5/1675","10/18842",0.5,5.6244776119403,4.56905762511458,0.000949727792860362,0.00880046677623325,0.00880046677623325,"CITED2/PTGIS/FABP5/JUND/BMP2",5
"GO:0060379","GO:0060379","cardiac muscle cell myoblast differentiation","5/1675","10/18842",0.5,5.6244776119403,4.56905762511458,0.000949727792860362,0.00880046677623325,0.00880046677623325,"MYOCD/PRICKLE1/NRG1/NOTCH1/TBX2",5
"GO:0070278","GO:0070278","extracellular matrix constituent secretion","5/1675","10/18842",0.5,5.6244776119403,4.56905762511458,0.000949727792860362,0.00880046677623325,0.00880046677623325,"PRICKLE1/ADTRP/NOTCH1/RGCC/BMP2",5
"GO:1903596","GO:1903596","regulation of gap junction assembly","5/1675","10/18842",0.5,5.6244776119403,4.56905762511458,0.000949727792860362,0.00880046677623325,0.00880046677623325,"APLNR/TBX5/CAV1/IL1B/ACE",5
"GO:0060560","GO:0060560","developmental growth involved in morphogenesis","28/1675","169/18842",0.165680473372781,1.86373222644176,3.52312136701676,0.000953122722219209,0.00881595429322108,0.00881595429322108,"SLIT3/NKD1/PRKG1/PRICKLE1/SYT4/FLRT3/SEMA3G/SEMA6D/VIM/CDKL5/MAG/SLIT2/FGF10/FGFR2/SEMA5A/S1PR1/CXCL12/NOTCH1/BDNF/COBL/EDN1/NRN1/TRPV2/BMPR2/OSTN/SH3GL2/DCC/EDN3",28
"GO:0048708","GO:0048708","astrocyte differentiation","12/1675","49/18842",0.244897959183673,2.75484617727688,3.84194562500054,0.000963488019896869,0.00889574227756766,0.00889574227756767,"LDLR/AGER/QKI/ZEB2/MAG/C5AR1/NOTCH1/IL6/NTRK3/BMP2/FPR2/C1QA",12
"GO:0034308","GO:0034308","primary alcohol metabolic process","20/1675","106/18842",0.188679245283019,2.12244438186426,3.61985772372377,0.000968700425402613,0.00892775256925111,0.00892775256925111,"ADH1A/CYP17A1/CYP1A2/HSD17B6/RBP4/SULT1A1/CYP3A7/ALDH1A2/SULT1C4/CES1/TKTL1/ALDH2/DKK3/DAB2/ALDH1A1/AWAT2/ADH1B/EDNRB/CYP1A1/BMP2",20
"GO:0001659","GO:0001659","temperature homeostasis","31/1675","194/18842",0.15979381443299,1.79751346360979,3.48766638200287,0.000977292659763626,0.00899074092570314,0.00899074092570314,"CMKLR1/EGR1/FFAR4/ADRB1/QKI/IL18R1/EPAS1/NPR3/PLCL1/UCP1/IL1A/NOVA2/LEPR/ADRB2/CAV1/IL1B/ABHD6/FABP4/ALPL/FABP5/NOTCH1/ALDH1A1/TLR4/GJA1/TRPV2/EDNRB/PPARGC1B/CD36/ACADL/ZNF423/IL13",31
"GO:0050807","GO:0050807","regulation of synapse organization","44/1675","306/18842",0.143790849673203,1.6174968295776,3.40172821248662,0.00100226116484129,0.00920388843476341,0.00920388843476341,"ARHGAP44/MUSK/SNCA/ROBO2/GPM6A/SHANK3/ARHGEF15/SRGAP2C/MDGA1/LIN7A/ZDHHC15/NRXN1/WNT3A/LRRC4B/PRICKLE1/FRMPD4/NEGR1/ARC/CDKL5/LRRK2/LSAMP/CRTAC1/CCDC141/WNT7A/SDC2/DAB2IP/BDNF/PTPRO/NTM/DOCK4/NEDD9/SLITRK3/NRN1/TUBA1A/LRRTM4/ADGRB3/NTRK3/PTPRD/GRID1/SPARCL1/RTN4RL1/SLITRK2/AMIGO1/PTPN1",44
"GO:0072657","GO:0072657","protein localization to membrane","58/1675","432/18842",0.134259259259259,1.51027639579878,3.35144915747832,0.00100618542832665,0.00922336642632766,0.00922336642632766,"ARHGAP44/MUSK/KCNB1/PRKG2/SHANK3/GPC5/EFR3B/ITGAL/LRRC4/ZDHHC15/TRARG1/SPTBN1/NRXN1/WNT3A/SORBS1/VWC2/ACTN2/PTN/STAC3/ERBB4/NEGR1/NKD2/TMEM88/PKDCC/P2RY1/PRKCE/CAV3/GAS6/MYADM/CAV1/RDX/SCN3B/DUOXA1/RAMP3/RAMP2/CAPN3/DAB2/PRAM1/INPP5K/CHRDL1/ARL13B/PRKCH/CACNA2D2/CAMK2A/CD53/GPER1/ARRB1/VAMP2/GPC3/PID1/EMP2/EPB41L3/EHD2/DPP6/FERMT2/RILPL2/PIK3R1/STAC",58
"GO:0048844","GO:0048844","artery morphogenesis","13/1675","56/18842",0.232142857142857,2.61136460554371,3.77209699271108,0.00103139035342236,0.00943749849330123,0.00943749849330123,"TGFBR2/LDLR/ENG/FOXF1/GJA5/HEY1/ACVRL1/NOTCH1/TGFB2/EDN1/TBX2/MYLK/SMAD7",13
"GO:0009190","GO:0009190","cyclic nucleotide biosynthetic process","8/1675","25/18842",0.32,3.59966567164179,4.06279106039097,0.00104490582200839,0.00952350648334258,0.00952350648334258,"CARTPT/NPR1/ADCY4/GUCY1A2/ADCY9/ADCYAP1R1/EDNRB/ADCY8",8
"GO:0060045","GO:0060045","positive regulation of cardiac muscle cell proliferation","8/1675","25/18842",0.32,3.59966567164179,4.06279106039097,0.00104490582200839,0.00952350648334258,0.00952350648334258,"ERBB4/NRG1/FGFR2/NOTCH1/TBX2/FGF2/MIR222/TGFBR3",8
"GO:0001937","GO:0001937","negative regulation of endothelial cell proliferation","16/1675","77/18842",0.207792207792208,2.33744524132584,3.67332424222611,0.00104637549240245,0.00952350648334258,0.00952350648334258,"MIR126/ENG/PPARG/GDF2/MMRN2/PTPRM/CCL2/CAV1/ACVRL1/CAV2/ATOH8/RGCC/COL4A3/VASH1/MIR222/ALOX5",16
"GO:0032731","GO:0032731","positive regulation of interleukin-1 beta production","14/1675","63/18842",0.222222222222222,2.49976782752902,3.72451951111073,0.00106284412270706,0.00965621258907033,0.00965621258907033,"EGR1/P2RX7/AGER/TYROBP/LPL/LILRA5/MEFV/IL6/TLR4/TLR8/CD36/NLRC4/LILRA2/CAMP",14
"GO:0006801","GO:0006801","superoxide metabolic process","15/1675","70/18842",0.214285714285714,2.41049040511727,3.6929723867957,0.00106549494854153,0.00966313237906015,0.00966313237906014,"DUOX1/SLC1A1/TYROBP/PREX1/PRKCE/NCF2/NCF1/BST1/CYGB/CYBB/EDN1/SOD3/FBLN5/CD36/FPR2",15
"GO:0002009","GO:0002009","morphogenesis of an epithelium","45/1675","316/18842",0.142405063291139,1.60190818061591,3.37050623040239,0.00108258494110361,0.00980074685618575,0.00980074685618575,"TGFBR2/AJAP1/ENG/STARD13/SOX17/NKD1/GDF2/NOTCH4/MMRN2/ARHGAP24/PRICKLE1/APLNR/FLRT3/TIE1/KRT27/TCF21/PODXL/IRX1/MIR221/SLIT2/PDPN/FGF10/FGFR2/SOX18/RASIP1/WNT7A/ACVRL1/DLC1/NOTCH1/NDRG4/TGFB2/COBL/NPNT/PHLDB2/TBX2/WNT11/AGTR2/IHH/GJA1/HBEGF/GPC3/FGF2/BMP2/FERMT2/DNAAF1",45
"GO:0002690","GO:0002690","positive regulation of leukocyte chemotaxis","18/1675","92/18842",0.195652173913043,2.20088254380273,3.60666650385406,0.0011027040937833,0.00993016098539013,0.00993016098539012,"CMKLR1/NCKAP1L/PTN/RARRES2/CCL2/GAS6/DAPK2/C5AR1/CXCL12/SPI1/CX3CR1/EDN1/IL6/NEDD9/VEGFD/IL34/FPR2/EDN3",18
"GO:0034109","GO:0034109","homotypic cell-cell adhesion","18/1675","92/18842",0.195652173913043,2.20088254380273,3.60666650385406,0.0011027040937833,0.00993016098539013,0.00993016098539012,"PRKCQ/PLPP3/GATA1/PRKG1/SLC6A4/PDPN/MYL9/MMRN1/EMILIN2/IL6/UBASH3B/CTSG/FERMT3/HBB/CELA2B/PEAR1/P2RY12/TUBB1",18
"GO:0071677","GO:0071677","positive regulation of mononuclear cell migration","18/1675","92/18842",0.195652173913043,2.20088254380273,3.60666650385406,0.0011027040937833,0.00993016098539013,0.00993016098539012,"DOCK8/CMKLR1/AGER/JAM2/RARRES2/JAM3/SPN/CCL2/GAS6/C5AR1/CXCL12/SPI1/CX3CR1/CX3CL1/NEDD9/IL34/FPR2/P2RY12",18
"GO:0055094","GO:0055094","response to lipoprotein particle","10/1675","37/18842",0.27027027027027,3.04025816861638,3.88026597326095,0.00111643620852162,0.0100010003618005,0.0100010003618005,"LDLR/PPARG/LPL/FCER1G/CES1/ADTRP/CD68/TLR4/CDH13/CD36",10
"GO:0060043","GO:0060043","regulation of cardiac muscle cell proliferation","10/1675","37/18842",0.27027027027027,3.04025816861638,3.88026597326095,0.00111643620852162,0.0100010003618005,0.0100010003618005,"RBP4/ERBB4/NRG1/TBX5/FGFR2/NOTCH1/TBX2/FGF2/MIR222/TGFBR3",10
"GO:1903524","GO:1903524","positive regulation of blood circulation","10/1675","37/18842",0.27027027027027,3.04025816861638,3.88026597326095,0.00111643620852162,0.0100010003618005,0.0100010003618005,"ADRB1/SLC1A1/APLN/ADRA1A/ATP1A2/SCN3B/TGFB2/EDN1/PTPN1/EDN3",10
"GO:0000302","GO:0000302","response to reactive oxygen species","29/1675","179/18842",0.162011173184358,1.8224564329192,3.45351117925428,0.00112333730827455,0.0100452278528397,0.0100452278528397,"AQP1/KLF4/TNFAIP3/HBA2/HYAL1/SCGB1A1/KLF2/SESN1/CRYAB/UCP1/CAT/LRRK2/FOS/BTK/TACR1/DUSP1/HYAL2/CYGB/SIRPA/EDN1/IL6/CA3/HBA1/HBB/SOD3/FBLN5/CD36/DDR2/KCNA5",29
"GO:0070555","GO:0070555","response to interleukin-1","21/1675","115/18842",0.182608695652174,2.05415704088254,3.54186746168659,0.00113603833861022,0.0101410752216253,0.0101410752216253,"KMO/SNCA/ANKRD1/EGR1/HYAL1/KLF2/NFKBIA/GHR/IL1A/PTGIS/SELE/CCL2/IL1B/DAB2IP/HYAL2/SIRPA/EDN1/IL6/MYLK3/AKAP12/CAMP",21
"GO:0051496","GO:0051496","positive regulation of stress fiber assembly","12/1675","50/18842",0.24,2.69974925373134,3.75920090314624,0.00116670249111801,0.010396660700468,0.010396660700468,"ARHGEF15/MYOC/GPR65/APOA1/PPM1F/TACR1/SYNPO2L/CCN2/SORBS3/RGCC/LIMCH1/FERMT2",12
"GO:0002042","GO:0002042","cell migration involved in sprouting angiogenesis","19/1675","100/18842",0.19,2.13730149253731,3.56188438995908,0.00117602619696274,0.0104615199955903,0.0104615199955903,"KLF4/MIR126/JCAD/STARD13/EGR3/MMRN2/CLEC14A/MEOX2/NR4A1/ADTRP/GATA2/MIR221/SLIT2/MMRN1/CDH5/NOTCH1/RHOJ/FGF2/TGFBR3",19
"GO:0003214","GO:0003214","cardiac left ventricle morphogenesis","6/1675","15/18842",0.4,4.49958208955224,4.23529270620681,0.00120967267647671,0.0107049753290283,0.0107049753290283,"TGFBR2/FOXF1/NPY2R/NPY5R/TBX5/NOTCH1",6
"GO:0072224","GO:0072224","metanephric glomerulus development","6/1675","15/18842",0.4,4.49958208955224,4.23529270620681,0.00120967267647671,0.0107049753290283,0.0107049753290283,"AQP1/EGR1/TCF21/PDGFB/AGTR2/CD34",6
"GO:1900452","GO:1900452","regulation of long-term synaptic depression","6/1675","15/18842",0.4,4.49958208955224,4.23529270620681,0.00120967267647671,0.0107049753290283,0.0107049753290283,"KCNB1/SHANK3/AGER/ARC/PENK/ADCY8",6
"GO:0048644","GO:0048644","muscle organ morphogenesis","13/1675","57/18842",0.228070175438596,2.56555119141136,3.69752635370368,0.00122910401529947,0.0108394259280289,0.0108394259280289,"ENG/ANKRD1/NRG1/MYL3/FGFR2/S1PR1/NOTCH1/TGFB2/TNNC1/MYLK/TGFBR3/BMP2/SMAD7",13
"GO:0060415","GO:0060415","muscle tissue morphogenesis","13/1675","57/18842",0.228070175438596,2.56555119141136,3.69752635370368,0.00122910401529947,0.0108394259280289,0.0108394259280289,"ENG/ANKRD1/NRG1/MYL3/FGFR2/S1PR1/NOTCH1/TGFB2/TNNC1/MYLK/TGFBR3/BMP2/SMAD7",13
"GO:0048568","GO:0048568","embryonic organ development","37/1675","248/18842",0.149193548387097,1.67827154549831,3.35857616943775,0.00124916990339267,0.0109796765704036,0.0109796765704036,"TGFBR2/TMIE/ENG/TBX3/SOX17/FOXF1/RBP4/PRICKLE1/APLNR/FBN3/CITED2/CLRN2/HOXA4/TCF21/SOBP/RARRES2/PKDCC/PDGFB/TAL1/FGFR2/SOX18/HEY1/EFEMP1/LMO2/POU3F4/NOTCH1/NES/NDRG4/TGFB2/COBL/EDN1/ID3/TBX2/TBX4/IHH/FOXF2/DNAAF1",37
"GO:0001503","GO:0001503","ossification","49/1675","354/18842",0.138418079096045,1.55705877392698,3.30498779967309,0.00124930044261484,0.0109796765704036,0.0109796765704036,"COL13A1/TWIST2/RFLNB/MYOC/PPARG/P2RX7/CCN1/FFAR4/GDF2/SMAD6/PRICKLE1/RANBP3L/PTN/SGMS2/ALOX15/SOST/PKDCC/CAT/DNAI3/CLEC3B/FGFR2/TACR1/ZBTB16/ALPL/S1PR1/NOTCH1/SMAD9/PTPRB/CHRDL1/KL/GPM6B/WWTR1/NPNT/IGSF10/IL6/CCN2/CRIM1/PENK/SRGN/BMPR2/TMT1A/GDF10/ALOX5/DDR2/BMP2/FERMT2/SMAD7/HEMGN/PHOSPHO1",49
"GO:0001763","GO:0001763","morphogenesis of a branching structure","18/1675","93/18842",0.193548387096774,2.17721714010592,3.55484912710694,0.00125590962204873,0.0109999618438001,0.0109999618438001,"TGFBR2/ENG/COL13A1/FOXF1/GDF2/NOTCH4/TIE1/TCF21/LRRK2/SLIT2/FGF10/FGFR2/RASIP1/NPNT/TBX2/AGTR2/FGF2/BMP2",18
"GO:0016101","GO:0016101","diterpenoid metabolic process","18/1675","93/18842",0.193548387096774,2.17721714010592,3.55484912710694,0.00125590962204873,0.0109999618438001,0.0109999618438001,"ADH1A/LDLR/CYP26B1/CYP1A2/HSD17B6/RGR/RBP2/RBP4/LPL/CYP3A7/ALDH1A2/RARRES2/CES1/ALDH1A1/CRH/AWAT2/ADH1B/CYP1A1",18
"GO:0008643","GO:0008643","carbohydrate transport","21/1675","116/18842",0.181034482758621,2.03644879053011,3.4975707723032,0.00127334151219054,0.0111335757860763,0.0111335757860763,"AQP1/PPBP/FFAR4/TRARG1/CARTPT/SORBS1/PTPRM/SLC2A9/SLC5A9/PLA2G1B/SLC2A3/IL1B/SLC5A4/ITLN1/INPP5K/MFSD2A/NR4A3/AQP9/PID1/AQP10/PIK3R1",21
"GO:0008347","GO:0008347","glial cell migration","11/1675","44/18842",0.25,2.81223880597015,3.75922325262975,0.00129427357351997,0.0112397441910945,0.0112397441910945,"SRGAP2C/ATP1B2/P2RY1/MIR221/CCL2/DAB2IP/CX3CR1/TGFB2/CX3CL1/MIR222/P2RY12",11
"GO:0010634","GO:0010634","positive regulation of epithelial cell migration","11/1675","44/18842",0.25,2.81223880597015,3.75922325262975,0.00129427357351997,0.0112397441910945,0.0112397441910945,"GLIPR2/MIR221/PPM1F/PRKCE/FGF10/TACR1/ENPP2/TGFB2/HBEGF/BMPR2/MIR222",11
"GO:0045601","GO:0045601","regulation of endothelial cell differentiation","11/1675","44/18842",0.25,2.81223880597015,3.75922325262975,0.00129427357351997,0.0112397441910945,0.0112397441910945,"GDF2/NOTCH4/ZEB1/TMEM100/CDH5/IL1B/ACVRL1/APOLD1/NOTCH1/ATOH8/CLDN5",11
"GO:0045646","GO:0045646","regulation of erythrocyte differentiation","11/1675","44/18842",0.25,2.81223880597015,3.75922325262975,0.00129427357351997,0.0112397441910945,0.0112397441910945,"GATA1/NCKAP1L/HOXA5/MIR221/TAL1/ETS1/SPI1/KLF13/ZFP36/MIR222/RHEX",11
"GO:0010596","GO:0010596","negative regulation of endothelial cell migration","19/1675","101/18842",0.188118811881188,2.1161400916211,3.51313785421771,0.00133019217337517,0.0115125769320034,0.0115125769320034,"KLF4/STARD13/PPARG/GDF2/MMRN2/PTPRM/MEOX2/MIR221/SLIT2/MMRN1/ACVRL1/DCN/DAB2IP/NOTCH1/AGTR2/RGCC/FGF2/VASH1/ANGPT4",19
"GO:0150115","GO:0150115","cell-substrate junction organization","19/1675","101/18842",0.188118811881188,2.1161400916211,3.51313785421771,0.00133019217337517,0.0115125769320034,0.0115125769320034,"ARHGAP6/MYOC/THSD1/CORO2B/PRICKLE1/SORBS1/ACTN2/PPM1F/FAM107A/RAB40A/TEK/ACVRL1/DLC1/GPM6B/PHLDB2/PEAK1/LIMCH1/FERMT2/PIK3R1",19
"GO:0050670","GO:0050670","regulation of lymphocyte proliferation","31/1675","198/18842",0.156565656565657,1.76120006030454,3.36336529759456,0.00137218012575342,0.0118359213207904,0.0118359213207904,"PLA2G5/TGFBR2/NR5A2/TNFSF13/AGER/TYROBP/HLA-E/NCKAP1L/VSIR/VSIG4/HLA-DPA1/IL1A/TFRC/SPN/FGF10/IL1B/BTK/TACR1/MNDA/SFTPD/FCGR3A/IL6/LST1/CRTAM/IHH/CLC/LAPTM5/PDCD1LG2/PLA2G2A/IL13/IL27",31
"GO:0050866","GO:0050866","negative regulation of cell activation","31/1675","198/18842",0.156565656565657,1.76120006030454,3.36336529759456,0.00137218012575342,0.0118359213207904,0.0118359213207904,"PLA2G5/LDLR/TNFAIP3/CD69/TYROBP/TNFAIP8L2/HLA-E/CD300LF/PRKG1/VSIR/VSIG4/FGR/CLEC12A/PDGFB/SPN/CD33/THBD/BTK/MNDA/SFTPD/CYGB/CX3CL1/LST1/CRTAM/IHH/LAPTM5/CTSG/GPER1/PDCD1LG2/PLA2G2A/SMAD7",31
"GO:0045987","GO:0045987","positive regulation of smooth muscle contraction","8/1675","26/18842",0.307692307692308,3.46121699196326,3.92270007207501,0.00139287574064862,0.0119942077666964,0.0119942077666964,"MYOCD/ADRA1A/TACR1/PROK2/NPNT/EDN1/GPER1/EDN3",8
"GO:0045933","GO:0045933","positive regulation of muscle contraction","12/1675","51/18842",0.235294117647059,2.64681299385426,3.67846479309314,0.00140417811341956,0.0120509581378206,0.0120509581378206,"MYOCD/CACNG1/ADRA1A/CACNB4/TACR1/PROK2/NPNT/EDN1/CACNA2D2/GPER1/CACNA1S/EDN3",12
"GO:1904707","GO:1904707","positive regulation of vascular associated smooth muscle cell proliferation","12/1675","51/18842",0.235294117647059,2.64681299385426,3.67846479309314,0.00140417811341956,0.0120509581378206,0.0120509581378206,"ADAMTS1/PDGFB/MIR221/FGFR2/EDN1/NR4A3/JUN/GJA1/RGCC/FGF2/MIR222/DDR2",12
"GO:0030500","GO:0030500","regulation of bone mineralization","15/1675","72/18842",0.208333333333333,2.34353233830846,3.5677499851308,0.00144198680877186,0.0122829823230167,0.0122829823230167,"RFLNB/P2RX7/CCN1/PTN/SGMS2/PKDCC/S1PR1/KL/GPM6B/SRGN/BMPR2/ALOX5/DDR2/BMP2/PHOSPHO1",15
"GO:0010644","GO:0010644","cell communication by electrical coupling","9/1675","32/18842",0.28125,3.16376865671642,3.82651653046973,0.00144322040589111,0.0122829823230167,0.0122829823230167,"GJA5/CASQ2/ATP1B2/GJC2/TBX5/ATP1A2/CAV1/KCNA1/GJA1",9
"GO:0031664","GO:0031664","regulation of lipopolysaccharide-mediated signaling pathway","9/1675","32/18842",0.28125,3.16376865671642,3.82651653046973,0.00144322040589111,0.0122829823230167,0.0122829823230167,"TNFAIP3/LY86/SASH1/CARD16/SIRPA/CX3CL1/CD36/LILRA2/SCIMP",9
"GO:1905207","GO:1905207","regulation of cardiocyte differentiation","9/1675","32/18842",0.28125,3.16376865671642,3.82651653046973,0.00144322040589111,0.0122829823230167,0.0122829823230167,"MYOCD/SOX17/WNT3A/PRICKLE1/TBX5/TGFB2/GPER1/MIR222/BMP2",9
"GO:1905606","GO:1905606","regulation of presynapse assembly","9/1675","32/18842",0.28125,3.16376865671642,3.82651653046973,0.00144322040589111,0.0122829823230167,0.0122829823230167,"SNCA/MDGA1/NRXN1/WNT3A/LRRC4B/WNT7A/SLITRK3/NTRK3/SLITRK2",9
"GO:0010632","GO:0010632","regulation of epithelial cell migration","14/1675","65/18842",0.215384615384615,2.42285189437428,3.58934702268872,0.00146623620969927,0.0124374763061555,0.0124374763061555,"MCC/GLIPR2/MIR221/PPM1F/PRKCE/FGF10/SASH1/TACR1/DAB2IP/ENPP2/TGFB2/HBEGF/BMPR2/MIR222",14
"GO:0015844","GO:0015844","monoamine transport","14/1675","65/18842",0.215384615384615,2.42285189437428,3.58934702268872,0.00146623620969927,0.0124374763061555,0.0124374763061555,"SNCA/KCNB1/CARTPT/CHRNA4/SYT4/FCER1G/P2RY1/SLC6A4/FFAR3/VIP/CXCL12/CRH/GPM6B/NOS1",14
"GO:0006066","GO:0006066","alcohol metabolic process","47/1675","339/18842",0.138643067846608,1.55958966230793,3.24758580495075,0.00150002504801825,0.0126920903269488,0.0126920903269488,"SNCA/ADH1A/LDLR/PRKG2/CD244/MSMO1/PCSK9/CYP17A1/CYP1A2/HSD17B6/PLPP3/QKI/CYP7A1/RBP4/SULT1A1/CYP3A7/APOBR/ALDH1A2/APOA1/SCARF1/SULT1C4/CES1/P2RY1/TKTL1/CYP27A1/ALDH2/DKK3/LPCAT3/ABCG1/MOGAT1/DAB2/PTH1R/ALDH1A1/AGTR1/GPR146/AWAT2/ITPKC/INSIG1/ADCYAP1R1/GPER1/ADH1B/EDNRB/HMGCS1/CETP/CYP1A1/BMP2/ACADL",47
"GO:0002027","GO:0002027","regulation of heart rate","19/1675","102/18842",0.186274509803922,2.09539362013462,3.4649556217915,0.00150121498490792,0.0126920903269488,0.0126920903269488,"ADRB1/SLC1A1/CARTPT/CASQ2/CAV3/SCN4B/CAV1/SCN3B/ACE/KCNE1/SCN2B/EDN1/AGTR2/KCNJ5/EDNRB/KCNH6/KCNA5/PTPN1/EDN3",19
"GO:0086001","GO:0086001","cardiac muscle cell action potential","17/1675","87/18842",0.195402298850575,2.19807171041345,3.49861442500995,0.00151884133644801,0.0128199231616032,0.0128199231616032,"GJA5/CASQ2/CAV3/SCN4B/ATP1A2/CAV1/SCN3B/KCNE1/SCN7A/SCN2B/SCN1A/KCNJ5/GJA1/NOS1/KCNH6/KCNA5/KCNJ8",17
"GO:1990845","GO:1990845","adaptive thermogenesis","27/1675","166/18842",0.162650602409639,1.82964934364323,3.3536586971086,0.00153964675743074,0.012974123829091,0.012974123829091,"CMKLR1/FFAR4/ADRB1/QKI/IL18R1/EPAS1/NPR3/PLCL1/UCP1/NOVA2/LEPR/ADRB2/CAV1/ABHD6/FABP4/ALPL/FABP5/NOTCH1/ALDH1A1/TLR4/GJA1/TRPV2/PPARGC1B/CD36/ACADL/ZNF423/IL13",27
"GO:0060070","GO:0060070","canonical Wnt signaling pathway","43/1675","304/18842",0.141447368421053,1.59113511390416,3.24566944726815,0.00157557930144327,0.0132274008915439,0.0132274008915439,"MCC/KLF4/RSPO2/GPC5/EGR1/SOX17/NKD1/WNT2B/GNAQ/WNT3A/PRICKLE1/DKK2/ZEB2/NKD2/TMEM88/RSPO4/LATS2/SOST/SFRP5/LRRK2/FGFR2/DIXDC1/WNT7A/DKK3/CAV1/RBMS3/SEMA5A/DAB2IP/DAB2/SCEL/AMER2/WNT9A/WWTR1/EDN1/PTPRO/WNT11/FZD4/GPC3/EDNRB/BMP2/RECK/RSPO1/SMAD7",43
"GO:0030326","GO:0030326","embryonic limb morphogenesis","11/1675","45/18842",0.244444444444444,2.74974461028192,3.6706994565171,0.0015774612988938,0.0132274008915439,0.0132274008915439,"CYP26B1/TBX3/PRICKLE1/TBX5/WNT7A/ZBTB16/TGFB2/TBX2/TBX4/IHH/AFF3",11
"GO:0035113","GO:0035113","embryonic appendage morphogenesis","11/1675","45/18842",0.244444444444444,2.74974461028192,3.6706994565171,0.0015774612988938,0.0132274008915439,0.0132274008915439,"CYP26B1/TBX3/PRICKLE1/TBX5/WNT7A/ZBTB16/TGFB2/TBX2/TBX4/IHH/AFF3",11
"GO:0007567","GO:0007567","parturition","5/1675","11/18842",0.454545454545455,5.11316146540027,4.26233505824364,0.0016140153299123,0.0134457466001652,0.0134457466001652,"MAFF/PTGFR/CRH/EDN1/CYP1A1",5
"GO:0010764","GO:0010764","negative regulation of fibroblast migration","5/1675","11/18842",0.454545454545455,5.11316146540027,4.26233505824364,0.0016140153299123,0.0134457466001652,0.0134457466001652,"HAS1/ZEB2/HYAL2/CYGB/FGF2",5
"GO:0035696","GO:0035696","monocyte extravasation","5/1675","11/18842",0.454545454545455,5.11316146540027,4.26233505824364,0.0016140153299123,0.0134457466001652,0.0134457466001652,"AGER/JAM3/PECAM1/SIRPA/JAML",5
"GO:0048251","GO:0048251","elastic fiber assembly","5/1675","11/18842",0.454545454545455,5.11316146540027,4.26233505824364,0.0016140153299123,0.0134457466001652,0.0134457466001652,"MFAP4/MYH11/LTBP4/TNXB/FBLN5",5
"GO:0032944","GO:0032944","regulation of mononuclear cell proliferation","31/1675","200/18842",0.155,1.74358805970149,3.30227571171462,0.00161699444878586,0.013448661147219,0.013448661147219,"PLA2G5/TGFBR2/NR5A2/TNFSF13/AGER/TYROBP/HLA-E/NCKAP1L/VSIR/VSIG4/HLA-DPA1/IL1A/TFRC/SPN/FGF10/IL1B/BTK/TACR1/MNDA/SFTPD/FCGR3A/IL6/LST1/CRTAM/IHH/CLC/LAPTM5/PDCD1LG2/PLA2G2A/IL13/IL27",31
"GO:0098739","GO:0098739","import across plasma membrane","40/1675","278/18842",0.143884892086331,1.61855470847203,3.24546486673254,0.0016356641529151,0.0135818541268844,0.0135818541268844,"FXYD1/SLC8A3/SLC15A3/KCNJ16/SLC24A4/PCSK9/SLC46A2/SLC1A1/P2RX1/TRARG1/CARTPT/SLC22A4/SORBS1/PPP3R2/SLC2A9/SLC12A4/FXYD6/ATP1B2/SLC17A8/PLA2G1B/SLC2A3/SLC15A2/ATP1A2/SLC39A8/SLC5A4/ITLN1/SLC7A7/SCNN1G/SLC6A13/KCNJ15/SLC19A1/KCNJ5/TRPV2/PID1/LRRC8C/CD36/CACNA1S/TRPM1/PIK3R1/KCNJ8",40
"GO:0001837","GO:0001837","epithelial to mesenchymal transition","28/1675","175/18842",0.16,1.7998328358209,3.32042111484788,0.00164133644159242,0.0136068653140117,0.0136068653140117,"TGFBR2/ENG/GLIPR2/TBX3/NOTCH4/QKI/S100A4/MIR221/PDPN/TBX5/FGFR2/HEY1/IL1B/DAB2IP/DAB2/NOTCH1/TGFB2/WWTR1/EDN1/IL6/RGCC/EMP2/MIR222/TGFBR3/BMP2/FOXF2/FERMT2/SMAD7",28
"GO:0035024","GO:0035024","negative regulation of Rho protein signal transduction","7/1675","21/18842",0.333333333333333,3.74965174129353,3.93802227560419,0.00164774700850411,0.0136379060655316,0.0136379060655316,"MYOC/HEG1/ARHGAP30/RASIP1/RIPOR1/SCAI/DLC1",7
"GO:0001885","GO:0001885","endothelial cell development","12/1675","52/18842",0.230769230769231,2.59591274397245,3.5996444117033,0.00168016343271847,0.0138613483199274,0.0138613483199274,"PDE2A/MAGI1/PECAM1/CDH5/SOX18/MYADM/RDX/PPP1R16B/IL1B/ROBO4/ICAM1/CLDN5",12
"GO:0050819","GO:0050819","negative regulation of coagulation","12/1675","52/18842",0.230769230769231,2.59591274397245,3.5996444117033,0.00168016343271847,0.0138613483199274,0.0138613483199274,"VTN/PRKG1/PDGFB/ADTRP/CPB2/THBD/F11/EDN1/KRT1/PROS1/SERPING1/PF4",12
"GO:0060420","GO:0060420","regulation of heart growth","13/1675","59/18842",0.220338983050847,2.47858335441437,3.55305161214613,0.00171974792443512,0.0141131082726027,0.0141131082726027,"ACACB/RBP4/ERBB4/NRG1/TBX5/CAV3/FGFR2/NOTCH1/EDN1/TBX2/FGF2/MIR222/TGFBR3",13
"GO:0003180","GO:0003180","aortic valve morphogenesis","10/1675","39/18842",0.256410256410256,2.88434749330272,3.67952621693664,0.00172999391728679,0.0141131082726027,0.0141131082726027,"TGFBR2/ROBO2/SLIT3/SMAD6/GATA5/TIE1/NFATC1/SLIT2/HEY1/NOTCH1",10
"GO:0032330","GO:0032330","regulation of chondrocyte differentiation","10/1675","39/18842",0.256410256410256,2.88434749330272,3.67952621693664,0.00172999391728679,0.0141131082726027,0.0141131082726027,"PRKG2/NR5A2/RFLNB/PKDCC/SOX5/ACVRL1/ZBTB16/EFEMP1/WNT9A/SMAD7",10
"GO:0034368","GO:0034368","protein-lipid complex remodeling","10/1675","39/18842",0.256410256410256,2.88434749330272,3.67952621693664,0.00172999391728679,0.0141131082726027,0.0141131082726027,"PLA2G5/LPL/APOA1/PLA2G3/APOC1/ABCG1/AGTR1/GPIHBP1/CETP/PLA2G2A",10
"GO:0034369","GO:0034369","plasma lipoprotein particle remodeling","10/1675","39/18842",0.256410256410256,2.88434749330272,3.67952621693664,0.00172999391728679,0.0141131082726027,0.0141131082726027,"PLA2G5/LPL/APOA1/PLA2G3/APOC1/ABCG1/AGTR1/GPIHBP1/CETP/PLA2G2A",10
"GO:0050432","GO:0050432","catecholamine secretion","10/1675","39/18842",0.256410256410256,2.88434749330272,3.67952621693664,0.00172999391728679,0.0141131082726027,0.0141131082726027,"SNCA/KCNB1/CARTPT/CHRNA4/SYT4/P2RY1/FFAR3/VIP/CXCL12/CRH",10
"GO:0060306","GO:0060306","regulation of membrane repolarization","10/1675","39/18842",0.256410256410256,2.88434749330272,3.67952621693664,0.00172999391728679,0.0141131082726027,0.0141131082726027,"GJA5/CASQ2/AKAP7/CAV3/SCN4B/CAV1/KCNE1/NOS1/KCNH6/KCNA5",10
"GO:0031640","GO:0031640","killing of cells of another organism","20/1675","111/18842",0.18018018018018,2.02683877907758,3.38918632977371,0.00174182732658378,0.0141644622821559,0.0141644622821559,"PPBP/C6/DAO/DEFA3/GBP7/DEFA4/C7/CXCL3/CXCL12/CXCL2/C8B/NKG7/PRF1/CTSG/S100A12/LYZ/PLA2G2A/CCL18/PF4/PGLYRP1",20
"GO:0141061","GO:0141061","disruption of cell in another organism","20/1675","111/18842",0.18018018018018,2.02683877907758,3.38918632977371,0.00174182732658378,0.0141644622821559,0.0141644622821559,"PPBP/C6/DAO/DEFA3/GBP7/DEFA4/C7/CXCL3/CXCL12/CXCL2/C8B/NKG7/PRF1/CTSG/S100A12/LYZ/PLA2G2A/CCL18/PF4/PGLYRP1",20
"GO:0055001","GO:0055001","muscle cell development","25/1675","151/18842",0.165562913907285,1.86240980527824,3.32351824647298,0.0017533968668703,0.0142359126572089,0.0142359126572089,"ENG/ANKRD1/TMOD1/TBX3/PRICKLE1/ACTN2/TNNT3/MYH11/TBX5/MYL9/CAV3/MYOZ1/NEBL/SYNPO2L/CAV2/LMOD3/RAMP2/CAPN3/NOTCH1/EDN1/KLHL41/MYLK3/LMOD1/PGM5/MYOM2",25
"GO:0060048","GO:0060048","cardiac muscle contraction","24/1675","143/18842",0.167832167832168,1.88793654107087,3.3293000217674,0.00177592861809337,0.0143959982274922,0.0143959982274922,"GJA5/TNNI2/ADRA1A/JPH4/JPH2/CASQ2/MYL3/CAV3/SCN4B/ATP1A2/ADRB2/CAV1/SCN3B/KCNE1/SCN7A/SCN2B/SCN1A/KCNJ5/GJA1/NOS1/TNNC1/SMAD7/KCNA5/KCNJ8",24
"GO:0022409","GO:0022409","positive regulation of cell-cell adhesion","42/1675","297/18842",0.141414141414141,1.5907613447912,3.20545034102119,0.00178122392108365,0.0144160765132007,0.0144160765132007,"DOCK8/TGFBR2/MAP3K8/HLA-DRA/NR5A2/PRKCQ/GPR65/AGER/PLPP3/HLA-E/NCKAP1L/MAGI1/VSIR/CITED2/HLA-DPA1/IL7R/PODXL/IL1A/TFRC/HLA-DRB5/SELP/SELE/PDPN/CCL2/MMRN1/EMILIN2/CAV1/IL1B/ETS1/ZBTB16/NFKBIZ/SIRPA/NR4A3/IL6/CX3CL1/IHH/CTSG/PDCD1LG2/SIRPB1/ALOX5/HLA-DOA/SMAD7",42
"GO:0035809","GO:0035809","regulation of urine volume","6/1675","16/18842",0.375,4.21835820895522,4.02279147627048,0.00179082617241957,0.0144253163337419,0.0144253163337419,"NPR1/NPR3/HYAL2/INPP5K/EDNRB/AVPR2",6
"GO:1903028","GO:1903028","positive regulation of opsonization","6/1675","16/18842",0.375,4.21835820895522,4.02279147627048,0.00179082617241957,0.0144253163337419,0.0144253163337419,"PLA2G5/FCN3/COLEC10/MASP1/CFP/FCN1",6
"GO:1903975","GO:1903975","regulation of glial cell migration","6/1675","16/18842",0.375,4.21835820895522,4.02279147627048,0.00179082617241957,0.0144253163337419,0.0144253163337419,"ATP1B2/MIR221/CX3CR1/CX3CL1/MIR222/P2RY12",6
"GO:0002446","GO:0002446","neutrophil mediated immunity","9/1675","33/18842",0.272727272727273,3.06789687924016,3.71377143459483,0.00182993917559766,0.0146710640802227,0.0146710640802227,"DAO/DNASE1L3/PLA2G1B/FCAR/ACE/SPI1/ANXA3/IL6/CTSG",9
"GO:0003091","GO:0003091","renal water homeostasis","9/1675","33/18842",0.272727272727273,3.06789687924016,3.71377143459483,0.00182993917559766,0.0146710640802227,0.0146710640802227,"AQP1/ADCY4/WFS1/ADCY9/HYAL2/INPP5K/ADCY8/AQP4/AVPR2",9
"GO:0099174","GO:0099174","regulation of presynapse organization","9/1675","33/18842",0.272727272727273,3.06789687924016,3.71377143459483,0.00182993917559766,0.0146710640802227,0.0146710640802227,"SNCA/MDGA1/NRXN1/WNT3A/LRRC4B/WNT7A/SLITRK3/NTRK3/SLITRK2",9
"GO:0001934","GO:0001934","positive regulation of protein phosphorylation","33/1675","219/18842",0.150684931506849,1.69504804743406,3.23164941523853,0.00188294591360138,0.0150724074304711,0.0150724074304711,"MUSK/CASS4/LILRA5/ERBB4/NRG1/RARRES2/NEK10/PDGFB/DIPK2A/FGF10/RASSF2/SASH1/GAS6/IL20/ITLN1/ANGPT1/FLT4/IL6/NEDD9/S100A12/GPER1/ARRB1/FGF2/ADCY8/LIMCH1/DDR2/IL34/BMP2/ODAM/ANGPT4/RSPO1/IL13/PIK3R5",33
"GO:0051249","GO:0051249","regulation of lymphocyte activation","59/1675","453/18842",0.130242825607064,1.46509571348555,3.12985745312068,0.00188983616822957,0.0151039250007723,0.0151039250007723,"DOCK8/PLA2G5/TGFBR2/MAP3K8/HLA-DRA/TNFAIP3/NR5A2/CD69/PRKCQ/TNFSF13/GPR65/AGER/TYROBP/TNFAIP8L2/HLA-E/NCKAP1L/THEMIS2/VSIR/VSIG4/NFAM1/FGR/HLA-DPA1/IL7R/CLEC12A/JUNB/IL1A/TFRC/HLA-DRB5/SPN/CCL2/FGF10/GAS6/CAV1/IL1B/BTK/TACR1/ZBTB16/MNDA/KLRD1/SPI1/SFTPD/FCGR3A/NFKBIZ/SIRPA/IL6/NEDD9/LST1/CRTAM/IHH/CLC/LAPTM5/CTSG/PDCD1LG2/SIRPB1/PLA2G2A/IL13/IL27/HLA-DOA/SMAD7",59
"GO:0061028","GO:0061028","establishment of endothelial barrier","11/1675","46/18842",0.239130434782609,2.68996755353666,3.5845673197483,0.00190932806858704,0.0152121698922472,0.0152121698922472,"PDE2A/PECAM1/CDH5/SOX18/MYADM/RDX/PPP1R16B/IL1B/ROBO4/ICAM1/CLDN5",11
"GO:0099054","GO:0099054","presynapse assembly","11/1675","46/18842",0.239130434782609,2.68996755353666,3.5845673197483,0.00190932806858704,0.0152121698922472,0.0152121698922472,"SNCA/MDGA1/NRXN1/WNT3A/LRRC4B/PCDH17/WNT7A/SLITRK3/NTRK3/PTPRD/SLITRK2",11
"GO:0071260","GO:0071260","cellular response to mechanical stimulus","15/1675","74/18842",0.202702702702703,2.28019362646228,3.44663028743445,0.00192401080250612,0.0153053114382874,0.0153053114382874,"AQP1/ANKRD1/PDE2A/MAG/PECAM1/ATP1A2/IL1B/TEK/PTGER4/GAB1/CASP5/TLR4/TLR8/FGF2/IL13",15
"GO:0001523","GO:0001523","retinoid metabolic process","17/1675","89/18842",0.191011235955056,2.14867684051652,3.39288913007572,0.00196459473829751,0.0155796931571965,0.0155796931571965,"ADH1A/LDLR/CYP26B1/CYP1A2/HSD17B6/RGR/RBP2/RBP4/LPL/CYP3A7/ALDH1A2/RARRES2/CES1/ALDH1A1/AWAT2/ADH1B/CYP1A1",17
"GO:0015837","GO:0015837","amine transport","17/1675","89/18842",0.191011235955056,2.14867684051652,3.39288913007572,0.00196459473829751,0.0155796931571965,0.0155796931571965,"KMO/SNCA/KCNB1/CARTPT/SLC22A4/CHRNA4/SYT4/FLVCR2/P2RY1/NPY5R/SLC17A8/FFAR3/ATP1A2/CXCL12/CRH/AQP9/SLC14A1",17
"GO:0051216","GO:0051216","cartilage development","23/1675","136/18842",0.169117647058824,1.90239683933275,3.29904873813819,0.0019751856574341,0.0156156401301113,0.0156156401301113,"TGFBR2/PRKG2/NR5A2/RFLNB/WNT2B/GDF2/HYAL1/GHR/PKDCC/WNT7A/SOX5/ACVRL1/ZBTB16/EFEMP1/HYAL2/OGN/WNT9A/WNT11/IHH/BMPR2/FGF2/BMP2/SMAD7",23
"GO:0022408","GO:0022408","negative regulation of cell-cell adhesion","30/1675","194/18842",0.154639175257732,1.73952915833205,3.23409083572231,0.00197523346318319,0.0156156401301113,0.0156156401301113,"PLA2G5/KLF4/CD69/NOTCH4/TNFAIP8L2/HLA-E/PRKG1/VSIR/VSIG4/APOA1/PODXL/ADTRP/MIR221/SPN/PPM1F/MYADM/CXCL12/SPI1/SFTPD/NOTCH1/CRTAM/IHH/RGCC/LAPTM5/CTSG/PDCD1LG2/MIR222/PLA2G2A/BMP2/SMAD7",30
"GO:0001657","GO:0001657","ureteric bud development","14/1675","67/18842",0.208955223880597,2.35052795722878,3.45910053378451,0.00198986000124928,0.0156993178790196,0.0156993178790196,"ROBO2/SMAD6/TCF21/CAT/SLIT2/FGFR2/NPNT/WNT11/AGTR2/GPC3/FGF2/BMPER/BMP2/SMAD7",14
"GO:0001818","GO:0001818","negative regulation of cytokine production","50/1675","371/18842",0.134770889487871,1.51603170133162,3.13566970395929,0.00199195646206916,0.0156993178790196,0.0156993178790196,"KLF4/TNFAIP3/CMKLR1/FFAR4/AGER/TYROBP/KLF2/NCKAP1L/QKI/SLC11A1/NMBR/VSIR/VSIG4/LILRA5/NFKBIA/FBLN1/APOA1/GBP7/MEFV/IL1A/IL33/MIR221/CD33/GAS6/CARD16/IL1B/BTK/PTGER4/GATA6/SIGLEC1/SFTPD/IL1RL1/CX3CR1/SIRPA/TGFB2/IL6/TLR4/CX3CL1/KLF15/IL20RA/SRGN/RGCC/LAPTM5/ZFP36/ARRB1/PDCD1LG2/MIR222/IL13/CD34/SMAD7",50
"GO:0016055","GO:0016055","Wnt signaling pathway","57/1675","436/18842",0.130733944954128,1.47062029303026,3.10560603936777,0.00205078149223635,0.0161380728196753,0.0161380728196753,"MCC/KLF4/RSPO2/MYOC/GPC5/EGR1/SOX17/NKD1/WNT2B/GNAQ/WNT3A/PRICKLE2/PRICKLE1/AMOTL1/DKK2/ZEB2/SPEF1/NKD2/TMEM88/RSPO4/LATS2/SOST/SFRP5/NFATC1/LRRK2/FGFR2/DIXDC1/WNT7A/DKK3/DCDC2/CAV1/RBMS3/WIF1/SEMA5A/DAB2IP/CALCOCO1/DAB2/SCEL/AMER2/WNT9A/WWTR1/EDN1/PTPRO/WNT11/FZD4/PCDH11Y/NDRG2/GPC3/EDNRB/ROR1/GRK5/BMP2/RECK/SOSTDC1/RSPO1/FERMT2/SMAD7",57
"GO:0045639","GO:0045639","positive regulation of myeloid cell differentiation","18/1675","97/18842",0.185567010309278,2.08743498999846,3.35396576013083,0.00206212996829768,0.0161775993678568,0.0161775993678568,"EVI2B/TYROBP/GATA1/NCKAP1L/HOXA5/MTURN/PLA2G3/MIR221/TAL1/ETS1/NEDD9/DCSTAMP/CSF3/PPARGC1B/MIR222/RHEX/IL34/PF4",18
"GO:0050905","GO:0050905","neuromuscular process","18/1675","97/18842",0.185567010309278,2.08743498999846,3.35396576013083,0.00206212996829768,0.0161775993678568,0.0161775993678568,"SLC8A3/PCDH15/SHANK3/KBTBD13/TNNI2/NRXN1/STAC3/TNNT3/CAV3/ADGRD1/KCNA1/CDH23/CA3/TUBA1A/TNNC1/SYNM/STAC/AGTPBP1",18
"GO:0034367","GO:0034367","protein-containing complex remodeling","10/1675","40/18842",0.25,2.81223880597015,3.58389745003618,0.00212568163015302,0.0165756261243726,0.0165756261243726,"PLA2G5/LPL/APOA1/PLA2G3/APOC1/ABCG1/AGTR1/GPIHBP1/CETP/PLA2G2A",10
"GO:0044060","GO:0044060","regulation of endocrine process","10/1675","40/18842",0.25,2.81223880597015,3.58389745003618,0.00212568163015302,0.0165756261243726,0.0165756261243726,"ECRG4/GNAQ/DAB2/CRH/AGTR1/GJA1/RETN/PDE1C/CRHBP/CRY2",10
"GO:0071398","GO:0071398","cellular response to fatty acid","10/1675","40/18842",0.25,2.81223880597015,3.58389745003618,0.00212568163015302,0.0165756261243726,0.0165756261243726,"LDLR/PDK4/LPL/UCP1/FFAR3/CAV3/EDN1/JUND/PID1/CAMP",10
"GO:0009755","GO:0009755","hormone-mediated signaling pathway","32/1675","212/18842",0.150943396226415,1.69795550549141,3.19228323590955,0.00212582810119031,0.0165756261243726,0.0165756261243726,"RXFP2/CYP26B1/NR5A2/ZNF366/PPARG/LBH/KLF2/GNAQ/THRB/PGR/DEFA3/TCF21/SSTR1/LATS2/GHR/RXRG/PER1/TSHB/KANK2/CALCOCO1/DAB2/FSHR/CRH/RXFP1/NR4A3/SSTR4/GPER1/OSTN/PPARGC1B/CRHBP/AGRP/CRY2",32
"GO:0034219","GO:0034219","carbohydrate transmembrane transport","20/1675","113/18842",0.176991150442478,1.99096552635055,3.30029415585293,0.00217248903075709,0.0169136703079491,0.0169136703079491,"AQP1/PPBP/FFAR4/TRARG1/CARTPT/SORBS1/PTPRM/SLC2A9/SLC5A9/PLA2G1B/SLC2A3/IL1B/SLC5A4/ITLN1/INPP5K/NR4A3/AQP9/PID1/AQP10/PIK3R1",20
"GO:0001952","GO:0001952","regulation of cell-matrix adhesion","21/1675","121/18842",0.173553719008264,1.95229801406192,3.28256412700802,0.00219245333111131,0.0170172970995969,0.0170172970995969,"ARHGAP6/AJAP1/MYOC/PLPP3/RRAS/UTRN/PPM1F/FAM107A/TEK/ACVRL1/DLC1/BST1/GPM6B/PHLDB2/CX3CL1/CDH13/PEAK1/EMP2/LIMCH1/CD36/FERMT2",21
"GO:0048639","GO:0048639","positive regulation of developmental growth","21/1675","121/18842",0.173553719008264,1.95229801406192,3.28256412700802,0.00219245333111131,0.0170172970995969,0.0170172970995969,"ACACB/SYT4/ERBB4/NRG1/VIM/CDKL5/GHR/FGFR2/SEMA5A/CAPN3/CXCL12/NOTCH1/BDNF/EDN1/TBX2/TRPV2/BMPR2/FGF2/MIR222/TGFBR3/SMAD7",21
"GO:0071496","GO:0071496","cellular response to external stimulus","15/1675","75/18842",0.2,2.24979104477612,3.38752719228788,0.00221124894878894,0.0171371793531143,0.0171371793531143,"AQP1/ANKRD1/PDE2A/MAG/PECAM1/ATP1A2/IL1B/TEK/PTGER4/GAB1/CASP5/TLR4/TLR8/FGF2/IL13",15
"GO:0072009","GO:0072009","nephron epithelium development","17/1675","90/18842",0.188888888888889,2.12480265339967,3.34107301435566,0.00222567340960733,0.0172228736613335,0.0172228736613336,"AQP1/TCF21/PODXL/IRX1/PECAM1/NOTCH1/NPNT/EDN1/PTPRO/KLF15/WNT11/AGTR2/GPC3/FGF2/SLC22A6/BMP2/CD34",17
"GO:0048710","GO:0048710","regulation of astrocyte differentiation","7/1675","22/18842",0.318181818181818,3.57921302578019,3.78094988684171,0.00223315009563996,0.0172546264942574,0.0172546264942574,"LDLR/QKI/MAG/NOTCH1/IL6/NTRK3/BMP2",7
"GO:0014015","GO:0014015","positive regulation of gliogenesis","11/1675","47/18842",0.234042553191489,2.63273420133376,3.50070432384409,0.00229583895288525,0.0176475247990922,0.0176475247990922,"MYRF/QKI/PTN/MAG/IL1B/NOTCH1/PRKCH/IL6/IL34/BMP2/EGR2",11
"GO:0120316","GO:0120316","sperm flagellum assembly","11/1675","47/18842",0.234042553191489,2.63273420133376,3.50070432384409,0.00229583895288525,0.0176475247990922,0.0176475247990922,"LRRC46/CFAP206/DRC7/CFAP61/CFAP43/DNAH12/CFAP65/CCDC181/CFAP53/CFAP58/CFAP47",11
"GO:0019233","GO:0019233","sensory perception of pain","14/1675","68/18842",0.205882352941176,2.31596136962248,3.39571604821941,0.0023047011858834,0.0176475247990922,0.0176475247990922,"P2RX7/CARTPT/CHRNA4/MME/PDYN/TMEM100/RETREG1/CCL2/PROK2/FABP5/CXCL12/KCNA1/SCN1A/PENK",14
"GO:0030534","GO:0030534","adult behavior","14/1675","68/18842",0.205882352941176,2.31596136962248,3.39571604821941,0.0023047011858834,0.0176475247990922,0.0176475247990922,"SNCA/SHANK3/SLC1A1/CARTPT/NRXN1/CHRNA4/SLC6A4/CXCL12/PENK/TUBA1A/FOSB/FGF2/CRHBP/AGRP",14
"GO:0072163","GO:0072163","mesonephric epithelium development","14/1675","68/18842",0.205882352941176,2.31596136962248,3.39571604821941,0.0023047011858834,0.0176475247990922,0.0176475247990922,"ROBO2/SMAD6/TCF21/CAT/SLIT2/FGFR2/NPNT/WNT11/AGTR2/GPC3/FGF2/BMPER/BMP2/SMAD7",14
"GO:0072164","GO:0072164","mesonephric tubule development","14/1675","68/18842",0.205882352941176,2.31596136962248,3.39571604821941,0.0023047011858834,0.0176475247990922,0.0176475247990922,"ROBO2/SMAD6/TCF21/CAT/SLIT2/FGFR2/NPNT/WNT11/AGTR2/GPC3/FGF2/BMPER/BMP2/SMAD7",14
"GO:0140115","GO:0140115","export across plasma membrane","18/1675","98/18842",0.183673469387755,2.06613463295766,3.30526380959133,0.0023207053821135,0.0177435097601054,0.0177435097601054,"FXYD1/SLC8A3/KCNB1/KCNIP1/SLC24A4/FXYD6/ATP1B2/SLC15A2/ATP1A2/ABCB1/ABCG1/RGS9/KCNE1/GJA1/ATP2B3/ABCG2/KCNT2/KCNA5",18
"GO:0099623","GO:0099623","regulation of cardiac muscle cell membrane repolarization","8/1675","28/18842",0.285714285714286,3.21398720682303,3.66206231188739,0.0023608278700576,0.0180032609175561,0.0180032609175561,"GJA5/CASQ2/CAV3/SCN4B/KCNE1/NOS1/KCNH6/KCNA5",8
"GO:0010976","GO:0010976","positive regulation of neuron projection development","24/1675","146/18842",0.164383561643836,1.84914332447352,3.21732737966036,0.0023617180988622,0.0180032609175561,0.0180032609175561,"FEZ1/ANKRD1/ZDHHC15/NTRK2/PLPPR5/NDNF/PTN/SCARF1/ATP1B2/APBB1/PLA2G3/MIR221/DAB2IP/BDNF/NDRG4/COBL/CX3CL1/ALKAL2/NTRK3/PTPRD/MIR222/DDR2/KAT2B/AMIGO1",24
"GO:0055021","GO:0055021","regulation of cardiac muscle tissue growth","12/1675","54/18842",0.222222222222222,2.49976782752902,3.44740902387292,0.00236619133424921,0.018010518861138,0.018010518861138,"RBP4/ERBB4/NRG1/TBX5/CAV3/FGFR2/NOTCH1/EDN1/TBX2/FGF2/MIR222/TGFBR3",12
"GO:0048041","GO:0048041","focal adhesion assembly","16/1675","83/18842",0.192771084337349,2.16847329616975,3.33246174809584,0.00238513849062959,0.0181277613366573,0.0181277613366573,"ARHGAP6/MYOC/THSD1/CORO2B/SORBS1/ACTN2/PPM1F/FAM107A/TEK/ACVRL1/DLC1/GPM6B/PHLDB2/PEAK1/LIMCH1/FERMT2",16
"GO:0071675","GO:0071675","regulation of mononuclear cell migration","23/1675","138/18842",0.166666666666667,1.87482587064677,3.22185574042612,0.00239945719619439,0.0182095305022764,0.0182095305022764,"DOCK8/GCSAML/CMKLR1/CD69/AGER/JAM2/RARRES2/ADTRP/JAM3/SPN/SLIT2/CCL2/GAS6/C5AR1/DUSP1/CXCL12/SPI1/CX3CR1/CX3CL1/NEDD9/IL34/FPR2/P2RY12",23
"GO:0090130","GO:0090130","tissue migration","17/1675","91/18842",0.186813186813187,2.10145317369198,3.28993028206969,0.00251512656535238,0.0190590701952258,0.0190590701952258,"MCC/GLIPR2/ZEB2/MIR221/PPM1F/PRKCE/FGF10/SASH1/ACTG2/TACR1/KANK2/DAB2IP/ENPP2/TGFB2/HBEGF/BMPR2/MIR222",17
"GO:0014013","GO:0014013","regulation of gliogenesis","15/1675","76/18842",0.197368421052632,2.22018853102907,3.32935461962164,0.00253317234819381,0.0191277193656033,0.0191277193656033,"LDLR/MYRF/QKI/PTN/CNTFR/NEGR1/MAG/IL1B/NOTCH1/PRKCH/IL6/NTRK3/IL34/BMP2/EGR2",15
"GO:0009713","GO:0009713","catechol-containing compound biosynthetic process","6/1675","17/18842",0.352941176470588,3.97021949078139,3.82699318445414,0.00256119987454461,0.0191277193656033,0.0191277193656033,"SNCA/DAO/ALDH2/PNMT/TGFB2/KL",6
"GO:0032332","GO:0032332","positive regulation of chondrocyte differentiation","6/1675","17/18842",0.352941176470588,3.97021949078139,3.82699318445414,0.00256119987454461,0.0191277193656033,0.0191277193656033,"PRKG2/PKDCC/SOX5/ACVRL1/ZBTB16/SMAD7",6
"GO:0033623","GO:0033623","regulation of integrin activation","6/1675","17/18842",0.352941176470588,3.97021949078139,3.82699318445414,0.00256119987454461,0.0191277193656033,0.0191277193656033,"JAM3/SELP/RASIP1/PTGER4/P2RY12/FERMT2",6
"GO:0036005","GO:0036005","response to macrophage colony-stimulating factor","6/1675","17/18842",0.352941176470588,3.97021949078139,3.82699318445414,0.00256119987454461,0.0191277193656033,0.0191277193656033,"PDE2A/ALPL/TLR4/DCSTAMP/PDE1B/IL34",6
"GO:0042423","GO:0042423","catecholamine biosynthetic process","6/1675","17/18842",0.352941176470588,3.97021949078139,3.82699318445414,0.00256119987454461,0.0191277193656033,0.0191277193656033,"SNCA/DAO/ALDH2/PNMT/TGFB2/KL",6
"GO:0036302","GO:0036302","atrioventricular canal development","5/1675","12/18842",0.416666666666667,4.68706467661692,3.99078559340778,0.00256532072039177,0.0191277193656033,0.0191277193656033,"ENG/TBX3/GATA6/TBX2/BMP2",5
"GO:0042045","GO:0042045","epithelial fluid transport","5/1675","12/18842",0.416666666666667,4.68706467661692,3.99078559340778,0.00256532072039177,0.0191277193656033,0.0191277193656033,"AQP1/CFTR/EDN1/EDNRB/CLDN18",5
"GO:0062042","GO:0062042","regulation of cardiac epithelial to mesenchymal transition","5/1675","12/18842",0.416666666666667,4.68706467661692,3.99078559340778,0.00256532072039177,0.0191277193656033,0.0191277193656033,"TGFBR2/ENG/NOTCH1/TGFB2/EMP2",5
"GO:1900426","GO:1900426","positive regulation of defense response to bacterium","5/1675","12/18842",0.416666666666667,4.68706467661692,3.99078559340778,0.00256532072039177,0.0191277193656033,0.0191277193656033,"SIGLEC16/DUOX1/MMRN2/EMILIN2/KLK3",5
"GO:1901731","GO:1901731","positive regulation of platelet aggregation","5/1675","12/18842",0.416666666666667,4.68706467661692,3.99078559340778,0.00256532072039177,0.0191277193656033,0.0191277193656033,"PDPN/MMRN1/EMILIN2/IL6/CTSG",5
"GO:0003352","GO:0003352","regulation of cilium movement","10/1675","41/18842",0.24390243902439,2.74364761558063,3.49118088282347,0.00259103365758926,0.0192353224362396,0.0192353224362396,"CLXN/CFAP206/EPPIN/DRC2/GAS2L2/CFAP43/TACR1/DRC1/ODAD2/DNAAF1",10
"GO:0014009","GO:0014009","glial cell proliferation","10/1675","41/18842",0.24390243902439,2.74364761558063,3.49118088282347,0.00259103365758926,0.0192353224362396,0.0192353224362396,"CHRM1/NEGR1/IL33/IL1B/NOTCH1/PRKCH/IL6/CX3CL1/PENK/IL34",10
"GO:0045776","GO:0045776","negative regulation of blood pressure","10/1675","41/18842",0.24390243902439,2.74364761558063,3.49118088282347,0.00259103365758926,0.0192353224362396,0.0192353224362396,"ADRB1/APLN/GJA5/FFAR3/ADRB2/CRH/KL/AGTR2/BMPR2/NOS1",10
"GO:0045637","GO:0045637","regulation of myeloid cell differentiation","29/1675","189/18842",0.153439153439153,1.72603016662718,3.13345455131094,0.00261468585678131,0.0193827799383137,0.0193827799383137,"EVI2B/TYROBP/GATA1/NCKAP1L/QKI/CARTPT/HOXA5/MTURN/LILRB3/PLA2G3/MIR221/TAL1/ETS1/TMEM178A/ZBTB16/SPI1/KLF13/TLR4/NEDD9/UBASH3B/C1QC/ZFP36/DCSTAMP/CSF3/PPARGC1B/MIR222/RHEX/IL34/PF4",29
"GO:0120193","GO:0120193","tight junction organization","14/1675","69/18842",0.202898550724638,2.28239671209172,3.33343720289317,0.00265952037402539,0.0196866088468016,0.0196866088468016,"CLDN19/GDF2/PECAM1/CDH5/IL1B/ACVRL1/GPBAR1/ESAM/RAMP2/PRKCH/MYLK3/CLDN11/CLDN18/CLDN5",14
"GO:0141060","GO:0141060","disruption of anatomical structure in another organism","20/1675","115/18842",0.173913043478261,1.95634003893576,3.21321163247066,0.00268967974745536,0.0198810865725927,0.0198810865725927,"PPBP/C6/DAO/DEFA3/GBP7/DEFA4/C7/CXCL3/CXCL12/CXCL2/C8B/NKG7/PRF1/CTSG/S100A12/LYZ/PLA2G2A/CCL18/PF4/PGLYRP1",20
"GO:0002043","GO:0002043","blood vessel endothelial cell proliferation involved in sprouting angiogenesis","12/1675","55/18842",0.218181818181818,2.45431750339213,3.37383652095457,0.00278625408386887,0.0205355758486877,0.0205355758486877,"MIR126/JCAD/MMRN2/APLNR/GATA2/PPP1R16B/ACVRL1/SEMA5A/AGTR1/FGF2/BMPER/MIR222",12
"GO:0071827","GO:0071827","plasma lipoprotein particle organization","12/1675","55/18842",0.218181818181818,2.45431750339213,3.37383652095457,0.00278625408386887,0.0205355758486877,0.0205355758486877,"PLA2G5/LPL/APOA1/PLA2G3/APOC1/LPCAT3/ABCG1/MFSD2A/AGTR1/GPIHBP1/CETP/PLA2G2A",12
"GO:0048863","GO:0048863","stem cell differentiation","29/1675","190/18842",0.152631578947368,1.71694579732914,3.10250576581532,0.00283012541002669,0.020828908593218,0.020828908593218,"TGFBR2/GPM6A/MYOCD/NR5A2/LBH/RADIL/PRICKLE1/SEMA6A/SEMA3B/SEMA3G/PTN/ERBB4/NRG1/SEMA6D/SEMA3D/TBX5/RBM24/FGFR2/WNT7A/SOX5/ACE/SEMA5A/NOTCH1/TGFB2/EDN1/TBX2/MEOX1/BMPR2/FGF2",29
"GO:1903037","GO:1903037","regulation of leukocyte cell-cell adhesion","48/1675","359/18842",0.133704735376045,1.50403858146593,3.01187504460733,0.0028385301523577,0.0208607496110771,0.0208607496110771,"DOCK8/PLA2G5/TGFBR2/KLF4/MAP3K8/HLA-DRA/NR5A2/CD69/PRKCQ/GPR65/AGER/TNFAIP8L2/HLA-E/NCKAP1L/VSIR/VSIG4/HLA-DPA1/IL7R/IL1A/TFRC/ADTRP/HLA-DRB5/MIR221/SPN/SELP/SELE/CCL2/CAV1/IL1B/ETS1/ZBTB16/CXCL12/SFTPD/NFKBIZ/SIRPA/NR4A3/IL6/CRTAM/IHH/LAPTM5/CTSG/PDCD1LG2/SIRPB1/MIR222/ALOX5/PLA2G2A/HLA-DOA/SMAD7",48
"GO:0032232","GO:0032232","negative regulation of actin filament bundle assembly","9/1675","35/18842",0.257142857142857,2.89258848614072,3.50060114464614,0.00284971022134018,0.0208829051320272,0.0208829051320272,"ARHGAP6/SHANK3/MYOC/DLC1/S1PR1/INPP5K/PHLDB2/CGNL1/PIK3R1",9
"GO:0051385","GO:0051385","response to mineralocorticoid","9/1675","35/18842",0.257142857142857,2.89258848614072,3.50060114464614,0.00284971022134018,0.0208829051320272,0.0208829051320272,"CARTPT/FOS/SCNN1G/CRH/CYBB/EDN1/GPER1/FOSB/NTRK3",9
"GO:0032370","GO:0032370","positive regulation of lipid transport","15/1675","77/18842",0.194805194805195,2.19135491374297,3.27208378371365,0.00289288126491754,0.0211386966715046,0.0211386966715046,"PPARG/ECRG4/ABCA8/APOA1/CES1/LPCAT3/CAV1/IL1B/ABCG1/DAB2/CRH/EDN1/ABCA3/RETN/CETP",15
"GO:0048754","GO:0048754","branching morphogenesis of an epithelial tube","15/1675","77/18842",0.194805194805195,2.19135491374297,3.27208378371365,0.00289288126491754,0.0211386966715046,0.0211386966715046,"TGFBR2/ENG/GDF2/NOTCH4/TIE1/TCF21/SLIT2/FGF10/FGFR2/RASIP1/NPNT/TBX2/AGTR2/FGF2/BMP2",15
"GO:0015849","GO:0015849","organic acid transport","45/1675","332/18842",0.135542168674699,1.52470778636936,3.01297493170139,0.00290540991392953,0.0211697602702985,0.0211697602702985,"PLA2G5/KMO/SLC16A11/SLCO1A2/PPARG/SLC1A1/SLC22A8/RBP2/SLC16A6/SLC22A4/SYT4/NMUR2/CES1/NPY5R/SLC17A8/PLA2G3/PLA2G1B/FABP12/ATP1A2/ABCB1/IL1B/SLC51B/SLC27A6/ACE/FABP4/FABP5/SLC7A7/FOLR3/SLCO2A1/SLC27A3/CRH/MFSD2A/SLC6A13/EDN1/SLCO2B1/SLC19A1/GJA1/LRRC8C/SLC22A6/SLC5A7/CD36/PLA2G2A/SLC26A3/RBP7/ABCG2",45
"GO:0046942","GO:0046942","carboxylic acid transport","45/1675","332/18842",0.135542168674699,1.52470778636936,3.01297493170139,0.00290540991392953,0.0211697602702985,0.0211697602702985,"PLA2G5/KMO/SLC16A11/SLCO1A2/PPARG/SLC1A1/SLC22A8/RBP2/SLC16A6/SLC22A4/SYT4/NMUR2/CES1/NPY5R/SLC17A8/PLA2G3/PLA2G1B/FABP12/ATP1A2/ABCB1/IL1B/SLC51B/SLC27A6/ACE/FABP4/FABP5/SLC7A7/FOLR3/SLCO2A1/SLC27A3/CRH/MFSD2A/SLC6A13/EDN1/SLCO2B1/SLC19A1/GJA1/LRRC8C/SLC22A6/SLC5A7/CD36/PLA2G2A/SLC26A3/RBP7/ABCG2",45
"GO:0061351","GO:0061351","neural precursor cell proliferation","18/1675","100/18842",0.18,2.02481194029851,3.20958134386092,0.00291976713234095,0.021244109362623,0.021244109362623,"EML1/WNT3A/PTN/CNTFR/TRIM71/SLC6A4/LRRK2/GATA2/FGFR2/DIXDC1/WNT7A/SOX5/NOTCH1/CX3CR1/NES/KCNA1/CX3CL1/NTRK3",18
"GO:0120254","GO:0120254","olefinic compound metabolic process","26/1675","165/18842",0.157575757575758,1.77256264133876,3.11339549622382,0.00292417481330162,0.0212459576278946,0.0212459576278946,"CYP2A6/ADH1A/EGR1/PTGDS/CYP17A1/CYP1A2/HSD17B6/RBP4/CYP2A13/CYP3A7/ALOX15/ALDH1A2/CES1/PTGIS/HPGDS/DKK3/ABHD6/DAB2/CYP2F1/ALDH1A1/AWAT2/ADH1B/EDNRB/ALOX5/CYP1A1/BMP2",26
"GO:0010721","GO:0010721","negative regulation of cell development","33/1675","225/18842",0.146666666666667,1.64984676616915,3.06308852736733,0.00293018054191058,0.021259394995564,0.021259394995564,"LDLR/RFLNB/CD69/TTPA/QKI/CARTPT/WNT3A/IL17D/SYT4/SEMA3G/PTN/CNTFR/NEGR1/SEMA6D/LILRB3/CLEC12A/MAG/MIR221/CAV3/WNT7A/IL1B/TMEM178A/SEMA5A/NOTCH1/IL6/TLR4/C1QC/IHH/EDNRB/NTRK3/MIR222/DCC/SMAD7",33
"GO:0010562","GO:0010562","positive regulation of phosphorus metabolic process","42/1675","305/18842",0.137704918032787,1.54903645705897,3.0195592444682,0.00293904346226822,0.0212633766753917,0.0212633766753917,"MUSK/SNCA/CD244/CASS4/P2RX7/LILRA5/SPATA18/ERBB4/NRG1/RARRES2/NEK10/P2RY1/PDGFB/CIMAP3/DIPK2A/FGF10/RASSF2/SASH1/GAS6/IL20/ITLN1/ANGPT1/PTH1R/FLT4/IL6/NEDD9/ADCYAP1R1/S100A12/GPER1/ARRB1/PID1/FGF2/ADCY8/LIMCH1/DDR2/IL34/BMP2/ODAM/ANGPT4/RSPO1/IL13/PIK3R5",42
"GO:0045937","GO:0045937","positive regulation of phosphate metabolic process","42/1675","305/18842",0.137704918032787,1.54903645705897,3.0195592444682,0.00293904346226822,0.0212633766753917,0.0212633766753917,"MUSK/SNCA/CD244/CASS4/P2RX7/LILRA5/SPATA18/ERBB4/NRG1/RARRES2/NEK10/P2RY1/PDGFB/CIMAP3/DIPK2A/FGF10/RASSF2/SASH1/GAS6/IL20/ITLN1/ANGPT1/PTH1R/FLT4/IL6/NEDD9/ADCYAP1R1/S100A12/GPER1/ARRB1/PID1/FGF2/ADCY8/LIMCH1/DDR2/IL34/BMP2/ODAM/ANGPT4/RSPO1/IL13/PIK3R5",42
"GO:0032958","GO:0032958","inositol phosphate biosynthetic process","7/1675","23/18842",0.304347826086957,3.42359506813757,3.6327698444986,0.00296673917146419,0.0213730575521681,0.0213730575521681,"SNCA/CD244/P2RY1/PTH1R/ITPKC/ADCYAP1R1/GPER1",7
"GO:0060307","GO:0060307","regulation of ventricular cardiac muscle cell membrane repolarization","7/1675","23/18842",0.304347826086957,3.42359506813757,3.6327698444986,0.00296673917146419,0.0213730575521681,0.0213730575521681,"GJA5/CASQ2/CAV3/SCN4B/KCNE1/NOS1/KCNH6",7
"GO:0060914","GO:0060914","heart formation","7/1675","23/18842",0.304347826086957,3.42359506813757,3.6327698444986,0.00296673917146419,0.0213730575521681,0.0213730575521681,"ROBO2/SOX17/GATA5/NOTCH1/WNT11/EMP2/BMP2",7
"GO:0006941","GO:0006941","striated muscle contraction","34/1675","234/18842",0.145299145299145,1.63446357953821,3.05054161548804,0.00298308074376156,0.0214424119946464,0.0214424119946464,"SLC8A3/KBTBD13/GJA5/TNNI2/ADRA1A/STAC3/TNNT3/JPH4/JPH2/CASQ2/MYL3/CAV3/SCN4B/ATP1A2/ADRB2/CAV1/ADGRD1/SCN3B/LMOD3/KCNE1/SCN7A/SCN2B/SCN1A/KLHL41/KCNJ5/GJA1/CA3/NOS1/TNNC1/SYNM/SMAD7/KCNA5/STAC/KCNJ8",34
"GO:0030833","GO:0030833","regulation of actin filament polymerization","20/1675","116/18842",0.172413793103448,1.9394750386001,3.17032589196763,0.00298475021313553,0.0214424119946464,0.0214424119946464,"TMOD1/CYRIA/SPTBN1/NCKAP1L/PREX1/ARHGAP18/ALOX15/HCK/CCL24/SLIT2/PRKCE/MYADM/RDX/LMOD3/KANK2/ESAM/KANK4/KANK3/LMOD1/CSF3",20
"GO:0045687","GO:0045687","positive regulation of glial cell differentiation","8/1675","29/18842",0.275862068965517,3.10316006176016,3.54041746266966,0.0030097038683228,0.0215611138465982,0.0215611138465982,"MYRF/QKI/PTN/MAG/NOTCH1/IL34/BMP2/EGR2",8
"GO:0086013","GO:0086013","membrane repolarization during cardiac muscle cell action potential","8/1675","29/18842",0.275862068965517,3.10316006176016,3.54041746266966,0.0030097038683228,0.0215611138465982,0.0215611138465982,"CASQ2/KCNE1/SCN2B/KCNJ5/NOS1/KCNH6/KCNA5/KCNJ8",8
"GO:0050672","GO:0050672","negative regulation of lymphocyte proliferation","14/1675","70/18842",0.2,2.24979104477612,3.27222631283267,0.00305802673039636,0.0218766527636047,0.0218766527636047,"PLA2G5/TYROBP/HLA-E/VSIR/VSIG4/SPN/MNDA/SFTPD/LST1/CRTAM/IHH/LAPTM5/PDCD1LG2/PLA2G2A",14
"GO:0010631","GO:0010631","epithelial cell migration","16/1675","85/18842",0.188235294117647,2.11745039508341,3.22528579582363,0.00306702936004747,0.021910412257881,0.021910412257881,"MCC/GLIPR2/ZEB2/MIR221/PPM1F/PRKCE/FGF10/SASH1/TACR1/KANK2/DAB2IP/ENPP2/TGFB2/HBEGF/BMPR2/MIR222",16
"GO:0032535","GO:0032535","regulation of cellular component size","41/1675","297/18842",0.138047138047138,1.55288607467712,2.99994045352788,0.00312687402160293,0.0222987260909429,0.0222987260909429,"AQP1/SHANK3/TMOD1/P2RX7/CYRIA/SPTBN1/NCKAP1L/PREX1/ARHGAP18/SEMA3G/ACTN2/ALOX15/SLC12A4/SEMA6D/HCK/VIM/CDKL5/CFL2/CCL24/MAG/SLIT2/PRKCE/CAV3/MYADM/RDX/LMOD3/KANK2/SEMA5A/ESAM/CXCL12/KANK4/BDNF/EDN1/KANK3/LMOD1/TRPV2/BMPR2/PLEKHH2/CSF3/AQP4/DCC",41
"GO:0001947","GO:0001947","heart looping","10/1675","42/18842",0.238095238095238,2.67832267235252,3.40120930805944,0.00313446413673274,0.0222987260909429,0.0222987260909429,"TGFBR2/ENG/SOX17/APLNR/SOX18/NOTCH1/NDRG4/TBX2/IHH/DNAAF1",10
"GO:0008038","GO:0008038","neuron recognition","10/1675","42/18842",0.238095238095238,2.67832267235252,3.40120930805944,0.00313446413673274,0.0222987260909429,0.0222987260909429,"ROBO2/CNTN4/CRTAC1/NEXN/SEMA5A/ROBO4/CNTN6/NTM/PCDH12/AMIGO1",10
"GO:0031100","GO:0031100","animal organ regeneration","11/1675","49/18842",0.224489795918367,2.52527566250381,3.33933893144396,0.00325856587906684,0.0230659178770195,0.0230659178770195,"VTN/GATA1/SLC22A4/GAS6/LCP1/CXCL12/NOTCH1/IL6/IHH/CA3/TGFBR3",11
"GO:0007187","GO:0007187","G protein-coupled receptor signaling pathway, coupled to cyclic nucleotide second messenger","12/1675","56/18842",0.214285714285714,2.41049040511727,3.30186389665387,0.00326485328308155,0.0230659178770195,0.0230659178770195,"CHRM2/CNR1/CHRM4/CHRM1/SSTR1/VIPR1/CCL2/PTGIR/PTH1R/SSTR4/AGTR2/CALCRL",12
"GO:0035050","GO:0035050","embryonic heart tube development","12/1675","56/18842",0.214285714285714,2.41049040511727,3.30186389665387,0.00326485328308155,0.0230659178770195,0.0230659178770195,"TGFBR2/ENG/SOX17/APLNR/CITED2/SOX18/NOTCH1/NDRG4/EDN1/TBX2/IHH/DNAAF1",12
"GO:0071715","GO:0071715","icosanoid transport","12/1675","56/18842",0.214285714285714,2.41049040511727,3.30186389665387,0.00326485328308155,0.0230659178770195,0.0230659178770195,"PLA2G5/SLC22A8/NMUR2/PLA2G3/PLA2G1B/IL1B/ACE/SLCO2A1/EDN1/SLCO2B1/SLC22A6/PLA2G2A",12
"GO:0099172","GO:0099172","presynapse organization","12/1675","56/18842",0.214285714285714,2.41049040511727,3.30186389665387,0.00326485328308155,0.0230659178770195,0.0230659178770195,"SNCA/MDGA1/NRXN1/WNT3A/LRRC4B/PCDH17/WNT7A/C5AR1/SLITRK3/NTRK3/PTPRD/SLITRK2",12
"GO:0002696","GO:0002696","positive regulation of leukocyte activation","44/1675","325/18842",0.135384615384615,1.52293547646383,2.97041172094858,0.00328171991965086,0.023153099846916,0.023153099846916,"DOCK8/TGFBR2/MAP3K8/HLA-DRA/NR5A2/PRKCQ/TNFSF13/GPR65/CLEC4D/AGER/TYROBP/HLA-E/NCKAP1L/VSIR/HLA-DPA1/IL7R/TSLP/IL1A/TFRC/LRRK2/IL33/HLA-DRB5/CCL2/FGF10/GAS6/CAV1/IL1B/BTK/TACR1/ZBTB16/SPI1/FCGR3A/IL1RL1/NFKBIZ/SIRPA/NR4A3/IL6/TLR4/IHH/JUND/PDCD1LG2/SIRPB1/IL13/HLA-DOA",44
"GO:0007631","GO:0007631","feeding behavior","16/1675","86/18842",0.186046511627907,2.09282887886151,3.17280552810359,0.00346404420404616,0.0244057659830525,0.0244057659830525,"SLC24A4/APLN/CARTPT/NPY2R/NMUR2/P2RY1/NPY5R/LEPR/FOS/TACR1/CRH/NR4A3/PENK/PRLH/RETN/AGRP",16
"GO:0032945","GO:0032945","negative regulation of mononuclear cell proliferation","14/1675","71/18842",0.197183098591549,2.21810384696237,3.21204751585647,0.00350411754731897,0.0245916608488372,0.0245916608488372,"PLA2G5/TYROBP/HLA-E/VSIR/VSIG4/SPN/MNDA/SFTPD/LST1/CRTAM/IHH/LAPTM5/PDCD1LG2/PLA2G2A",14
"GO:0071346","GO:0071346","cellular response to type II interferon","14/1675","71/18842",0.197183098591549,2.21810384696237,3.21204751585647,0.00350411754731897,0.0245916608488372,0.0245916608488372,"GBP4/PPARG/HLA-DPA1/GBP7/HCK/DAPK1/CCL2/IRF8/FCAR/SIRPA/EDN1/TLR4/CAMK2A/AQP4",14
"GO:0022029","GO:0022029","telencephalon cell migration","9/1675","36/18842",0.25,2.81223880597015,3.39962204855687,0.00350485254326536,0.0245916608488372,0.0245916608488372,"SRGAP2C/LRRK2/SLIT2/DIXDC1/LHX6/DAB2IP/CXCL12/ARL13B/P2RY12",9
"GO:0043252","GO:0043252","sodium-independent organic anion transport","6/1675","18/18842",0.333333333333333,3.74965174129353,3.645609639123,0.00355580381864453,0.02480562555666,0.02480562555666,"SLCO1A2/SLC22A4/SLCO4C1/SLCO2A1/SLCO2B1/SLC22A6",6
"GO:0060353","GO:0060353","regulation of cell adhesion molecule production","6/1675","18/18842",0.333333333333333,3.74965174129353,3.645609639123,0.00355580381864453,0.02480562555666,0.02480562555666,"NOTCH4/APOA1/MIR221/IL1B/NOTCH1/MIR222",6
"GO:0060973","GO:0060973","cell migration involved in heart development","6/1675","18/18842",0.333333333333333,3.74965174129353,3.645609639123,0.00355580381864453,0.02480562555666,0.02480562555666,"FLRT3/TBX5/NOTCH1/NDRG4/EDN1/DCHS1",6
"GO:0055002","GO:0055002","striated muscle cell development","22/1675","134/18842",0.164179104477612,1.84684339496547,3.07293942970467,0.00355955251120612,0.02480562555666,0.02480562555666,"ANKRD1/TMOD1/TBX3/PRICKLE1/ACTN2/TNNT3/MYH11/TBX5/MYL9/CAV3/MYOZ1/NEBL/SYNPO2L/CAV2/LMOD3/CAPN3/EDN1/KLHL41/MYLK3/LMOD1/PGM5/MYOM2",22
"GO:0042445","GO:0042445","hormone metabolic process","32/1675","219/18842",0.146118721461187,1.64368295508758,2.99282568030682,0.00355959514341904,0.02480562555666,0.02480562555666,"DUOX1/ADH1A/CYP26B1/NR5A2/CPA3/EGR1/CYP17A1/CYP1A2/HSD17B6/PAPSS2/BCHE/RBP4/SULT1A1/MME/CYP3A7/ALDH1A2/GHR/CES1/FFAR3/DKK3/ACE/DUOXA1/CMA1/DAB2/ALDH1A1/CHST9/AWAT2/CTSG/ADH1B/EDNRB/CYP1A1/BMP2",32
"GO:0002695","GO:0002695","negative regulation of leukocyte activation","27/1675","176/18842",0.153409090909091,1.72569199457259,3.02130947231145,0.00360573561645421,0.0250929764328752,0.0250929764328752,"PLA2G5/LDLR/TNFAIP3/CD69/TYROBP/TNFAIP8L2/HLA-E/CD300LF/VSIR/VSIG4/FGR/CLEC12A/SPN/CD33/BTK/MNDA/SFTPD/CX3CL1/LST1/CRTAM/IHH/LAPTM5/CTSG/GPER1/PDCD1LG2/PLA2G2A/SMAD7",27
"GO:0045576","GO:0045576","mast cell activation","13/1675","64/18842",0.203125,2.28494402985075,3.21633818966505,0.00368281000158084,0.0255945287473995,0.0255945287473995,"RAB44/PTGDS/GATA1/GNAQ/CD300LF/FGR/LAT2/TSLP/PLA2G3/GATA2/BTK/NR4A3/S100A12",13
"GO:0046209","GO:0046209","nitric oxide metabolic process","15/1675","79/18842",0.189873417721519,2.13587757415454,3.16013843879428,0.00373884125805024,0.025948674402886,0.025948674402886,"KLF4/KLF2/MTARC2/PTGIS/CAV1/IL1B/CX3CR1/CYGB/SIRPA/EDN1/TLR4/HBB/NOS1/CD36/CYP1A1",15
"GO:0031348","GO:0031348","negative regulation of defense response","41/1675","300/18842",0.136666666666667,1.53735721393035,2.93060711369772,0.00374587784020434,0.0259622834046683,0.0259622834046683,"KLF4/LDLR/TNFAIP3/NR5A2/CD69/PPARG/FFAR4/TNFAIP8L2/HLA-E/IL18R1/CLEC12B/VSIG4/FGR/A2M/APOA1/HCK/CLEC12A/MEFV/SAMHD1/IL1A/NPY5R/NFATC1/PTGIS/IL33/MIR221/CDH5/LPCAT3/IL1B/TEK/PTGER4/SLC39A8/KLRD1/SIRPA/NR4A3/CX3CL1/GPER1/SERPING1/MIR222/ALOX5/FPR2/IL13",41
"GO:1905952","GO:1905952","regulation of lipid localization","26/1675","168/18842",0.154761904761905,1.74090973702914,3.01309928806839,0.00375320690244166,0.0259778799810407,0.0259778799810407,"OSBPL6/ACACB/PPARG/PCSK9/ECRG4/ABCA8/LPL/NFKBIA/APOA1/CES1/APOC1/LPCAT3/CAV1/IL1B/ABCG1/DAB2/CRH/AGTR1/EDN1/ABCA3/IL6/MSR1/RETN/CD36/CETP/CRY2",26
"GO:0010761","GO:0010761","fibroblast migration","10/1675","43/18842",0.232558139534884,2.61603609857688,3.31382895593706,0.00376484874815308,0.0260232450632473,0.0260232450632473,"HAS1/ZEB2/PDLIM1/PRKCE/TNS1/HYAL2/CYGB/AKAP12/FGF2/DDR2",10
"GO:0048645","GO:0048645","animal organ formation","8/1675","30/18842",0.266666666666667,2.99972139303483,3.42392948524699,0.0037892499465216,0.0260546840997169,0.0260546840997169,"ROBO2/SOX17/GATA5/CITED2/NOTCH1/WNT11/EMP2/BMP2",8
"GO:0051497","GO:0051497","negative regulation of stress fiber assembly","8/1675","30/18842",0.266666666666667,2.99972139303483,3.42392948524699,0.0037892499465216,0.0260546840997169,0.0260546840997169,"ARHGAP6/MYOC/DLC1/S1PR1/INPP5K/PHLDB2/CGNL1/PIK3R1",8
"GO:0090330","GO:0090330","regulation of platelet aggregation","8/1675","30/18842",0.266666666666667,2.99972139303483,3.42392948524699,0.0037892499465216,0.0260546840997169,0.0260546840997169,"PRKCQ/PRKG1/PDPN/MMRN1/EMILIN2/IL6/CTSG/CELA2B",8
"GO:0044331","GO:0044331","cell-cell adhesion mediated by cadherin","12/1675","57/18842",0.210526315789474,2.36820109976434,3.23142395553624,0.0038077197544901,0.0260546840997169,0.0260546840997169,"FAT3/NOTCH4/FAT4/PPM1F/CDH5/CDHR3/NOTCH1/CDH13/RGCC/CDH10/CDH19/SMAD7",12
"GO:0071825","GO:0071825","protein-lipid complex organization","12/1675","57/18842",0.210526315789474,2.36820109976434,3.23142395553624,0.0038077197544901,0.0260546840997169,0.0260546840997169,"PLA2G5/LPL/APOA1/PLA2G3/APOC1/LPCAT3/ABCG1/MFSD2A/AGTR1/GPIHBP1/CETP/PLA2G2A",12
"GO:0141161","GO:0141161","regulation of cAMP/PKA signal transduction","11/1675","50/18842",0.22,2.47477014925373,3.26163242303973,0.00384857862951394,0.0260546840997169,0.0260546840997169,"PDE4C/PDE2A/PDE8B/NRXN1/LRRK2/RAMP3/VIP/CRH/PDE1C/PDE1B/PDE5A",11
"GO:0002002","GO:0002002","regulation of angiotensin levels in blood","5/1675","13/18842",0.384615384615385,4.32652123995408,3.7476629574949,0.00386572437153044,0.0260546840997169,0.0260546840997169,"CPA3/MME/ACE/CMA1/CTSG",5
"GO:0002003","GO:0002003","angiotensin maturation","5/1675","13/18842",0.384615384615385,4.32652123995408,3.7476629574949,0.00386572437153044,0.0260546840997169,0.0260546840997169,"CPA3/MME/ACE/CMA1/CTSG",5
"GO:0003174","GO:0003174","mitral valve development","5/1675","13/18842",0.384615384615385,4.32652123995408,3.7476629574949,0.00386572437153044,0.0260546840997169,0.0260546840997169,"SMAD6/GJA5/NOTCH1/BMPR2/DCHS1",5
"GO:0006171","GO:0006171","cAMP biosynthetic process","5/1675","13/18842",0.384615384615385,4.32652123995408,3.7476629574949,0.00386572437153044,0.0260546840997169,0.0260546840997169,"CARTPT/ADCY4/ADCY9/ADCYAP1R1/ADCY8",5
"GO:0010572","GO:0010572","positive regulation of platelet activation","5/1675","13/18842",0.384615384615385,4.32652123995408,3.7476629574949,0.00386572437153044,0.0260546840997169,0.0260546840997169,"SELP/TLR4/GP9/PEAR1/SVEP1",5
"GO:0036006","GO:0036006","cellular response to macrophage colony-stimulating factor stimulus","5/1675","13/18842",0.384615384615385,4.32652123995408,3.7476629574949,0.00386572437153044,0.0260546840997169,0.0260546840997169,"PDE2A/TLR4/DCSTAMP/PDE1B/IL34",5
"GO:0044857","GO:0044857","plasma membrane raft organization","5/1675","13/18842",0.384615384615385,4.32652123995408,3.7476629574949,0.00386572437153044,0.0260546840997169,0.0260546840997169,"COLEC12/CAV3/CAV1/CAV2/EMP2",5
"GO:0060354","GO:0060354","negative regulation of cell adhesion molecule production","5/1675","13/18842",0.384615384615385,4.32652123995408,3.7476629574949,0.00386572437153044,0.0260546840997169,0.0260546840997169,"NOTCH4/APOA1/MIR221/NOTCH1/MIR222",5
"GO:0071635","GO:0071635","negative regulation of transforming growth factor beta production","5/1675","13/18842",0.384615384615385,4.32652123995408,3.7476629574949,0.00386572437153044,0.0260546840997169,0.0260546840997169,"TYROBP/FBLN1/GATA6/KLF15/IL13",5
"GO:0003094","GO:0003094","glomerular filtration","7/1675","24/18842",0.291666666666667,3.28094527363184,3.49257652891428,0.00387127271080838,0.0260546840997169,0.0260546840997169,"GJA5/PDGFB/GAS6/EDN1/PTPRO/EMP2/CD34",7
"GO:0048143","GO:0048143","astrocyte activation","7/1675","24/18842",0.291666666666667,3.28094527363184,3.49257652891428,0.00387127271080838,0.0260546840997169,0.0260546840997169,"LDLR/AGER/ZEB2/C5AR1/IL6/FPR2/C1QA",7
"GO:0061687","GO:0061687","detoxification of inorganic compound","7/1675","24/18842",0.291666666666667,3.28094527363184,3.49257652891428,0.00387127271080838,0.0260546840997169,0.0260546840997169,"MT1A/SLC11A1/CAT/MT1M/SLC39A8/MT1X/ABCG2",7
"GO:0061760","GO:0061760","antifungal innate immune response","7/1675","24/18842",0.291666666666667,3.28094527363184,3.49257652891428,0.00387127271080838,0.0260546840997169,0.0260546840997169,"PLA2G5/CLEC6A/CLEC4D/CLEC4E/RARRES2/SPI1/CX3CR1",7
"GO:0090280","GO:0090280","positive regulation of calcium ion import","7/1675","24/18842",0.291666666666667,3.28094527363184,3.49257652891428,0.00387127271080838,0.0260546840997169,0.0260546840997169,"P2RX1/PPP3R2/PDGFB/CCL2/CXCL12/CRH/TRPV2",7
"GO:0090132","GO:0090132","epithelium migration","16/1675","87/18842",0.183908045977011,2.06877337450678,3.12103683996142,0.00390239977984293,0.0261744508165487,0.0261744508165487,"MCC/GLIPR2/ZEB2/MIR221/PPM1F/PRKCE/FGF10/SASH1/TACR1/KANK2/DAB2IP/ENPP2/TGFB2/HBEGF/BMPR2/MIR222",16
"GO:0006805","GO:0006805","xenobiotic metabolic process","22/1675","135/18842",0.162962962962963,1.83316307352128,3.03463876612757,0.00390441954506874,0.0261744508165487,0.0261744508165487,"CYP2A6/CYP26B1/AOX1/SLCO1A2/CYP1A2/BCHE/CYP2A13/ACSM2B/SULT1A1/AADAC/CYP3A7/SULT1C4/GSTA3/PRKCE/ALDH2/ABCB1/CYP2F1/SLCO2B1/FMO2/S100A12/NOS1/CYP1A1",22
"GO:0035051","GO:0035051","cardiocyte differentiation","22/1675","135/18842",0.162962962962963,1.83316307352128,3.03463876612757,0.00390441954506874,0.0261744508165487,0.0261744508165487,"MYOCD/TBX3/SOX17/WNT3A/PRICKLE1/ACTN2/NRG1/MYH11/TBX5/CAV3/SOX18/NEBL/GATA6/NOTCH1/TGFB2/EDN1/TBX2/MYLK3/GPER1/MIR222/TGFBR3/BMP2",22
"GO:0061448","GO:0061448","connective tissue development","30/1675","203/18842",0.147783251231527,1.66240717594295,2.96397079624224,0.00394661360908301,0.0264226814273031,0.0264226814273031,"TGFBR2/PRKG2/NR5A2/RFLNB/EGR1/PPARG/WNT2B/GDF2/HYAL1/LPL/GHR/PKDCC/PDGFB/WNT7A/SOX5/ACVRL1/ZBTB16/EFEMP1/HYAL2/SPI1/NOTCH1/OGN/WNT9A/WNT11/IHH/BMPR2/FGF2/BMP2/CD34/SMAD7",30
"GO:0007369","GO:0007369","gastrulation","21/1675","127/18842",0.165354330708661,1.86006346221648,3.03773314419283,0.00398189764225102,0.026589303446624,0.026589303446624,"CFC1B/KLF4/VTN/SOX17/APLN/WNT3A/PRICKLE1/APLNR/APOA1/MIR221/FGFR2/MYADM/ITGA8/DUSP1/NR4A3/GJA1/ATOH8/BMPR2/CFC1/GPC3/SOX7",21
"GO:0060348","GO:0060348","bone development","21/1675","127/18842",0.165354330708661,1.86006346221648,3.03773314419283,0.00398189764225102,0.026589303446624,0.026589303446624,"CYP26B1/COL13A1/RFLNB/MYOC/TYROBP/PRKG1/RANBP3L/GHR/LEPR/FGFR2/PTGER4/ZBTB16/OGN/GJA1/PHEX/BMPR2/OSTN/FBLN5/DDR2/BMP2/PHOSPHO1",21
"GO:0072659","GO:0072659","protein localization to plasma membrane","38/1675","274/18842",0.138686131386861,1.56007408214402,2.91709364013426,0.00400038080801413,0.0266725778669797,0.0266725778669797,"ARHGAP44/KCNB1/PRKG2/EFR3B/TRARG1/SPTBN1/NRXN1/WNT3A/SORBS1/ACTN2/STAC3/NKD2/TMEM88/PKDCC/P2RY1/PRKCE/CAV3/GAS6/RDX/SCN3B/DUOXA1/RAMP3/RAMP2/DAB2/PRAM1/INPP5K/PRKCH/CAMK2A/GPER1/VAMP2/PID1/EMP2/EPB41L3/EHD2/DPP6/RILPL2/PIK3R1/STAC",38
"GO:0061337","GO:0061337","cardiac conduction","17/1675","95/18842",0.178947368421053,2.01297093479969,3.09175501682599,0.00400479761521806,0.0266725778669797,0.0266725778669797,"SLC8A3/GJA5/CASQ2/ATP1B2/TBX5/SCN4B/ATP1A2/CAV1/SCN3B/ACE/KCNE1/SCN2B/KCNJ5/GJA1/KCNH6/ATP2B3/KCNA5",17
"GO:0010717","GO:0010717","regulation of epithelial to mesenchymal transition","20/1675","119/18842",0.168067226890756,1.8905807098959,3.04418627075905,0.00403694742388496,0.0268517374163479,0.0268517374163479,"TGFBR2/ENG/GLIPR2/QKI/MIR221/PDPN/TBX5/IL1B/DAB2IP/DAB2/NOTCH1/TGFB2/WWTR1/IL6/RGCC/EMP2/MIR222/BMP2/FERMT2/SMAD7",20
"GO:0010586","GO:0010586","miRNA metabolic process","18/1675","103/18842",0.174757281553398,1.96583683524127,3.07016239718604,0.00405566330116198,0.026906248748954,0.026906248748954,"KLF4/MYOCD/EGR1/PPARG/SMAD6/QKI/APLN/PDGFB/GATA2/FOS/ETS1/SPI1/TGFB2/JUN/IL6/ATOH8/FGF2/BMP2",18
"GO:0051961","GO:0051961","negative regulation of nervous system development","18/1675","103/18842",0.174757281553398,1.96583683524127,3.07016239718604,0.00405566330116198,0.026906248748954,0.026906248748954,"LDLR/ROBO2/ELAPOR2/WNT3A/SYT4/SEMA3G/PTN/CNTFR/NEGR1/SEMA6D/MAG/WNT7A/IL1B/SEMA5A/NOTCH1/IL6/NTRK3/DCC",18
"GO:0007179","GO:0007179","transforming growth factor beta receptor signaling pathway","33/1675","230/18842",0.143478260869565,1.613980532122,2.92640327311768,0.00415021440290655,0.027497858381952,0.027497858381952,"TGFBR2/MYOCD/ENG/CDKN1C/VEPH1/PPARG/SMAD6/ZEB2/CITED2/WFIKKN2/NRROS/LATS2/LTBP4/CDH5/FOS/DKK3/CDKN2B/ACVRL1/LRRC32/DAB2/SPI1/SMAD9/TGFB2/JUN/RGCC/SNX25/GDF10/TGFBR3/BMP2/ZFYVE9/FERMT2/SMAD7/CLDN5",33
"GO:0033627","GO:0033627","cell adhesion mediated by integrin","15/1675","80/18842",0.1875,2.10917910447761,3.10541240849538,0.00423206790669844,0.0279278568227508,0.0279278568227508,"VTN/ICAM2/ITGAL/LPXN/PLPP3/NCKAP1L/PODXL/JAM3/MMRN1/EMILIN2/TGFB2/NPNT/FERMT3/ICAM1/P2RY12",15
"GO:0043266","GO:0043266","regulation of potassium ion transport","15/1675","80/18842",0.1875,2.10917910447761,3.10541240849538,0.00423206790669844,0.0279278568227508,0.0279278568227508,"KCNIP1/FHL1/KCNS1/ACTN2/CASQ2/ATP1B2/AKAP7/KCNAB1/CAV3/CAV1/KCNE1/NOS1/DPP6/AMIGO1/KCNAB2",15
"GO:0050832","GO:0050832","defense response to fungus","13/1675","65/18842",0.2,2.24979104477612,3.15277632428703,0.00423695344955125,0.0279278568227508,0.0279278568227508,"PLA2G5/CLEC6A/CLEC4D/DEFA3/CLEC4E/TSLP/RARRES2/DEFA4/VIP/SPI1/CX3CR1/S100A12/CAMP",13
"GO:0141156","GO:0141156","cAMP/PKA signal transduction","13/1675","65/18842",0.2,2.24979104477612,3.15277632428703,0.00423695344955125,0.0279278568227508,0.0279278568227508,"PDE4C/PDE2A/PDE8B/NRXN1/LRRK2/RAMP3/VIP/CRH/EDN1/PDE1C/AKAP12/PDE1B/PDE5A",13
"GO:0002691","GO:0002691","regulation of cellular extravasation","9/1675","37/18842",0.243243243243243,2.73623235175474,3.30205432813316,0.0042725577937187,0.0279737377204263,0.0279737377204263,"AGER/JAM3/LYVE1/SELP/SELE/PTGER4/CXCL12/BST1/ICAM1",9
"GO:0021885","GO:0021885","forebrain cell migration","9/1675","37/18842",0.243243243243243,2.73623235175474,3.30205432813316,0.0042725577937187,0.0279737377204263,0.0279737377204263,"SRGAP2C/LRRK2/SLIT2/DIXDC1/LHX6/DAB2IP/CXCL12/ARL13B/P2RY12",9
"GO:0050433","GO:0050433","regulation of catecholamine secretion","9/1675","37/18842",0.243243243243243,2.73623235175474,3.30205432813316,0.0042725577937187,0.0279737377204263,0.0279737377204263,"SNCA/KCNB1/CARTPT/CHRNA4/SYT4/P2RY1/FFAR3/CXCL12/CRH",9
"GO:0086005","GO:0086005","ventricular cardiac muscle cell action potential","9/1675","37/18842",0.243243243243243,2.73623235175474,3.30205432813316,0.0042725577937187,0.0279737377204263,0.0279737377204263,"CASQ2/CAV3/CAV1/SCN3B/KCNE1/SCN2B/KCNJ5/NOS1/KCNJ8",9
"GO:2001222","GO:2001222","regulation of neuron migration","9/1675","37/18842",0.243243243243243,2.73623235175474,3.30205432813316,0.0042725577937187,0.0279737377204263,0.0279737377204263,"SRGAP2C/SEMA6A/PHACTR1/DAB2IP/IGSF10/CX3CL1/CAMK2A/NTNG1/KIF26A",9
"GO:1903531","GO:1903531","negative regulation of secretion by cell","22/1675","136/18842",0.161764705882353,1.8196839332748,2.99666081248901,0.00427672783917367,0.0279737377204263,0.0279737377204263,"SNCA/STXBP6/KCNB1/FFAR4/NCKAP1L/CARTPT/PDE8B/SYT4/P2RY1/NPY5R/ADTRP/IL1B/SPI1/NOTCH1/CRH/RAB11FIP1/EDN1/GJA1/PDE1C/CRHBP/FRMD4A/CRY2",22
"GO:0030509","GO:0030509","BMP signaling pathway","24/1675","153/18842",0.156862745098039,1.76454199590284,2.96596625976281,0.0043915728537422,0.0286882441211895,0.0286882441211895,"ENG/PPARG/CCN1/GDF2/SMAD6/ELAPOR2/VWC2/SOST/TMEM100/CDH5/CAV1/ACVRL1/NOTCH1/SMAD9/CHRDL1/CRIM1/LEFTY2/BMPR2/BMPER/TGFBR3/BMP2/ZNF423/SOSTDC1/SMAD7",24
"GO:0070542","GO:0070542","response to fatty acid","12/1675","58/18842",0.206896551724138,2.32737004632012,3.16245348893805,0.00442085084224173,0.0288426684414113,0.0288426684414113,"LDLR/PDK4/LPL/UCP1/CAT/FFAR3/CAV3/EDN1/JUND/PID1/CD36/CAMP",12
"GO:0007612","GO:0007612","learning","17/1675","96/18842",0.177083333333333,1.99200248756219,3.04373086487997,0.00447318098342081,0.0290500434245164,0.0290500434245164,"SLC8A3/SHANK3/SLC1A1/NTRK2/CARTPT/BCHE/NRXN1/PTN/SLC6A4/FOS/TACR1/CRH/NDRG4/TUBA1A/NRGN/GRIA1/CLDN5",17
"GO:1901655","GO:1901655","cellular response to ketone","17/1675","96/18842",0.177083333333333,1.99200248756219,3.04373086487997,0.00447318098342081,0.0290500434245164,0.0290500434245164,"AQP1/CFTR/PTGFR/UCP1/LRRK2/KLF9/FOS/GAS6/FBP1/BTG2/PTGER4/NCF1/PTGDR2/SCNN1G/CRH/TBX2/ADCY8",17
"GO:0042327","GO:0042327","positive regulation of phosphorylation","34/1675","240/18842",0.141666666666667,1.59360199004975,2.89090170982124,0.00447821077725455,0.0290500434245164,0.0290500434245164,"MUSK/CASS4/LILRA5/ERBB4/NRG1/RARRES2/NEK10/PDGFB/CIMAP3/DIPK2A/FGF10/RASSF2/SASH1/GAS6/IL20/ITLN1/ANGPT1/FLT4/IL6/NEDD9/S100A12/GPER1/ARRB1/FGF2/ADCY8/LIMCH1/DDR2/IL34/BMP2/ODAM/ANGPT4/RSPO1/IL13/PIK3R5",34
"GO:0006584","GO:0006584","catecholamine metabolic process","10/1675","44/18842",0.227272727272727,2.55658073270014,3.22889812627607,0.00449148850539811,0.0290500434245164,0.0290500434245164,"SNCA/DAO/SLC1A1/NPR1/SULT1A1/ALDH2/PNMT/TGFB2/KL/MAOB",10
"GO:0009712","GO:0009712","catechol-containing compound metabolic process","10/1675","44/18842",0.227272727272727,2.55658073270014,3.22889812627607,0.00449148850539811,0.0290500434245164,0.0290500434245164,"SNCA/DAO/SLC1A1/NPR1/SULT1A1/ALDH2/PNMT/TGFB2/KL/MAOB",10
"GO:0045214","GO:0045214","sarcomere organization","10/1675","44/18842",0.227272727272727,2.55658073270014,3.22889812627607,0.00449148850539811,0.0290500434245164,0.0290500434245164,"ANKRD1/ACTN2/TNNT3/CAV3/MYOZ1/SYNPO2L/CAPN3/EDN1/MYLK3/MYOM2",10
"GO:0006721","GO:0006721","terpenoid metabolic process","19/1675","112/18842",0.169642857142857,1.90830490405117,3.011507565575,0.00449622577209073,0.0290500434245164,0.0290500434245164,"ADH1A/LDLR/CYP26B1/CYP1A2/HSD17B6/RGR/RBP2/RBP4/LPL/CYP3A7/ALDH1A2/RARRES2/CES1/ALDH1A1/CRH/AWAT2/ADH1B/HMGCS1/CYP1A1",19
"GO:0003009","GO:0003009","skeletal muscle contraction","11/1675","51/18842",0.215686274509804,2.4262452443664,3.18578547612713,0.00452078877143989,0.0290500434245164,0.0290500434245164,"SLC8A3/KBTBD13/TNNI2/STAC3/TNNT3/CAV3/ADGRD1/CA3/TNNC1/SYNM/STAC",11
"GO:0003254","GO:0003254","regulation of membrane depolarization","11/1675","51/18842",0.215686274509804,2.4262452443664,3.18578547612713,0.00452078877143989,0.0290500434245164,0.0290500434245164,"MYOC/GNAQ/GJA5/FHL1/LRRK2/TBX5/CAV3/SCN3B/DCN/SCN2B/SMAD7",11
"GO:0045685","GO:0045685","regulation of glial cell differentiation","11/1675","51/18842",0.215686274509804,2.4262452443664,3.18578547612713,0.00452078877143989,0.0290500434245164,0.0290500434245164,"LDLR/MYRF/QKI/PTN/MAG/NOTCH1/IL6/NTRK3/IL34/BMP2/EGR2",11
"GO:0045778","GO:0045778","positive regulation of ossification","11/1675","51/18842",0.215686274509804,2.4262452443664,3.18578547612713,0.00452078877143989,0.0290500434245164,0.0290500434245164,"P2RX7/CCN1/PTN/PKDCC/TACR1/ZBTB16/KL/GPM6B/BMPR2/ALOX5/BMP2",11
"GO:0071622","GO:0071622","regulation of granulocyte chemotaxis","11/1675","51/18842",0.215686274509804,2.4262452443664,3.18578547612713,0.00452078877143989,0.0290500434245164,0.0290500434245164,"CMKLR1/NCKAP1L/RARRES2/JAM3/SLIT2/CCL2/DAPK2/C5AR1/BST1/EDN1/IL34",11
"GO:0022617","GO:0022617","extracellular matrix disassembly","14/1675","73/18842",0.191780821917808,2.15733387855244,3.09465119759452,0.00455555099944185,0.0292000543385277,0.0292000543385277,"ENG/ADAMTS15/FGFR4/PDPN/CMA1/TPSAB1/MMP19/TGFB2/IL6/CTSG/ADAMTS4/DDR2/RECK/TIMP3",14
"GO:0150116","GO:0150116","regulation of cell-substrate junction organization","14/1675","73/18842",0.191780821917808,2.15733387855244,3.09465119759452,0.00455555099944185,0.0292000543385277,0.0292000543385277,"ARHGAP6/MYOC/PPM1F/FAM107A/RAB40A/TEK/ACVRL1/DLC1/GPM6B/PHLDB2/PEAK1/LIMCH1/FERMT2/PIK3R1",14
"GO:0019216","GO:0019216","regulation of lipid metabolic process","44/1675","331/18842",0.132930513595166,1.49532939531948,2.83991495899177,0.00460348249599078,0.0294703541514303,0.0294703541514303,"LDLR/NR5A2/ACACB/EGR1/PPARG/PDK4/HSD17B13/QKI/MID1IP1/CARTPT/CYP7A1/SORBS1/AADAC/SPATA18/APOA1/FGFR4/RARRES2/CES1/PDGFB/PLA2G3/APOC1/DKK3/LPCAT3/CAV1/IL1B/ABCG1/ABHD6/FABP5/DAB2/MFSD2A/AGTR1/GPR146/EDN1/ABCA3/GPIHBP1/C1QTNF2/INSIG1/GPER1/ENDOU/KAT2B/BMP2/ACADL/HCAR2/HCAR3",44
"GO:0048167","GO:0048167","regulation of synaptic plasticity","28/1675","188/18842",0.148936170212766,1.67537630993966,2.90703953570714,0.00469315988798922,0.0300068910338311,0.0300068910338311,"SLC8A3/CNTN4/KCNB1/SHANK3/AGER/TYROBP/NTRK2/SYT4/SYP/MME/PTN/JPH4/ARC/FAM107A/ACE/RASGRF1/CX3CR1/CRH/CHRDL1/CX3CL1/GRIN3B/CAMK2A/PENK/VAMP2/ADCY8/GRID1/NRGN/GRIA1",28
"GO:0030513","GO:0030513","positive regulation of BMP signaling pathway","8/1675","31/18842",0.258064516129032,2.9029561868079,3.31219480310454,0.00471594688677612,0.0301149417301621,0.0301149417301621,"ENG/CCN1/GDF2/ELAPOR2/CDH5/ACVRL1/NOTCH1/ZNF423",8
"GO:0035924","GO:0035924","cellular response to vascular endothelial growth factor stimulus","15/1675","81/18842",0.185185185185185,2.08313985627418,3.0514849438152,0.00477702254713426,0.0303157200106597,0.0303157200106597,"VTN/JCAD/EGR3/CCBE1/SEMA6A/NR4A1/TSPAN32/DCN/DAB2IP/RAMP2/ANGPT1/NOTCH1/GAB1/FLT4/VEGFD",15
"GO:0042476","GO:0042476","odontogenesis","15/1675","81/18842",0.185185185185185,2.08313985627418,3.0514849438152,0.00477702254713426,0.0303157200106597,0.0303157200106597,"AQP1/SLC24A4/CSF3R/CFTR/FGFR2/ALPL/TGFB2/EDN1/ID3/TMT1A/BMP2/ODAM/FPR2/CD34/CAMP",15
"GO:0060390","GO:0060390","regulation of SMAD protein signal transduction","15/1675","81/18842",0.185185185185185,2.08313985627418,3.0514849438152,0.00477702254713426,0.0303157200106597,0.0303157200106597,"TGFBR2/ENG/VEPH1/PPARG/GDF2/SMAD6/ACVRL1/DAB2/TGFB2/ATOH8/BMPR2/BMPER/TGFBR3/BMP2/SMAD7",15
"GO:0061138","GO:0061138","morphogenesis of a branching epithelium","15/1675","81/18842",0.185185185185185,2.08313985627418,3.0514849438152,0.00477702254713426,0.0303157200106597,0.0303157200106597,"TGFBR2/ENG/GDF2/NOTCH4/TIE1/TCF21/SLIT2/FGF10/FGFR2/RASIP1/NPNT/TBX2/AGTR2/FGF2/BMP2",15
"GO:2001057","GO:2001057","reactive nitrogen species metabolic process","15/1675","81/18842",0.185185185185185,2.08313985627418,3.0514849438152,0.00477702254713426,0.0303157200106597,0.0303157200106597,"KLF4/KLF2/MTARC2/PTGIS/CAV1/IL1B/CX3CR1/CYGB/SIRPA/EDN1/TLR4/HBB/NOS1/CD36/CYP1A1",15
"GO:0001709","GO:0001709","cell fate determination","6/1675","19/18842",0.31578947368421,3.5523016496465,3.4767747700098,0.00481084546718901,0.0303235244001754,0.0303235244001754,"KLF4/CYP26B1/SOX17/NOTCH4/TNXB/TBX2",6
"GO:0010885","GO:0010885","regulation of cholesterol storage","6/1675","19/18842",0.31578947368421,3.5523016496465,3.4767747700098,0.00481084546718901,0.0303235244001754,0.0303235244001754,"PPARG/LPL/CES1/ABCG1/MSR1/CD36",6
"GO:0034112","GO:0034112","positive regulation of homotypic cell-cell adhesion","6/1675","19/18842",0.31578947368421,3.5523016496465,3.4767747700098,0.00481084546718901,0.0303235244001754,0.0303235244001754,"PLPP3/PDPN/MMRN1/EMILIN2/IL6/CTSG",6
"GO:0098868","GO:0098868","bone growth","6/1675","19/18842",0.31578947368421,3.5523016496465,3.4767747700098,0.00481084546718901,0.0303235244001754,0.0303235244001754,"PRKG1/LEPR/FGFR2/OSTN/FBLN5/DDR2",6
"GO:0098915","GO:0098915","membrane repolarization during ventricular cardiac muscle cell action potential","6/1675","19/18842",0.31578947368421,3.5523016496465,3.4767747700098,0.00481084546718901,0.0303235244001754,0.0303235244001754,"CASQ2/KCNE1/SCN2B/KCNJ5/NOS1/KCNJ8",6
"GO:0046879","GO:0046879","hormone secretion","37/1675","268/18842",0.138059701492537,1.55302740031187,2.84821980991081,0.00481382244632306,0.0303235244001754,0.0303235244001754,"KCNB1/RAPGEF4/TBX3/MYRIP/PPARG/FFAR4/ECRG4/GNAQ/CARTPT/PDE8B/RBP4/P2RY1/PLA2G3/FFAR3/IL1B/BTK/TACR1/DAB2/VIP/CRH/RAB11FIP1/AGTR1/EDN1/IL6/GJA1/RETN/GPER1/G6PC2/EXOC3L1/ADCY8/CRHBP/ALOX5/HCAR2/CRY2/KCNA5/CAMP/EDN3",37
"GO:0032757","GO:0032757","positive regulation of interleukin-8 production","13/1675","66/18842",0.196969696969697,2.21570330167345,3.09036803136465,0.00485640933976705,0.0305166262566443,0.0305166262566443,"DUOX1/CD244/GDF2/IL17D/PLA2G1B/IL1B/HYAL2/IL6/TLR4/TLR8/FCN1/LILRA2/CAMP",13
"GO:1903670","GO:1903670","regulation of sprouting angiogenesis","13/1675","66/18842",0.196969696969697,2.21570330167345,3.09036803136465,0.00485640933976705,0.0305166262566443,0.0305166262566443,"KLF4/MIR126/JCAD/KLF2/CLIC3/SEMA6A/MIR221/PPP1R16B/TSPAN18/RHOJ/FGF2/BMPER/ALOX5",13
"GO:0035313","GO:0035313","wound healing, spreading of epidermal cells","7/1675","25/18842",0.28,3.14970746268657,3.35959056471403,0.00497041538978615,0.0310802869422447,0.0310802869422447,"ARHGAP24/MIR221/WNT7A/ACVRL1/PHLDB2/HBEGF/FERMT2",7
"GO:0042744","GO:0042744","hydrogen peroxide catabolic process","7/1675","25/18842",0.28,3.14970746268657,3.35959056471403,0.00497041538978615,0.0310802869422447,0.0310802869422447,"DUOX1/SNCA/HBA2/CAT/HBA1/HBB/GPX3",7
"GO:0046058","GO:0046058","cAMP metabolic process","7/1675","25/18842",0.28,3.14970746268657,3.35959056471403,0.00497041538978615,0.0310802869422447,0.0310802869422447,"PDE4C/CARTPT/PDE8B/ADCY4/ADCY9/ADCYAP1R1/ADCY8",7
"GO:0071280","GO:0071280","cellular response to copper ion","7/1675","25/18842",0.28,3.14970746268657,3.35959056471403,0.00497041538978615,0.0310802869422447,0.0310802869422447,"AQP1/MT1A/SNCA/MT1M/PRND/MT1X/CYP1A1",7
"GO:0032526","GO:0032526","response to retinoic acid","17/1675","97/18842",0.175257731958763,1.97146637944299,2.99628483885245,0.00498552932413449,0.0311367307606202,0.0311367307606202,"AQP1/KLF4/CYP26B1/WNT3A/RBP4/TIE1/ALDH1A2/TFRC/SLC6A4/FGFR2/GATA6/DUSP1/WNT9A/TBX2/WNT11/FZD4/NTRK3",17
"GO:0006887","GO:0006887","exocytosis","46/1675","351/18842",0.131054131054131,1.4742220521325,2.80134940989591,0.00500017044827053,0.0311900876132972,0.0311900876132972,"ARHGAP44/SNCA/STXBP6/KCNB1/RAPGEF4/RAB44/PTGDS/P2RX1/LIN7A/GATA1/NCKAP1L/GNAQ/CARTPT/RIMS4/SYT4/SYP/FCER1G/FGR/CACNB4/LAT2/NKD2/HCK/P2RY1/LRRK2/PLA2G3/GATA2/LGI3/STX11/WNT7A/RAB40A/BTK/APOLD1/SYN2/SPI1/SEPTIN4/FCGR3A/TSPAN18/RPH3A/RAB11FIP1/ANXA3/NR4A3/NKG7/VAMP2/EXOC3L1/CRHBP/SYT15",46
"GO:0032868","GO:0032868","response to insulin","34/1675","242/18842",0.140495867768595,1.58043172566917,2.83866753036961,0.00510012161860579,0.0317748137383296,0.0317748137383296,"EGR1/PRKCQ/PPARG/PCSK9/TRARG1/PDK4/CARTPT/SORBS1/OTC/CPEB1/RARRES2/GHR/CAT/PLA2G1B/FFAR3/FOS/IL1B/FBP1/TNS2/CAV2/ALPL/GAB1/INPP5K/INSIG1/CA3/RETN/VAMP2/PID1/DNAI1/AGRP/KAT2B/CRY2/PIK3R1/PTPN1",34
"GO:0045834","GO:0045834","positive regulation of lipid metabolic process","22/1675","138/18842",0.159420289855072,1.79331170235778,2.92165097986757,0.00511027441985402,0.0317993353498216,0.0317993353498215,"LDLR/NR5A2/PPARG/HSD17B13/QKI/MID1IP1/CYP7A1/SORBS1/AADAC/SPATA18/APOA1/CES1/PLA2G3/IL1B/ABCG1/ABHD6/DAB2/MFSD2A/AGTR1/EDN1/GPIHBP1/KAT2B",22
"GO:0098754","GO:0098754","detoxification","26/1675","172/18842",0.151162790697674,1.70042346407497,2.88247087520283,0.00515883363806024,0.0318967268844244,0.0318967268844244,"MT1A/HBA2/MTARC2/SESN1/SLC11A1/CAT/MT1M/PRKCE/ALDH2/SLC15A2/ABCB1/ABCG1/SLC39A8/ALDH1A1/CYGB/AQP9/HBA1/HBB/SOD3/FBLN5/CD36/MT1X/GPX3/LTC4S/ABCG2/ALOX5AP",26
"GO:0007405","GO:0007405","neuroblast proliferation","9/1675","38/18842",0.236842105263158,2.66422623723488,3.20768134579185,0.00516526774913817,0.0318967268844244,0.0318967268844244,"EML1/PTN/LRRK2/FGFR2/SOX5/NOTCH1/CX3CR1/KCNA1/CX3CL1",9
"GO:0055010","GO:0055010","ventricular cardiac muscle tissue morphogenesis","9/1675","38/18842",0.236842105263158,2.66422623723488,3.20768134579185,0.00516526774913817,0.0318967268844244,0.0318967268844244,"ENG/NRG1/MYL3/FGFR2/NOTCH1/TGFB2/TNNC1/TGFBR3/SMAD7",9
"GO:1901889","GO:1901889","negative regulation of cell junction assembly","9/1675","38/18842",0.236842105263158,2.66422623723488,3.20768134579185,0.00516526774913817,0.0318967268844244,0.0318967268844244,"ROBO2/ARHGAP6/NEGR1/FAM107A/IL1B/ACVRL1/ACE/DLC1/PHLDB2",9
"GO:0032732","GO:0032732","positive regulation of interleukin-1 production","14/1675","74/18842",0.189189189189189,2.12818071803146,3.03737009159477,0.00516957704539351,0.0318967268844244,0.0318967268844244,"EGR1/P2RX7/AGER/TYROBP/LPL/LILRA5/MEFV/IL6/TLR4/TLR8/CD36/NLRC4/LILRA2/CAMP",14
"GO:0046470","GO:0046470","phosphatidylcholine metabolic process","14/1675","74/18842",0.189189189189189,2.12818071803146,3.03737009159477,0.00516957704539351,0.0318967268844244,0.0318967268844244,"PLA2G5/LDLR/PCYT1B/APOA1/PLA2G3/PLA2G1B/APOC1/LPCAT3/PNPLA6/ENPP2/MFSD2A/ABCA3/CETP/PLA2G2A",14
"GO:0070373","GO:0070373","negative regulation of ERK1 and ERK2 cascade","14/1675","74/18842",0.189189189189189,2.12818071803146,3.03737009159477,0.00516957704539351,0.0318967268844244,0.0318967268844244,"KLF4/ATF3/SEMA6A/FBLN1/DUSP26/MIR221/DAB2IP/DUSP1/DAB2/SIRPA/TLR4/GPER1/SPRY4/PTPN1",14
"GO:0071354","GO:0071354","cellular response to interleukin-6","10/1675","45/18842",0.222222222222222,2.49976782752902,3.14628598771658,0.0053240677072565,0.032810369063394,0.032810369063394,"SOCS3/SELPLG/PTPRT/PTGIS/ACTG2/FCAR/SPI1/IL6/PID1/CAMP",10
"GO:0043537","GO:0043537","negative regulation of blood vessel endothelial cell migration","15/1675","82/18842",0.182926829268293,2.05773571168548,2.99833292274895,0.00537755446496116,0.0331001096128476,0.0331001096128476,"KLF4/STARD13/PPARG/GDF2/MMRN2/MEOX2/MIR221/MMRN1/ACVRL1/NOTCH1/AGTR2/RGCC/FGF2/VASH1/ANGPT4",15
"GO:0002028","GO:0002028","regulation of sodium ion transport","13/1675","67/18842",0.194029850746269,2.18263310314101,3.02907227980717,0.00554650455089171,0.0339629167424968,0.0339629167424968,"FXYD1/P2RX7/PCSK9/UTRN/FXYD6/ATP1B2/PRKCE/PER1/CAV3/SCN4B/SCN3B/SCN2B/NOS1",13
"GO:0051952","GO:0051952","regulation of amine transport","13/1675","67/18842",0.194029850746269,2.18263310314101,3.02907227980717,0.00554650455089171,0.0339629167424968,0.0339629167424968,"KMO/SNCA/KCNB1/CARTPT/CHRNA4/SYT4/P2RY1/NPY5R/SLC17A8/FFAR3/ATP1A2/CXCL12/CRH",13
"GO:0030856","GO:0030856","regulation of epithelial cell differentiation","22/1675","139/18842",0.158273381294964,1.78041017931923,2.88460841162594,0.00557495274569943,0.0339629167424968,0.0339629167424968,"AJAP1/MAFF/GDF2/NOTCH4/ZEB2/ZEB1/TMEM100/CDH5/IL20/CAV1/IL1B/ACVRL1/APOLD1/NOTCH1/ZBED2/PRKCH/ATOH8/ZFP36/FGF2/BMP2/IL13/CLDN5",22
"GO:0003084","GO:0003084","positive regulation of systemic arterial blood pressure","5/1675","14/18842",0.357142857142857,4.01748400852878,3.52792283267057,0.00557748779348921,0.0339629167424968,0.0339629167424968,"ENG/RARRES2/ACE/AVPR2/PTPN1",5
"GO:0014072","GO:0014072","response to isoquinoline alkaloid","5/1675","14/18842",0.357142857142857,4.01748400852878,3.52792283267057,0.00557748779348921,0.0339629167424968,0.0339629167424968,"SLC1A1/CARTPT/FOSB/ADCY8/GRIA1",5
"GO:0032354","GO:0032354","response to follicle-stimulating hormone","5/1675","14/18842",0.357142857142857,4.01748400852878,3.52792283267057,0.00557748779348921,0.0339629167424968,0.0339629167424968,"GATA1/NOTCH1/FSHR/EDN1/TGFBR3",5
"GO:0043278","GO:0043278","response to morphine","5/1675","14/18842",0.357142857142857,4.01748400852878,3.52792283267057,0.00557748779348921,0.0339629167424968,0.0339629167424968,"SLC1A1/CARTPT/FOSB/ADCY8/GRIA1",5
"GO:0045916","GO:0045916","negative regulation of complement activation","5/1675","14/18842",0.357142857142857,4.01748400852878,3.52792283267057,0.00557748779348921,0.0339629167424968,0.0339629167424968,"VSIG4/A2M/MASP1/C4BPA/SERPING1",5
"GO:0097254","GO:0097254","renal tubular secretion","5/1675","14/18842",0.357142857142857,4.01748400852878,3.52792283267057,0.00557748779348921,0.0339629167424968,0.0339629167424968,"NPR1/AGTR1/EDNRB/SLC22A6/ABCG2",5
"GO:1903829","GO:1903829","positive regulation of protein localization","57/1675","457/18842",0.12472647702407,1.40304255527614,2.72451600452253,0.00568172219134562,0.0345564910924291,0.0345564910924291,"SNCA/PRKG2/RAPGEF4/ANKRD1/MYRIP/PPARG/EPB41L2/TYROBP/SPTBN1/MGAT3/CARTPT/NRXN1/WNT3A/RBP4/CHRM1/SORBS1/CACNB4/STAC3/RIC3/NKD2/VIM/IL1A/TFRC/APBB1/PECAM1/PLA2G1B/PRKCE/CD33/GAS6/WNT7A/RDX/IL1B/ABCG1/SLC51B/RAMP3/RIPOR1/HYAL2/XIRP2/CRH/TGFB2/WWTR1/EDN1/PRKCH/TLR4/NEDD9/GPER1/VAMP2/ABLIM3/ADCY8/FRMD4A/HCAR2/IL13/FERMT2/MYH10/PIK3R1/CAMP/STAC",57
"GO:0051146","GO:0051146","striated muscle cell differentiation","37/1675","271/18842",0.136531365313653,1.53583521506857,2.77530315485349,0.00577141715580041,0.0350603310592864,0.0350603310592864,"CYP26B1/MYOCD/ANKRD1/TMOD1/TBX3/WNT3A/PRICKLE1/ACTN2/ADAMTS15/TNNT3/NRG1/MYH11/TBX5/MYL9/RBM24/CAV3/MYOZ1/NEBL/SYNPO2L/CAV2/LMOD3/CAPN3/NOTCH1/BDNF/EDN1/ERVFRD-1/KLHL41/MYLK3/LMOD1/CD53/ADGRB3/PGM5/NOS1/MIR222/BMP2/MYOM2/EHD2",37
"GO:0030003","GO:0030003","intracellular monoatomic cation homeostasis","52/1675","410/18842",0.126829268292683,1.42669676010193,2.72858331835361,0.00578042467576165,0.0350733952746392,0.0350733952746392,"FXYD1/SLC8A3/MT1A/CNR1/SLC24A4/SLC1A1/P2RX1/GDF2/MCOLN1/CARTPT/TRPC3/SLC11A1/CFTR/CYBRD1/CACNB4/FXYD6/CASQ2/ATP1B2/SLC4A1/P2RY1/TFRC/LRRK2/CCL14/MT1M/CDH5/WFS1/CAV3/ATP1A2/CAV1/TMEM178A/SLC39A8/CAV2/SCARA5/CXCL12/PTH1R/SCNN1G/SMAD9/EDN1/CDH23/ALAS2/ATP6V0D2/ATP13A4/GPER1/ADCY8/HVCN1/MT1X/SLC26A3/BMP2/ATP2B3/CCL23/CA2/EDN3",52
"GO:1903706","GO:1903706","regulation of hemopoiesis","49/1675","382/18842",0.128272251308901,1.44292881144018,2.73188202748205,0.00583963492945068,0.0353906785120145,0.0353906785120145,"TGFBR2/HLA-DRA/CD69/EVI2B/GPR65/AGER/TYROBP/GATA1/NCKAP1L/QKI/CARTPT/HOXA5/IL17D/VSIR/NFAM1/MTURN/PTN/IL7R/LILRB3/CLEC12A/JUNB/PLA2G3/MIR221/TAL1/GAS6/ETS1/BTK/TMEM178A/ZBTB16/SPI1/NFKBIZ/KLF13/TLR4/NEDD9/CRTAM/UBASH3B/C1QC/IHH/ZFP36/DCSTAMP/CSF3/GFI1B/PPARGC1B/MIR222/RHEX/IL34/IL27/PF4/SMAD7",49
"GO:0050772","GO:0050772","positive regulation of axonogenesis","12/1675","60/18842",0.2,2.24979104477612,3.02868629568372,0.00588312863991806,0.035612074548143,0.035612074548143,"ROBO2/NTRK2/VIM/CDKL5/SLIT2/SEMA5A/CXCL12/BDNF/TRPV2/BMPR2/AMIGO1/MAP6",12
"GO:0010038","GO:0010038","response to metal ion","41/1675","308/18842",0.133116883116883,1.49742585772437,2.74935812228878,0.00593071188995449,0.0358576729516752,0.0358576729516752,"AQP1/MT1A/SNCA/KCNB1/MCOLN1/TRPC3/SLC11A1/NRXN1/ALOX15/OTC/CASQ2/IL1A/KCNK3/TFRC/CAT/LRRK2/MT1M/KCNMB2/CAV1/FBP1/SLC39A8/DUSP1/CAPN3/KCNA1/CYBB/EDN1/RASGRP2/ITPKC/PENK/TUBA1A/CPA1/JUND/ADCY8/HVCN1/CRHBP/TNNC1/PRND/MT1X/CYP1A1/GRIA1/ALOX5AP",41
"GO:0007218","GO:0007218","neuropeptide signaling pathway","19/1675","115/18842",0.165217391304348,1.85852303698897,2.88455580325473,0.00602650620324797,0.0363938361624715,0.0363938361624715,"NPY4R2/ECRG4/GNAQ/CARTPT/NPY2R/NMBR/NMUR2/SSTR1/NXPH3/PDYN/NPY5R/NMUR1/QRFPR/PROK2/PTGDR2/CRH/SSTR4/PENK/AGRP",19
"GO:0050848","GO:0050848","regulation of calcium-mediated signaling","15/1675","83/18842",0.180722891566265,2.03294371515914,2.94593417751823,0.0060376462240049,0.0364181137214447,0.0364181137214447,"P2RX2/CMKLR1/SLC24A4/PPP3R2/NMUR2/LRRK2/NMUR1/MYOZ1/RAMP3/RCAN1/BST1/EDN1/CDH13/EFHB/LMCD1",15
"GO:0009914","GO:0009914","hormone transport","38/1675","281/18842",0.135231316725979,1.52121102671695,2.74965525540087,0.0060882248638092,0.0364973607538961,0.0364973607538961,"KCNB1/RAPGEF4/TBX3/MYRIP/PPARG/FFAR4/ECRG4/GNAQ/CARTPT/PDE8B/RBP4/P2RY1/PLA2G3/FFAR3/IL1B/BTK/TACR1/DAB2/VIP/CRH/RAB11FIP1/AGTR1/EDN1/IL6/GJA1/RETN/GPER1/G6PC2/EXOC3L1/ADCY8/CRHBP/ALOX5/HCAR2/TUBB1/CRY2/KCNA5/CAMP/EDN3",38
"GO:0043535","GO:0043535","regulation of blood vessel endothelial cell migration","24/1675","157/18842",0.152866242038217,1.71958551193079,2.82812019312278,0.00609749335697073,0.0364973607538961,0.0364973607538961,"KLF4/MIR126/JCAD/STARD13/PPARG/GDF2/MMRN2/MEOX2/PDGFB/GATA2/MIR221/MMRN1/ETS1/ACVRL1/ANGPT1/NOTCH1/GAB1/RHOJ/AGTR2/RGCC/FGF2/VASH1/TGFBR3/ANGPT4",24
"GO:0051048","GO:0051048","negative regulation of secretion","24/1675","157/18842",0.152866242038217,1.71958551193079,2.82812019312278,0.00609749335697073,0.0364973607538961,0.0364973607538961,"SNCA/STXBP6/KCNB1/FFAR4/NCKAP1L/CARTPT/PDE8B/NPY2R/SYT4/NRG1/P2RY1/NPY5R/ADTRP/IL1B/SPI1/NOTCH1/CRH/RAB11FIP1/EDN1/GJA1/PDE1C/CRHBP/FRMD4A/CRY2",24
"GO:0062013","GO:0062013","positive regulation of small molecule metabolic process","24/1675","157/18842",0.152866242038217,1.71958551193079,2.82812019312278,0.00609749335697073,0.0364973607538961,0.0364973607538961,"SNCA/CD244/PPARG/P2RX7/QKI/MID1IP1/CYP7A1/SORBS1/APOA1/CES1/P2RY1/PLA2G3/PRKAG3/IL1B/ABCG1/DAB2/PTH1R/AGTR1/EDN1/GPIHBP1/ADCYAP1R1/GPER1/PID1/KAT2B",24
"GO:0031346","GO:0031346","positive regulation of cell projection organization","43/1675","327/18842",0.131498470948012,1.47922041170295,2.73060890975689,0.00611319095081523,0.0364973607538961,0.0364973607538961,"ROBO2/GPM6A/FEZ1/ANKRD1/PLCE1/P2RX7/ZDHHC15/NTRK2/PLPPR5/NDNF/PTN/SCARF1/ATP1B2/VIM/CDKL5/APBB1/PLA2G3/MIR221/SLIT2/ZMYND10/SEMA5A/DAB2IP/ENPP2/CXCL12/BDNF/NDRG4/COBL/CX3CL1/NEDD9/FZD4/TRPV2/BMPR2/ALKAL2/NTRK3/PTPRD/MIR222/DDR2/KAT2B/DOCK11/P2RY12/AMIGO1/PIK3R1/MAP6",43
"GO:0043500","GO:0043500","muscle adaptation","18/1675","107/18842",0.168224299065421,1.89234760775561,2.89142066588648,0.00611413988350746,0.0364973607538961,0.0364973607538961,"KLF4/MYOC/PPARG/TRPC3/ADRA1A/APLNR/GATA5/PDGFB/CAV3/MYOZ1/IL1B/NOTCH1/EDN1/NR4A3/KLF15/ARRB1/JUND/LMCD1",18
"GO:0007044","GO:0007044","cell-substrate junction assembly","16/1675","91/18842",0.175824175824176,1.97783828112186,2.92070498217061,0.0061336411242807,0.0364973607538961,0.0364973607538961,"ARHGAP6/MYOC/THSD1/CORO2B/SORBS1/ACTN2/PPM1F/FAM107A/TEK/ACVRL1/DLC1/GPM6B/PHLDB2/PEAK1/LIMCH1/FERMT2",16
"GO:0048736","GO:0048736","appendage development","16/1675","91/18842",0.175824175824176,1.97783828112186,2.92070498217061,0.0061336411242807,0.0364973607538961,0.0364973607538961,"CYP26B1/RSPO2/TBX3/PRICKLE1/RSPO4/TBX5/FGFR2/WNT7A/ZBTB16/TGFB2/TBX2/TBX4/IHH/KAT2B/AFF3/FERMT2",16
"GO:0060173","GO:0060173","limb development","16/1675","91/18842",0.175824175824176,1.97783828112186,2.92070498217061,0.0061336411242807,0.0364973607538961,0.0364973607538961,"CYP26B1/RSPO2/TBX3/PRICKLE1/RSPO4/TBX5/FGFR2/WNT7A/ZBTB16/TGFB2/TBX2/TBX4/IHH/KAT2B/AFF3/FERMT2",16
"GO:0090181","GO:0090181","regulation of cholesterol metabolic process","11/1675","53/18842",0.207547169811321,2.33468882005069,3.03933310926144,0.0061429227090458,0.0364973607538961,0.0364973607538961,"LDLR/QKI/CYP7A1/APOA1/CES1/LPCAT3/ABCG1/AGTR1/GPR146/INSIG1/ACADL",11
"GO:1901570","GO:1901570","fatty acid derivative biosynthetic process","11/1675","53/18842",0.207547169811321,2.33468882005069,3.03933310926144,0.0061429227090458,0.0364973607538961,0.0364973607538961,"GGTLC1/ALOX15/GGTLC3/GGTLC2/ACSBG1/AWAT2/GGTA1/ACSS3/HMGCLL1/ALOX5/FAR2",11
"GO:0008645","GO:0008645","hexose transmembrane transport","17/1675","99/18842",0.171717171717172,1.93163877581788,2.90307180357082,0.00615410157056084,0.0364973607538961,0.0364973607538961,"PPBP/FFAR4/TRARG1/CARTPT/SORBS1/PTPRM/SLC2A9/SLC5A9/PLA2G1B/SLC2A3/IL1B/SLC5A4/ITLN1/INPP5K/NR4A3/PID1/PIK3R1",17
"GO:0097006","GO:0097006","regulation of plasma lipoprotein particle levels","17/1675","99/18842",0.171717171717172,1.93163877581788,2.90307180357082,0.00615410157056084,0.0364973607538961,0.0364973607538961,"PLA2G5/LDLR/PCSK9/LPL/APOA1/PLA2G3/APOC1/LIPA/LPCAT3/ABCG1/MFSD2A/AGTR1/GPIHBP1/MSR1/CD36/CETP/PLA2G2A",17
"GO:0046883","GO:0046883","regulation of hormone secretion","33/1675","236/18842",0.139830508474576,1.57294712876296,2.76666271560064,0.00615781472739244,0.0364973607538961,0.0364973607538961,"KCNB1/RAPGEF4/MYRIP/PPARG/FFAR4/ECRG4/GNAQ/CARTPT/PDE8B/RBP4/P2RY1/PLA2G3/FFAR3/IL1B/TACR1/DAB2/CRH/RAB11FIP1/AGTR1/EDN1/IL6/GJA1/RETN/GPER1/G6PC2/ADCY8/CRHBP/ALOX5/HCAR2/CRY2/KCNA5/CAMP/EDN3",33
"GO:0048732","GO:0048732","gland development","33/1675","236/18842",0.139830508474576,1.57294712876296,2.76666271560064,0.00615781472739244,0.0364973607538961,0.0364973607538961,"VTN/NR5A2/TBX3/PCSK9/NOTCH4/POU1F1/LBH/APLN/SLC22A4/CITED2/ERBB4/ALDH1A2/TCF21/NRG1/OTC/FGF10/FGFR2/DKK3/CAV1/GATA6/TGFB2/COBL/EDN1/IL6/WNT11/IHH/CA3/TGFBR3/CYP1A1/BMP2/CDO1/TUBB1/DNAAF1",33
"GO:0034110","GO:0034110","regulation of homotypic cell-cell adhesion","9/1675","39/18842",0.230769230769231,2.59591274397245,3.11630567199558,0.00619584989869359,0.0365955799443622,0.0365955799443623,"PRKCQ/PLPP3/PRKG1/PDPN/MMRN1/EMILIN2/IL6/CTSG/CELA2B",9
"GO:0046688","GO:0046688","response to copper ion","9/1675","39/18842",0.230769230769231,2.59591274397245,3.11630567199558,0.00619584989869359,0.0365955799443622,0.0365955799443623,"AQP1/MT1A/SNCA/IL1A/TFRC/MT1M/PRND/MT1X/CYP1A1",9
"GO:0070633","GO:0070633","transepithelial transport","9/1675","39/18842",0.230769230769231,2.59591274397245,3.11630567199558,0.00619584989869359,0.0365955799443622,0.0365955799443623,"AQP1/CLDN19/SLC1A1/CFTR/ABCB1/EDN1/EDNRB/CLDN18/ABCG2",9
"GO:0015711","GO:0015711","organic anion transport","55/1675","440/18842",0.125,1.40611940298507,2.69252497917585,0.00622776953704845,0.0367416853310298,0.0367416853310298,"PLA2G5/KMO/SLC16A11/SLCO1A2/PPARG/SLC46A2/SLC1A1/SLC22A8/RBP2/SLC16A6/SLC22A4/CFTR/SYT4/SLCO4C1/NMUR2/SLC2A9/SLC4A1/CES1/NPY5R/SLC17A8/PLA2G3/PLA2G1B/CA4/SLC2A3/FABP12/ATP1A2/ABCB1/IL1B/SLC51B/SLC27A6/ACE/SLC39A8/FABP4/SLC22A10/FABP5/SLC7A7/FOLR3/SLCO2A1/SLC27A3/CRH/MFSD2A/SLC6A13/SLC25A25/EDN1/SLCO2B1/SLC19A1/GJA1/LRRC8C/SLC22A6/SLC5A7/CD36/PLA2G2A/SLC26A3/RBP7/ABCG2",55
"GO:0003143","GO:0003143","embryonic heart tube morphogenesis","10/1675","46/18842",0.217391304347826,2.4454250486697,3.06587152029282,0.0062726064957758,0.0368786002596474,0.0368786002596474,"TGFBR2/ENG/SOX17/APLNR/SOX18/NOTCH1/NDRG4/TBX2/IHH/DNAAF1",10
"GO:0003229","GO:0003229","ventricular cardiac muscle tissue development","10/1675","46/18842",0.217391304347826,2.4454250486697,3.06587152029282,0.0062726064957758,0.0368786002596474,0.0368786002596474,"ENG/NRG1/MYL3/TBX5/FGFR2/NOTCH1/TGFB2/TNNC1/TGFBR3/SMAD7",10
"GO:0061371","GO:0061371","determination of heart left/right asymmetry","10/1675","46/18842",0.217391304347826,2.4454250486697,3.06587152029282,0.0062726064957758,0.0368786002596474,0.0368786002596474,"TGFBR2/ENG/SOX17/APLNR/SOX18/NOTCH1/NDRG4/TBX2/IHH/DNAAF1",10
"GO:0042730","GO:0042730","fibrinolysis","7/1675","26/18842",0.269230769230769,3.02856486796785,3.23313693175783,0.00628845631315262,0.0368869885800179,0.0368869885800179,"VTN/CPB2/THBD/F11/KRT1/PROS1/SERPING1",7
"GO:0097205","GO:0097205","renal filtration","7/1675","26/18842",0.269230769230769,3.02856486796785,3.23313693175783,0.00628845631315262,0.0368869885800179,0.0368869885800179,"GJA5/PDGFB/GAS6/EDN1/PTPRO/EMP2/CD34",7
"GO:0003085","GO:0003085","negative regulation of systemic arterial blood pressure","6/1675","20/18842",0.3,3.37468656716418,3.31894905214837,0.00636309045752573,0.0369434820547606,0.0369434820547606,"ADRB1/ADRB2/CRH/KL/AGTR2/BMPR2",6
"GO:0006837","GO:0006837","serotonin transport","6/1675","20/18842",0.3,3.37468656716418,3.31894905214837,0.00636309045752573,0.0369434820547606,0.0369434820547606,"SNCA/FCER1G/SLC6A4/CRH/GPM6B/NOS1",6
"GO:0006957","GO:0006957","complement activation, alternative pathway","6/1675","20/18842",0.3,3.37468656716418,3.31894905214837,0.00636309045752573,0.0369434820547606,0.0369434820547606,"VSIG4/MASP1/CFD/C7/CFP/C8B",6
"GO:0034104","GO:0034104","negative regulation of tissue remodeling","6/1675","20/18842",0.3,3.37468656716418,3.31894905214837,0.00636309045752573,0.0369434820547606,0.0369434820547606,"TNFAIP3/PPARG/P2RX7/CARTPT/IL6/UBASH3B",6
"GO:0035358","GO:0035358","regulation of peroxisome proliferator activated receptor signaling pathway","6/1675","20/18842",0.3,3.37468656716418,3.31894905214837,0.00636309045752573,0.0369434820547606,0.0369434820547606,"CITED2/ALOX15/PTGIS/FABP5/JUND/BMP2",6
"GO:0046885","GO:0046885","regulation of hormone biosynthetic process","6/1675","20/18842",0.3,3.37468656716418,3.31894905214837,0.00636309045752573,0.0369434820547606,0.0369434820547606,"NR5A2/EGR1/FFAR3/DKK3/DAB2/BMP2",6
"GO:0150118","GO:0150118","negative regulation of cell-substrate junction organization","6/1675","20/18842",0.3,3.37468656716418,3.31894905214837,0.00636309045752573,0.0369434820547606,0.0369434820547606,"ARHGAP6/FAM107A/RAB40A/ACVRL1/DLC1/PHLDB2",6
"GO:2000738","GO:2000738","positive regulation of stem cell differentiation","6/1675","20/18842",0.3,3.37468656716418,3.31894905214837,0.00636309045752573,0.0369434820547606,0.0369434820547606,"NR5A2/PTN/TBX5/RBM24/SOX5/TGFB2",6
"GO:2001212","GO:2001212","regulation of vasculogenesis","6/1675","20/18842",0.3,3.37468656716418,3.31894905214837,0.00636309045752573,0.0369434820547606,0.0369434820547606,"RRAS/TMEM100/HEY1/RAMP2/EMP2/CD34",6
"GO:0006874","GO:0006874","intracellular calcium ion homeostasis","26/1675","175/18842",0.148571428571429,1.67127334754797,2.78672004600224,0.00648015620131736,0.037580497698116,0.037580497698116,"SLC8A3/CNR1/SLC24A4/P2RX1/CARTPT/TRPC3/CACNB4/CASQ2/P2RY1/CCL14/CDH5/WFS1/CAV3/CAV1/TMEM178A/CAV2/CXCL12/PTH1R/EDN1/CDH23/ATP13A4/GPER1/ADCY8/ATP2B3/CCL23/EDN3",26
"GO:0002703","GO:0002703","regulation of leukocyte mediated immunity","31/1675","219/18842",0.141552511415525,1.59231786274109,2.75400194537511,0.00650720646218532,0.0376946331303261,0.0376946331303261,"SH2D1B/HLA-DRA/TNFSF13/AGER/TYROBP/GATA1/CADM1/HLA-E/NCKAP1L/IL18R1/RASGRP4/CLEC12B/FGR/TFRC/DNASE1L3/PLA2G3/GATA2/C4BPA/IL1B/BTK/KLRD1/SPI1/CX3CR1/IL6/ARID5A/CRTAM/CLC/ICAM1/SCIMP/SMAD7/NCR1",31
"GO:1903036","GO:1903036","positive regulation of response to wounding","14/1675","76/18842",0.184210526315789,2.07217596229379,2.92549380881297,0.00659716845369489,0.0381293973340671,0.0381293973340671,"DUOX1/VTN/PTN/SCARF1/MIR221/PRKCE/EMILIN2/THBD/HBEGF/MYLK/CD36/MIR222/DDR2/FERMT2",14
"GO:1904377","GO:1904377","positive regulation of protein localization to cell periphery","14/1675","76/18842",0.184210526315789,2.07217596229379,2.92549380881297,0.00659716845369489,0.0381293973340671,0.0381293973340671,"SNCA/EPB41L2/SPTBN1/NRXN1/WNT3A/SORBS1/STAC3/NKD2/PRKCE/RAMP3/PRKCH/GPER1/PIK3R1/STAC",14
"GO:0060078","GO:0060078","regulation of postsynaptic membrane potential","22/1675","141/18842",0.156028368794326,1.7551561342225,2.81142221833931,0.00660911832666577,0.0381553501590242,0.0381553501590242,"SLC8A3/P2RX2/SHANK3/P2RX7/P2RX1/NRXN1/P2RX6/CHRNA4/CHRM1/LRRK2/CHRNA2/WNT7A/ADRB2/HTR3C/GRIK4/CRH/INSYN1/GRIN3B/NOS1/GABRA4/GRID1/GRIA1",22
"GO:0032760","GO:0032760","positive regulation of tumor necrosis factor production","19/1675","116/18842",0.163793103448276,1.8425012866701,2.84308101163207,0.00662231407759987,0.0381884289818753,0.0381884289818753,"AGER/TYROBP/HLA-E/LPL/LILRA5/IL1A/LRRK2/IL33/SPN/BTK/FCGR3A/CYBB/IL6/TLR4/ARID5A/AKAP12/PF4/LILRA2/CAMP",19
"GO:0010595","GO:0010595","positive regulation of endothelial cell migration","21/1675","133/18842",0.157894736842105,1.77615082482325,2.80581371169652,0.00684895625903468,0.0394509135866694,0.0394509135866693,"MIR126/JCAD/PLPP3/RRAS/PDGFB/GATA2/MIR221/SASH1/ETS1/TEK/SEMA5A/ANGPT1/GAB1/FLT4/EDN1/ANXA3/RHOJ/ATOH8/FGF2/TGFBR3/ANGPT4",21
"GO:0008306","GO:0008306","associative learning","11/1675","54/18842",0.203703703703704,2.2914538419016,2.96857256620995,0.00710906329329609,0.0408112892763294,0.0408112892763294,"SHANK3/SLC1A1/CARTPT/SLC6A4/FOS/TACR1/CRH/NDRG4/TUBA1A/NRGN/GRIA1",11
"GO:0042572","GO:0042572","retinol metabolic process","11/1675","54/18842",0.203703703703704,2.2914538419016,2.96857256620995,0.00710906329329609,0.0408112892763294,0.0408112892763294,"ADH1A/CYP1A2/HSD17B6/RBP4/CYP3A7/ALDH1A2/CES1/ALDH1A1/AWAT2/ADH1B/CYP1A1",11
"GO:0050731","GO:0050731","positive regulation of peptidyl-tyrosine phosphorylation","11/1675","54/18842",0.203703703703704,2.2914538419016,2.96857256620995,0.00710906329329609,0.0408112892763294,0.0408112892763294,"CASS4/LILRA5/ERBB4/NRG1/FGF10/IL20/ANGPT1/IL6/NEDD9/ANGPT4/IL13",11
"GO:0044706","GO:0044706","multi-multicellular organism process","24/1675","159/18842",0.150943396226415,1.69795550549141,2.76067428223051,0.00713675717068872,0.0409243418476152,0.0409243418476152,"MAFF/SCGB1A1/CLIC5/PTN/ACR/FBLN1/PTGFR/TEKT3/FOS/IL1B/TACR1/CRH/EDN1/SLC19A1/PZP/IHH/GJA1/TPPP3/FOSB/ENDOU/CRHBP/EMP2/AGRP/CYP1A1",24
"GO:0061844","GO:0061844","antimicrobial humoral immune response mediated by antimicrobial peptide","22/1675","142/18842",0.154929577464789,1.74279587975615,2.77526866321389,0.00718235863892359,0.0411397138164548,0.0411397138164548,"CCL16/PPBP/DEFA3/TSLP/CCL24/CCL14/PLA2G1B/CCL2/DEFA4/CXCL3/KLK3/VIP/CXCL12/CXCL2/CX3CL1/DMBT1/S100A12/CCL18/PF4/PGLYRP1/CAMP/CCL23",22
"GO:0032609","GO:0032609","type II interferon production","19/1675","117/18842",0.162393162393162,1.82675341242505,2.80201328939402,0.00726518925069856,0.0415211653824839,0.0415211653824839,"CD244/IL18R1/SLC11A1/VSIR/HLA-DPA1/IL33/GAS6/IL1B/IL1RL1/SIRPA/HMSD/TLR4/ARID5A/CRTAM/IL20RA/TLR8/LAPTM5/PDCD1LG2/IL27",19
"GO:0032649","GO:0032649","regulation of type II interferon production","19/1675","117/18842",0.162393162393162,1.82675341242505,2.80201328939402,0.00726518925069856,0.0415211653824839,0.0415211653824839,"CD244/IL18R1/SLC11A1/VSIR/HLA-DPA1/IL33/GAS6/IL1B/IL1RL1/SIRPA/HMSD/TLR4/ARID5A/CRTAM/IL20RA/TLR8/LAPTM5/PDCD1LG2/IL27",19
"GO:0002886","GO:0002886","regulation of myeloid leukocyte mediated immunity","10/1675","47/18842",0.212765957446809,2.39339472848523,2.98754258154522,0.00734740853439485,0.0418974299369339,0.0418974299369339,"TYROBP/GATA1/HLA-E/FGR/DNASE1L3/PLA2G3/GATA2/BTK/SPI1/CX3CR1",10
"GO:0010712","GO:0010712","regulation of collagen metabolic process","10/1675","47/18842",0.212765957446809,2.39339472848523,2.98754258154522,0.00734740853439485,0.0418974299369339,0.0418974299369339,"CYP7A1/VSIR/MFAP4/VIM/NOTCH1/CYGB/IL6/KLF15/RGCC/DDR2",10
"GO:1900744","GO:1900744","regulation of p38MAPK cascade","9/1675","40/18842",0.225,2.53101492537313,3.0277469332055,0.00737751165407634,0.0419754973421585,0.0419754973421585,"AGER/GADD45B/PER1/SASH1/IL1B/DAB2IP/DUSP1/SPI1/BMP2",9
"GO:1904994","GO:1904994","regulation of leukocyte adhesion to vascular endothelial cell","9/1675","40/18842",0.225,2.53101492537313,3.0277469332055,0.00737751165407634,0.0419754973421585,0.0419754973421585,"KLF4/MIR221/SELP/SELE/ETS1/CXCL12/IL6/MIR222/ALOX5",9
"GO:0034341","GO:0034341","response to type II interferon","18/1675","109/18842",0.165137614678899,1.85762563330138,2.80491375601161,0.00742420634242118,0.042194239379427,0.042194239379427,"SNCA/GBP4/PPARG/SLC11A1/HLA-DPA1/GBP7/HCK/MEFV/DAPK1/CXCL16/CCL2/IRF8/FCAR/SIRPA/EDN1/TLR4/CAMK2A/AQP4",18
"GO:0015749","GO:0015749","monosaccharide transmembrane transport","17/1675","101/18842",0.168316831683168,1.89338850302941,2.81200988305773,0.00753542517717419,0.0427788010890632,0.0427788010890632,"PPBP/FFAR4/TRARG1/CARTPT/SORBS1/PTPRM/SLC2A9/SLC5A9/PLA2G1B/SLC2A3/IL1B/SLC5A4/ITLN1/INPP5K/NR4A3/PID1/PIK3R1",17
"GO:0021782","GO:0021782","glial cell development","16/1675","93/18842",0.172043010752688,1.9353041245386,2.82434305229058,0.00758428922003294,0.0429608409307514,0.0429608409307514,"LDLR/MYOC/AGER/MYRF/TPPP/ZEB2/NRROS/PRX/MAG/PLP1/C5AR1/LGI4/GPM6B/IL6/FPR2/C1QA",16
"GO:1904659","GO:1904659","D-glucose transmembrane transport","16/1675","93/18842",0.172043010752688,1.9353041245386,2.82434305229058,0.00758428922003294,0.0429608409307514,0.0429608409307514,"PPBP/FFAR4/TRARG1/CARTPT/SORBS1/PTPRM/SLC2A9/PLA2G1B/SLC2A3/IL1B/SLC5A4/ITLN1/INPP5K/NR4A3/PID1/PIK3R1",16
"GO:0048864","GO:0048864","stem cell development","12/1675","62/18842",0.193548387096774,2.17721714010592,2.90012558320574,0.00770431391537247,0.0435442714664422,0.0435442714664422,"RADIL/SEMA6A/SEMA3B/SEMA3G/ERBB4/NRG1/SEMA6D/SEMA3D/WNT7A/SEMA5A/EDN1/FGF2",12
"GO:0060632","GO:0060632","regulation of microtubule-based movement","12/1675","62/18842",0.193548387096774,2.17721714010592,2.90012558320574,0.00770431391537247,0.0435442714664422,0.0435442714664422,"CLXN/CFAP206/FEZ1/TRIM58/EPPIN/DRC2/GAS2L2/CFAP43/TACR1/DRC1/ODAD2/DNAAF1",12
"GO:0045779","GO:0045779","negative regulation of bone resorption","5/1675","15/18842",0.333333333333333,3.74965174129353,3.32770589930621,0.00776139535199544,0.0437219572967584,0.0437219572967584,"TNFAIP3/P2RX7/CARTPT/IL6/UBASH3B",5
"GO:0051412","GO:0051412","response to corticosterone","5/1675","15/18842",0.333333333333333,3.74965174129353,3.32770589930621,0.00776139535199544,0.0437219572967584,0.0437219572967584,"CARTPT/FOS/CRH/FOSB/NTRK3",5
"GO:0099509","GO:0099509","regulation of presynaptic cytosolic calcium ion concentration","5/1675","15/18842",0.333333333333333,3.74965174129353,3.32770589930621,0.00776139535199544,0.0437219572967584,0.0437219572967584,"CNR1/P2RX1/CACNB4/P2RY1/ATP2B3",5
"GO:0051147","GO:0051147","regulation of muscle cell differentiation","22/1675","143/18842",0.153846153846154,1.73060849598163,2.73940171292145,0.00779562063549155,0.0437871632387927,0.0437871632387927,"CYP26B1/MYOCD/ENG/NOTCH4/WNT3A/NRG1/PDGFB/NFATC1/MIR221/RBM24/CAV3/FGFR2/HEY1/LMOD3/RCAN1/NOTCH1/BDNF/EDN1/MYLK3/GPER1/MIR222/BMP2",22
"GO:0007288","GO:0007288","sperm axoneme assembly","7/1675","27/18842",0.259259259259259,2.91639579878386,3.11262755476614,0.00785001538415893,0.0437871632387927,0.0437871632387927,"CFAP206/DRC7/CFAP43/DNAH12/CFAP65/CFAP58/CFAP47",7
"GO:0010875","GO:0010875","positive regulation of cholesterol efflux","7/1675","27/18842",0.259259259259259,2.91639579878386,3.11262755476614,0.00785001538415893,0.0437871632387927,0.0437871632387927,"PPARG/ABCA8/APOA1/CES1/CAV1/ABCG1/ABCA3",7
"GO:0031579","GO:0031579","membrane raft organization","7/1675","27/18842",0.259259259259259,2.91639579878386,3.11262755476614,0.00785001538415893,0.0437871632387927,0.0437871632387927,"MAL/COLEC12/CAV3/MYADM/CAV1/CAV2/EMP2",7
"GO:0035909","GO:0035909","aorta morphogenesis","7/1675","27/18842",0.259259259259259,2.91639579878386,3.11262755476614,0.00785001538415893,0.0437871632387927,0.0437871632387927,"TGFBR2/ENG/HEY1/ACVRL1/TGFB2/TBX2/MYLK",7
"GO:0050995","GO:0050995","negative regulation of lipid catabolic process","7/1675","27/18842",0.259259259259259,2.91639579878386,3.11262755476614,0.00785001538415893,0.0437871632387927,0.0437871632387927,"ACACB/APOC1/IL1B/MFSD2A/ENDOU/HCAR2/HCAR3",7
"GO:1901099","GO:1901099","negative regulation of signal transduction in absence of ligand","7/1675","27/18842",0.259259259259259,2.91639579878386,3.11262755476614,0.00785001538415893,0.0437871632387927,0.0437871632387927,"KLF4/GATA1/NRG1/IL1A/IL1B/EYA4/PF4",7
"GO:1905523","GO:1905523","positive regulation of macrophage migration","7/1675","27/18842",0.259259259259259,2.91639579878386,3.11262755476614,0.00785001538415893,0.0437871632387927,0.0437871632387927,"CMKLR1/RARRES2/CCL2/C5AR1/CX3CL1/IL34/P2RY12",7
"GO:2001240","GO:2001240","negative regulation of extrinsic apoptotic signaling pathway in absence of ligand","7/1675","27/18842",0.259259259259259,2.91639579878386,3.11262755476614,0.00785001538415893,0.0437871632387927,0.0437871632387927,"KLF4/GATA1/NRG1/IL1A/IL1B/EYA4/PF4",7
"GO:0007548","GO:0007548","sex differentiation","25/1675","169/18842",0.14792899408284,1.66404663075157,2.70861362106893,0.00790807390186655,0.04406296079308,0.04406296079308,"ROBO2/NR5A2/SLIT3/TBX3/SRY/CYP17A1/WNT2B/GATA1/RBP4/C18orf63/CITED2/TCF21/SLIT2/WNT7A/GATA6/ACE/NOTCH1/FSHR/MMP19/GFRA1/TGFB2/RETN/ADCYAP1R1/UTF1/FOXF2",25
"GO:0006809","GO:0006809","nitric oxide biosynthetic process","13/1675","70/18842",0.185714285714286,2.08909168443497,2.85148023886965,0.00809654466978931,0.0450640108661287,0.0450640108661287,"KLF4/KLF2/MTARC2/PTGIS/CAV1/IL1B/CX3CR1/SIRPA/EDN1/TLR4/HBB/NOS1/CD36",13
"GO:0038066","GO:0038066","p38MAPK cascade","11/1675","55/18842",0.2,2.24979104477612,2.89936046330504,0.00818976559565289,0.0452733909731141,0.0452733909731141,"AGER/MAP3K15/GADD45B/PER1/SASH1/IL1B/DAB2IP/DUSP1/SPI1/ZFP36/BMP2",11
"GO:0038084","GO:0038084","vascular endothelial growth factor signaling pathway","11/1675","55/18842",0.2,2.24979104477612,2.89936046330504,0.00818976559565289,0.0452733909731141,0.0452733909731141,"VTN/JCAD/CCBE1/SEMA6A/TSPAN32/DCN/DAB2IP/ANGPT1/GAB1/FLT4/VEGFD",11
"GO:0050805","GO:0050805","negative regulation of synaptic transmission","11/1675","55/18842",0.2,2.24979104477612,2.89936046330504,0.00818976559565289,0.0452733909731141,0.0452733909731141,"KCNB1/SHANK3/AGER/BCHE/ARC/NPY5R/SLC6A4/IL1B/PENK/ADCY8/GABRA4",11
"GO:0050881","GO:0050881","musculoskeletal movement","11/1675","55/18842",0.2,2.24979104477612,2.89936046330504,0.00818976559565289,0.0452733909731141,0.0452733909731141,"SLC8A3/KBTBD13/TNNI2/STAC3/TNNT3/CAV3/ADGRD1/CA3/TNNC1/SYNM/STAC",11
"GO:0003351","GO:0003351","epithelial cilium movement involved in extracellular fluid movement","6/1675","21/18842",0.285714285714286,3.21398720682303,3.17084916880062,0.00824922783713438,0.0452733909731141,0.0452733909731141,"ODAD4/ROPN1L/NEK10/CFAP53/AQP4/DNAAF1",6
"GO:0010878","GO:0010878","cholesterol storage","6/1675","21/18842",0.285714285714286,3.21398720682303,3.17084916880062,0.00824922783713438,0.0452733909731141,0.0452733909731141,"PPARG/LPL/CES1/ABCG1/MSR1/CD36",6
"GO:0021988","GO:0021988","olfactory lobe development","6/1675","21/18842",0.285714285714286,3.21398720682303,3.17084916880062,0.00824922783713438,0.0452733909731141,0.0452733909731141,"ROBO2/ERBB4/LRRK2/SLIT2/ATP1A2/AGTPBP1",6
"GO:0034375","GO:0034375","high-density lipoprotein particle remodeling","6/1675","21/18842",0.285714285714286,3.21398720682303,3.17084916880062,0.00824922783713438,0.0452733909731141,0.0452733909731141,"LPL/APOA1/PLA2G3/APOC1/ABCG1/CETP",6
"GO:0048566","GO:0048566","embryonic digestive tract development","6/1675","21/18842",0.285714285714286,3.21398720682303,3.17084916880062,0.00824922783713438,0.0452733909731141,0.0452733909731141,"FOXF1/TCF21/RARRES2/PKDCC/FGFR2/TGFB2",6
"GO:0060352","GO:0060352","cell adhesion molecule production","6/1675","21/18842",0.285714285714286,3.21398720682303,3.17084916880062,0.00824922783713438,0.0452733909731141,0.0452733909731141,"NOTCH4/APOA1/MIR221/IL1B/NOTCH1/MIR222",6
"GO:0072010","GO:0072010","glomerular epithelium development","6/1675","21/18842",0.285714285714286,3.21398720682303,3.17084916880062,0.00824922783713438,0.0452733909731141,0.0452733909731141,"PODXL/PECAM1/EDN1/PTPRO/KLF15/CD34",6
"GO:0098883","GO:0098883","synapse pruning","6/1675","21/18842",0.285714285714286,3.21398720682303,3.17084916880062,0.00824922783713438,0.0452733909731141,0.0452733909731141,"C1QB/CX3CR1/CX3CL1/C1QC/ADGRB3/C1QA",6
"GO:2000831","GO:2000831","regulation of steroid hormone secretion","6/1675","21/18842",0.285714285714286,3.21398720682303,3.17084916880062,0.00824922783713438,0.0452733909731141,0.0452733909731141,"ECRG4/DAB2/CRH/AGTR1/RETN/CRY2",6
"GO:0055074","GO:0055074","calcium ion homeostasis","28/1675","196/18842",0.142857142857143,1.60699360341151,2.66828052893811,0.00829308208733189,0.045279186312471,0.045279186312471,"SLC8A3/CNR1/SLC24A4/P2RX1/CARTPT/TRPC3/CACNB4/JPH2/CASQ2/P2RY1/CCL14/CDH5/WFS1/CAV3/CAV1/TMEM178A/CAV2/ALPL/CXCL12/PTH1R/EDN1/CDH23/ATP13A4/GPER1/ADCY8/ATP2B3/CCL23/EDN3",28
"GO:0006873","GO:0006873","intracellular monoatomic ion homeostasis","52/1675","418/18842",0.124401913875598,1.39939155895165,2.57933194691346,0.00838261277809746,0.045279186312471,0.045279186312471,"FXYD1/SLC8A3/MT1A/CNR1/SLC24A4/SLC1A1/P2RX1/GDF2/MCOLN1/CARTPT/TRPC3/SLC11A1/CFTR/CYBRD1/CACNB4/FXYD6/CASQ2/ATP1B2/SLC4A1/P2RY1/TFRC/LRRK2/CCL14/MT1M/CDH5/WFS1/CAV3/ATP1A2/CAV1/TMEM178A/SLC39A8/CAV2/SCARA5/CXCL12/PTH1R/SCNN1G/SMAD9/EDN1/CDH23/ALAS2/ATP6V0D2/ATP13A4/GPER1/ADCY8/HVCN1/MT1X/SLC26A3/BMP2/ATP2B3/CCL23/CA2/EDN3",52
"GO:0003207","GO:0003207","cardiac chamber formation","4/1675","10/18842",0.4,4.49958208955224,3.45764291077932,0.00843618075381913,0.045279186312471,0.045279186312471,"TBX5/NOTCH1/TBX2/BMP2",4
"GO:0003222","GO:0003222","ventricular trabecula myocardium morphogenesis","4/1675","10/18842",0.4,4.49958208955224,3.45764291077932,0.00843618075381913,0.045279186312471,0.045279186312471,"ENG/NRG1/NOTCH1/TGFB2",4
"GO:0003401","GO:0003401","axis elongation","4/1675","10/18842",0.4,4.49958208955224,3.45764291077932,0.00843618075381913,0.045279186312471,0.045279186312471,"NKD1/PRICKLE1/FGF10/FGFR2",4
"GO:0031290","GO:0031290","retinal ganglion cell axon guidance","4/1675","10/18842",0.4,4.49958208955224,3.45764291077932,0.00843618075381913,0.045279186312471,0.045279186312471,"ROBO2/PTPRM/SLIT2/PTPRO",4
"GO:0034115","GO:0034115","negative regulation of heterotypic cell-cell adhesion","4/1675","10/18842",0.4,4.49958208955224,3.45764291077932,0.00843618075381913,0.045279186312471,0.045279186312471,"KLF4/APOA1/MIR221/MYADM",4
"GO:0035137","GO:0035137","hindlimb morphogenesis","4/1675","10/18842",0.4,4.49958208955224,3.45764291077932,0.00843618075381913,0.045279186312471,0.045279186312471,"WNT7A/ZBTB16/TBX4/AFF3",4
"GO:0035425","GO:0035425","autocrine signaling","4/1675","10/18842",0.4,4.49958208955224,3.45764291077932,0.00843618075381913,0.045279186312471,0.045279186312471,"CD68/CX3CR1/IL6/CX3CL1",4
"GO:0038130","GO:0038130","ERBB4 signaling pathway","4/1675","10/18842",0.4,4.49958208955224,3.45764291077932,0.00843618075381913,0.045279186312471,0.045279186312471,"ERBB4/NRG1/NRG3/HBEGF",4
"GO:0042416","GO:0042416","dopamine biosynthetic process","4/1675","10/18842",0.4,4.49958208955224,3.45764291077932,0.00843618075381913,0.045279186312471,0.045279186312471,"SNCA/DAO/ALDH2/TGFB2",4
"GO:0060039","GO:0060039","pericardium development","4/1675","10/18842",0.4,4.49958208955224,3.45764291077932,0.00843618075381913,0.045279186312471,0.045279186312471,"FLRT3/TBX5/NOTCH1/BMP2",4
"GO:0061303","GO:0061303","cornea development in camera-type eye","4/1675","10/18842",0.4,4.49958208955224,3.45764291077932,0.00843618075381913,0.045279186312471,0.045279186312471,"WNT2B/PRICKLE1/ANGPTL7/WNT9A",4
"GO:0070586","GO:0070586","cell-cell adhesion involved in gastrulation","4/1675","10/18842",0.4,4.49958208955224,3.45764291077932,0.00843618075381913,0.045279186312471,0.045279186312471,"KLF4/APOA1/MIR221/MYADM",4
"GO:0070587","GO:0070587","regulation of cell-cell adhesion involved in gastrulation","4/1675","10/18842",0.4,4.49958208955224,3.45764291077932,0.00843618075381913,0.045279186312471,0.045279186312471,"KLF4/APOA1/MIR221/MYADM",4
"GO:0071372","GO:0071372","cellular response to follicle-stimulating hormone stimulus","4/1675","10/18842",0.4,4.49958208955224,3.45764291077932,0.00843618075381913,0.045279186312471,0.045279186312471,"GATA1/NOTCH1/FSHR/EDN1",4
"GO:0097011","GO:0097011","cellular response to granulocyte macrophage colony-stimulating factor stimulus","4/1675","10/18842",0.4,4.49958208955224,3.45764291077932,0.00843618075381913,0.045279186312471,0.045279186312471,"PDE2A/FCAR/ZFP36/PDE1B",4
"GO:0097012","GO:0097012","response to granulocyte macrophage colony-stimulating factor","4/1675","10/18842",0.4,4.49958208955224,3.45764291077932,0.00843618075381913,0.045279186312471,0.045279186312471,"PDE2A/FCAR/ZFP36/PDE1B",4
"GO:0098917","GO:0098917","retrograde trans-synaptic signaling","4/1675","10/18842",0.4,4.49958208955224,3.45764291077932,0.00843618075381913,0.045279186312471,0.045279186312471,"CNR1/SYT4/ABHD6/FABP5",4
"GO:1901750","GO:1901750","leukotriene D4 biosynthetic process","4/1675","10/18842",0.4,4.49958208955224,3.45764291077932,0.00843618075381913,0.045279186312471,0.045279186312471,"GGTLC1/GGTLC3/GGTLC2/GGTA1",4
"GO:1903977","GO:1903977","positive regulation of glial cell migration","4/1675","10/18842",0.4,4.49958208955224,3.45764291077932,0.00843618075381913,0.045279186312471,0.045279186312471,"MIR221/CX3CL1/MIR222/P2RY12",4
"GO:0050954","GO:0050954","sensory perception of mechanical stimulus","22/1675","144/18842",0.152777777777778,1.7185903814262,2.7038166927667,0.00845089980404101,0.0453106420311004,0.0453106420311004,"TMIE/PCDH15/P2RX2/TMC2/MYO7B/PTPRQ/CLIC5/CLRN2/SLC17A8/WFS1/DCDC2/LHFPL3/LOXHD1/MYH1/KCNE1/CXCL12/POU3F4/KCNA1/SCN1A/CDH23/COL4A3/ROR1",22
"GO:0042417","GO:0042417","dopamine metabolic process","8/1675","34/18842",0.235294117647059,2.64681299385426,3.0020962527723,0.00855155381561676,0.045698650737713,0.045698650737713,"SNCA/DAO/SLC1A1/NPR1/SULT1A1/ALDH2/TGFB2/MAOB",8
"GO:0042755","GO:0042755","eating behavior","8/1675","34/18842",0.235294117647059,2.64681299385426,3.0020962527723,0.00855155381561676,0.045698650737713,0.045698650737713,"SLC24A4/CARTPT/NPY2R/P2RY1/NPY5R/TACR1/CRH/AGRP",8
"GO:1900746","GO:1900746","regulation of vascular endothelial growth factor signaling pathway","8/1675","34/18842",0.235294117647059,2.64681299385426,3.0020962527723,0.00855155381561676,0.045698650737713,0.045698650737713,"VTN/JCAD/CCBE1/SEMA6A/TSPAN32/DCN/DAB2IP/ANGPT1",8
"GO:0120163","GO:0120163","negative regulation of cold-induced thermogenesis","10/1675","48/18842",0.208333333333333,2.34353233830846,2.91119507943444,0.0085590043805922,0.045698650737713,0.045698650737713,"QKI/IL18R1/NPR3/PLCL1/NOVA2/ABHD6/NOTCH1/ALDH1A1/TLR4/ZNF423",10
"GO:0009268","GO:0009268","response to pH","9/1675","41/18842",0.219512195121951,2.46928285402257,2.94183994838646,0.00872370859058833,0.0464203524481432,0.0464203524481432,"GPR65/HYAL1/MCOLN1/GNAQ/KCNK3/SCNN1G/PKD2L1/GPR4/HVCN1",9
"GO:0030501","GO:0030501","positive regulation of bone mineralization","9/1675","41/18842",0.219512195121951,2.46928285402257,2.94183994838646,0.00872370859058833,0.0464203524481432,0.0464203524481432,"P2RX7/CCN1/PTN/PKDCC/KL/GPM6B/BMPR2/ALOX5/BMP2",9
"GO:0051258","GO:0051258","protein polymerization","36/1675","269/18842",0.133828996282528,1.50543638683904,2.60803725887475,0.00873151989341451,0.0464203524481432,0.0464203524481432,"SNCA/ARHGAP6/VTN/TMOD1/CYRIA/SPTBN1/NCKAP1L/PREX1/MID1IP1/TPPP/FHDC1/ARHGAP18/ALOX15/HCK/CASQ2/CCL24/SLIT2/CDH5/PRKCE/CAV3/FAM107A/MYADM/RDX/LMOD3/KANK2/ESAM/CATIP/KANK4/COBL/KANK3/LMOD1/TUBA1A/TPPP3/CSF3/WASF3/TUBB1",36
"GO:0015909","GO:0015909","long-chain fatty acid transport","12/1675","63/18842",0.19047619047619,2.14265813788202,2.83767423927399,0.00876677623947338,0.0464203524481432,0.0464203524481432,"PLA2G5/PPARG/NMUR2/PLA2G3/PLA2G1B/SLC27A6/ACE/FABP4/FABP5/MFSD2A/CD36/PLA2G2A",12
"GO:0035107","GO:0035107","appendage morphogenesis","12/1675","63/18842",0.19047619047619,2.14265813788202,2.83767423927399,0.00876677623947338,0.0464203524481432,0.0464203524481432,"CYP26B1/TBX3/PRICKLE1/TBX5/FGFR2/WNT7A/ZBTB16/TGFB2/TBX2/TBX4/IHH/AFF3",12
"GO:0035108","GO:0035108","limb morphogenesis","12/1675","63/18842",0.19047619047619,2.14265813788202,2.83767423927399,0.00876677623947338,0.0464203524481432,0.0464203524481432,"CYP26B1/TBX3/PRICKLE1/TBX5/FGFR2/WNT7A/ZBTB16/TGFB2/TBX2/TBX4/IHH/AFF3",12
"GO:0035567","GO:0035567","non-canonical Wnt signaling pathway","12/1675","63/18842",0.19047619047619,2.14265813788202,2.83767423927399,0.00876677623947338,0.0464203524481432,0.0464203524481432,"MYOC/NKD1/WNT3A/PRICKLE2/PRICKLE1/SPEF1/SFRP5/WNT7A/DAB2/WNT11/FZD4/GPC3",12
"GO:1901379","GO:1901379","regulation of potassium ion transmembrane transport","12/1675","63/18842",0.19047619047619,2.14265813788202,2.83767423927399,0.00876677623947338,0.0464203524481432,0.0464203524481432,"KCNIP1/FHL1/KCNS1/ATP1B2/AKAP7/KCNAB1/CAV3/CAV1/KCNE1/DPP6/AMIGO1/KCNAB2",12
"GO:0090090","GO:0090090","negative regulation of canonical Wnt signaling pathway","21/1675","136/18842",0.154411764705882,1.73697102721686,2.69427288683982,0.00881623877001068,0.0466339827389914,0.0466339827389914,"MCC/EGR1/SOX17/NKD1/PRICKLE1/DKK2/NKD2/TMEM88/LATS2/SOST/SFRP5/DKK3/CAV1/RBMS3/DAB2IP/DAB2/AMER2/WWTR1/PTPRO/WNT11/BMP2",21
"GO:0006814","GO:0006814","sodium ion transport","33/1675","242/18842",0.136363636363636,1.53394843962008,2.61133572030992,0.00892090418395858,0.0471388686993266,0.0471388686993266,"FXYD1/SLC8A3/SLC24A4/P2RX7/PCSK9/MCOLN1/SLC22A4/CNGA4/UTRN/FXYD6/SLC5A9/ATP1B2/KCNK3/SLC6A4/SLC17A8/PRKCE/PER1/CAV3/SCN4B/ATP1A2/SCN3B/SCN7A/SLC5A4/SCN2B/SCNN1G/PKD2L1/SLC6A13/EDN1/SCN1A/SGK1/EDNRB/SLC5A7/NOS1",33
"GO:0042098","GO:0042098","T cell proliferation","24/1675","162/18842",0.148148148148148,1.66651188501935,2.66127127437567,0.00896469759268218,0.0472239219223165,0.0472239219223165,"DOCK8/PLA2G5/TGFBR2/NR5A2/AGER/HLA-E/NCKAP1L/SLC11A1/VSIR/VSIG4/HLA-DPA1/IL1A/TFRC/SPN/IL1B/SFTPD/IL6/CRTAM/IHH/CLC/LAPTM5/PDCD1LG2/PLA2G2A/IL27",24
"GO:0071772","GO:0071772","response to BMP","24/1675","162/18842",0.148148148148148,1.66651188501935,2.66127127437567,0.00896469759268218,0.0472239219223165,0.0472239219223165,"ENG/PPARG/CCN1/GDF2/SMAD6/ELAPOR2/VWC2/SOST/TMEM100/CDH5/CAV1/ACVRL1/NOTCH1/SMAD9/CHRDL1/CRIM1/LEFTY2/BMPR2/BMPER/TGFBR3/BMP2/ZNF423/SOSTDC1/SMAD7",24
"GO:0071773","GO:0071773","cellular response to BMP stimulus","24/1675","162/18842",0.148148148148148,1.66651188501935,2.66127127437567,0.00896469759268218,0.0472239219223165,0.0472239219223165,"ENG/PPARG/CCN1/GDF2/SMAD6/ELAPOR2/VWC2/SOST/TMEM100/CDH5/CAV1/ACVRL1/NOTCH1/SMAD9/CHRDL1/CRIM1/LEFTY2/BMPR2/BMPER/TGFBR3/BMP2/ZNF423/SOSTDC1/SMAD7",24
"GO:0031099","GO:0031099","regeneration","22/1675","145/18842",0.151724137931034,1.70673803396809,2.66850903782374,0.00915023533300126,0.0481315446093975,0.0481315446093975,"VTN/GATA1/SLC22A4/PTN/ERBB4/SCARF1/MIR221/FGF10/GAS6/MYOZ1/SPAAR/LCP1/CAPN3/CXCL12/NOTCH1/OMG/IL6/IHH/CA3/MIR222/TGFBR3/RTN4RL1",22
"GO:0019218","GO:0019218","regulation of steroid metabolic process","17/1675","103/18842",0.16504854368932,1.85662367772787,2.72300010512887,0.0091558148396762,0.0481315446093975,0.0481315446093975,"LDLR/NR5A2/EGR1/QKI/CYP7A1/APOA1/FGFR4/CES1/DKK3/LPCAT3/ABCG1/DAB2/AGTR1/GPR146/INSIG1/BMP2/ACADL",17
"GO:0050768","GO:0050768","negative regulation of neurogenesis","16/1675","95/18842",0.168421052631579,1.89456087981147,2.73034792312211,0.00929761437452909,0.0487939116699233,0.0487939116699233,"LDLR/WNT3A/SYT4/SEMA3G/PTN/CNTFR/NEGR1/SEMA6D/MAG/WNT7A/IL1B/SEMA5A/NOTCH1/IL6/NTRK3/DCC",16
"GO:0043279","GO:0043279","response to alkaloid","14/1675","79/18842",0.177215189873418,1.99348573587757,2.76398842073924,0.00931043163046826,0.0487939116699233,0.0487939116699233,"SNCA/SOX17/MYRF/SLC1A1/CARTPT/BCHE/CASQ2/SLC6A4/CRH/FOSB/ADCY8/CRHBP/CACNA1S/GRIA1",14
"GO:0051057","GO:0051057","positive regulation of small GTPase mediated signal transduction","14/1675","79/18842",0.177215189873418,1.99348573587757,2.76398842073924,0.00931043163046826,0.0487939116699233,0.0487939116699233,"ARHGEF15/APOA1/CDKL5/FGF10/TEK/SYNPO2L/MRAS/TNS3/RASGRF1/NOTCH1/GPR4/ADCYAP1R1/ARRB1/FERMT2",14
"GO:0001954","GO:0001954","positive regulation of cell-matrix adhesion","11/1675","56/18842",0.196428571428571,2.20961620469083,2.83163080059667,0.00939363304983703,0.0489790347093949,0.0489790347093949,"MYOC/PLPP3/RRAS/UTRN/PPM1F/TEK/CX3CL1/CDH13/EMP2/CD36/FERMT2",11
"GO:0032692","GO:0032692","negative regulation of interleukin-1 production","11/1675","56/18842",0.196428571428571,2.20961620469083,2.83163080059667,0.00939363304983703,0.0489790347093949,0.0489790347093949,"TNFAIP3/FFAR4/APOA1/MEFV/IL1A/CD33/GAS6/CARD16/IL1B/CX3CR1/CX3CL1",11
"GO:0034405","GO:0034405","response to fluid shear stress","11/1675","56/18842",0.196428571428571,2.20961620469083,2.83163080059667,0.00939363304983703,0.0489790347093949,0.0489790347093949,"KLF4/MIR126/SMAD6/KLF2/CITED2/ADCY4/ADCY9/GYPC/ADCY8/SMAD7/PTPN1",11
"GO:0045428","GO:0045428","regulation of nitric oxide biosynthetic process","11/1675","56/18842",0.196428571428571,2.20961620469083,2.83163080059667,0.00939363304983703,0.0489790347093949,0.0489790347093949,"KLF4/KLF2/PTGIS/CAV1/IL1B/CX3CR1/SIRPA/EDN1/TLR4/HBB/CD36",11
"GO:0050879","GO:0050879","multicellular organismal movement","11/1675","56/18842",0.196428571428571,2.20961620469083,2.83163080059667,0.00939363304983703,0.0489790347093949,0.0489790347093949,"SLC8A3/KBTBD13/TNNI2/STAC3/TNNT3/CAV3/ADGRD1/CA3/TNNC1/SYNM/STAC",11
"GO:1903557","GO:1903557","positive regulation of tumor necrosis factor superfamily cytokine production","19/1675","120/18842",0.158333333333333,1.78108457711443,2.6811724116965,0.00950279976526774,0.0494977808547296,0.0494977808547296,"AGER/TYROBP/HLA-E/LPL/LILRA5/IL1A/LRRK2/IL33/SPN/BTK/FCGR3A/CYBB/IL6/TLR4/ARID5A/AKAP12/PF4/LILRA2/CAMP",19
"GO:0050714","GO:0050714","positive regulation of protein secretion","21/1675","137/18842",0.153284671532847,1.72429240658024,2.65770966849514,0.00956538183873163,0.049773070300216,0.049773070300216,"RAPGEF4/ANKRD1/MYRIP/PPARG/CARTPT/RBP4/IL1A/APBB1/PLA2G1B/CD33/ABCG1/CRH/TGFB2/TLR4/GPER1/ADCY8/FRMD4A/HCAR2/IL13/MYH10/CAMP",21
