"","ID","Description","GeneRatio","BgRatio","RichFactor","FoldEnrichment","zScore","pvalue","p.adjust","qvalue","geneID","Count"
"GO:0019730","GO:0019730","antimicrobial humoral response","74/2590","189/18842",0.391534391534392,2.84837490551776,10.1951840571779,2.8619591719674e-18,1.56406068748018e-14,1.56406068748018e-14,"CALCA/IGHA1/F2/IGHG1/CXCL9/H2BC12L/PGLYRP4/CCL20/RNASE7/H2BC7/CXCL13/TSLP/WFDC2/CTSG/GAPDH/H2BC17/CXCL12/DMBT1/FGB/SLC11A1/VIP/DEFB126/IGHG3/RARRES2/IL36RN/KNG1/CCL14/CX3CL1/NTS/IGHE/H2BC14/H2BC19P/H2BC10/H2BC13/S100A7/KLK3/H2BC4/CCL19/CCL23/H2BC6/IGHA2/H2BC9/TF/CCL24/PF4/H2BC8/CAMP/WFDC13/CXCL2/H2BC5/H2BC3/IGHG2/CCL1/IGHG4/H2BC21/H2BC18/LYZ/PRSS2/H2BC11/KRT6A/CXCL3/REG1A/CCL25/S100A12/BPIFA1/CCL16/WFDC10B/H2BC15/H2BC12/WFDC3/CCL7/PPBP/PGLYRP3/CCL2",74
"GO:0006959","GO:0006959","humoral immune response","96/2590","296/18842",0.324324324324324,2.35942815402275,9.41077603382938,9.61689054444007e-17,2.62781534126825e-13,2.62781534126825e-13,"CFB/CALCA/IFNG/IGHA1/F2/IGHG1/CXCL9/H2BC12L/SUSD4/PGLYRP4/CCL20/RNASE7/H2BC7/C4BPA/C6/CXCL13/TSLP/WFDC2/CTSG/GAPDH/H2BC17/CXCL12/VSIG4/DMBT1/FGB/SLC11A1/VIP/DEFB126/IGHG3/RARRES2/CFHR4/A2M/IL36RN/KNG1/CCL14/IFNE/MASP1/BST1/CX3CL1/NTS/IFNB1/IGHE/H2BC14/H2BC19P/C7/H2BC10/COLEC10/H2BC13/S100A7/KLK3/H2BC4/CCL19/CCL23/H2BC6/IGHA2/CR2/H2BC9/CFHR5/TF/CCL24/PF4/H2BC8/CAMP/WFDC13/CXCL2/H2BC5/H2BC3/SERPING1/IGHG2/CCL1/IGHG4/CFD/H2BC21/H2BC18/LYZ/PRSS2/H2BC11/IL6/KRT6A/CXCL3/REG1A/C8G/CCL25/S100A12/MS4A1/BPIFA1/CCL16/WFDC10B/H2BC15/H2BC12/WFDC3/CCL7/CFP/PPBP/PGLYRP3/CCL2",96
"GO:0042391","GO:0042391","regulation of membrane potential","119/2590","419/18842",0.28400954653938,2.06614203702509,8.81029302372586,1.7207023320141e-15,3.13454608148568e-12,3.13454608148568e-12,"SCN7A/ATP1A2/GRIN1/KCNJ8/CDKN2A/SCN3B/CAV3/KCNB1/GRIK4/INSYN2A/CHRNA1/GPER1/SCN3A/NPY2R/CAV1/RIMS1/GRIN2D/RIMS2/TBX18/RIMS4/ATP1A3/TACR1/GRIN2A/INSYN1/CFTR/SCN1A/OPRD1/MAPK8IP2/PID1/CASQ2/FHL1/GABRA4/KCNK16/SCN4A/MLLT11/STX1A/SCN5A/ASIC5/KCNF1/KCNH8/KCNH4/SLC8A2/TRPA1/PYCR1/GRIN2C/NOS1/SLC24A4/GABRA3/EDN1/KCNK5/SCN2B/MET/GABRD/HCN2/GABRB1/CHRNA9/P2RX5/RGS7/CHRNG/CNR2/GRIA4/GABRG2/DCN/CACNB3/CHRNA6/KCNIP1/CHRNA4/KCNA5/SLC34A1/CACNA1G/CHRNB4/FXYD1/SHANK3/KISS1/CBLN1/GRIA2/PNOC/KCNG2/KCNK1/CHRNB3/HTR3C/KCNE4/CHRND/CHRNA2/GLRA3/HTR3A/KCNE1/KCNA4/SLC26A3/CLCN2/HCN1/KCNH2/KISS1R/ADRA1A/CD36/PMAIP1/ACTN2/GABRA5/ATP1B2/MYOC/SLC8A3/KCNS1/SLC6A4/KCNG1/CHRNA5/NRXN1/KCNK9/P2RX6/ADRB2/SCN4B/KCNH6/ALB/AGT/KCNA1/SLC1A7/P2RX2/NTSR1/KCNMB2/SYT1",119
"GO:0000280","GO:0000280","nuclear division","119/2590","422/18842",0.281990521327014,2.05145382349174,8.72067430817501,3.04531138961922e-15,4.16065668606726e-12,4.16065668606726e-12,"RRS1/TTK/SYCE3/KIF15/RAD54B/CDC25C/P3H4/NCAPG2/AURKA/TDRD12/TEX11/TESMIN/DUSP1/DLGAP5/RAD51AP1/BUB1/CCNB1/RAD51/EPGN/KNTC1/KIF11/DCAF13/SPC25/INCENP/SGO1/HSF2BP/CHEK2/CENPA/CDT1/SHOC1/RGCC/KIF4B/MAEL/NUF2/KIF23/AURKB/KIF18A/ESPL1/RCC1/KIF18B/PKMYT1/CDK1/FBXO43/UBE2C/SGO2/CDC20/UHRF1/KIF25/NEK2/KIFC1/EGF/TOP2A/HASPIN/EDN3/SKA1/EDN1/BRIP1/CDCA2/TUBG1/CEP85/KIF2C/RAD54L/PTTG3P/BUB1B/KNSTRN/EME2/PSRC1/EME1/GEN1/PRC1/SPC24/MAD2L1/BIRC5/ANLN/NDC80/MKI67/RACGAP1/ZWINT/ZWILCH/PLK1/SPAG5/DMRT1/NCAPD2/NCAPH/RBM46/TPX2/CDCA8/TEX19/PTTG1/NCAPG/CENPK/HORMAD2/TEX15/MEIOSIN/SYCP2/CAV2/FANCD2/BRDT/BRCA2/KNL1/KIF22/CYP26B1/MYBL1/CENPF/CENPE/SKA3/MND1/SPIRE2/TRIP13/KAT2B/HORMAD1/TDRKH/KIF14/CENPI/UBE2S/STRA8/KIF4A/CHEK1/TUBB8",119
"GO:0030198","GO:0030198","extracellular matrix organization","88/2590","278/18842",0.316546762589928,2.30284714313491,8.73631999567141,9.32752070318994e-15,1.01949801285866e-11,1.01949801285866e-11,"HPSE2/P3H4/COL3A1/COL17A1/MMP3/MMP13/PLAU/ADAMTS1/MMP1/ADAM8/ADAMTSL1/ADAMTS18/TLL2/ADAMTS20/SCX/FBLN5/DPP4/MATN3/CTSG/NDNF/TIE1/RGCC/DMP1/COL6A6/MMP11/FGFR4/PRDM5/COL11A1/GREM1/COL2A1/FAP/COL1A2/POSTN/COL22A1/MFAP4/SULF1/DDR2/GDPD2/BMP2/PHLDB2/ADAMTSL3/RECK/LTBP4/MYH11/MMP9/VIT/FBLN1/COL10A1/COL24A1/PPARG/TNXB/MARCO/ECM2/COL13A1/CARMIL2/ADAMTSL4/COL1A1/HAS1/HPN/NPNT/COL9A3/ADAMTS14/MIR205/NPHS1/ANGPTL7/COL6A5/PRSS1/COL4A3/MMP14/CMA1/LOXL1/MMP19/GPM6B/COLGALT2/MMP12/PRSS2/TMPRSS6/IL6/TGFBR3/IBSP/COL5A2/APLP1/TLL1/MMP10/AGT/MMP27/DPT/COL5A1",88
"GO:0043062","GO:0043062","extracellular structure organization","88/2590","279/18842",0.315412186379928,2.29459321072224,8.69680624117843,1.1819370449654e-14,1.07654765845599e-11,1.07654765845599e-11,"HPSE2/P3H4/COL3A1/COL17A1/MMP3/MMP13/PLAU/ADAMTS1/MMP1/ADAM8/ADAMTSL1/ADAMTS18/TLL2/ADAMTS20/SCX/FBLN5/DPP4/MATN3/CTSG/NDNF/TIE1/RGCC/DMP1/COL6A6/MMP11/FGFR4/PRDM5/COL11A1/GREM1/COL2A1/FAP/COL1A2/POSTN/COL22A1/MFAP4/SULF1/DDR2/GDPD2/BMP2/PHLDB2/ADAMTSL3/RECK/LTBP4/MYH11/MMP9/VIT/FBLN1/COL10A1/COL24A1/PPARG/TNXB/MARCO/ECM2/COL13A1/CARMIL2/ADAMTSL4/COL1A1/HAS1/HPN/NPNT/COL9A3/ADAMTS14/MIR205/NPHS1/ANGPTL7/COL6A5/PRSS1/COL4A3/MMP14/CMA1/LOXL1/MMP19/GPM6B/COLGALT2/MMP12/PRSS2/TMPRSS6/IL6/TGFBR3/IBSP/COL5A2/APLP1/TLL1/MMP10/AGT/MMP27/DPT/COL5A1",88
"GO:0045229","GO:0045229","external encapsulating structure organization","88/2590","280/18842",0.314285714285714,2.28639823496966,8.65746046575954,1.49522900059875e-14,1.16734664118174e-11,1.16734664118174e-11,"HPSE2/P3H4/COL3A1/COL17A1/MMP3/MMP13/PLAU/ADAMTS1/MMP1/ADAM8/ADAMTSL1/ADAMTS18/TLL2/ADAMTS20/SCX/FBLN5/DPP4/MATN3/CTSG/NDNF/TIE1/RGCC/DMP1/COL6A6/MMP11/FGFR4/PRDM5/COL11A1/GREM1/COL2A1/FAP/COL1A2/POSTN/COL22A1/MFAP4/SULF1/DDR2/GDPD2/BMP2/PHLDB2/ADAMTSL3/RECK/LTBP4/MYH11/MMP9/VIT/FBLN1/COL10A1/COL24A1/PPARG/TNXB/MARCO/ECM2/COL13A1/CARMIL2/ADAMTSL4/COL1A1/HAS1/HPN/NPNT/COL9A3/ADAMTS14/MIR205/NPHS1/ANGPTL7/COL6A5/PRSS1/COL4A3/MMP14/CMA1/LOXL1/MMP19/GPM6B/COLGALT2/MMP12/PRSS2/TMPRSS6/IL6/TGFBR3/IBSP/COL5A2/APLP1/TLL1/MMP10/AGT/MMP27/DPT/COL5A1",88
"GO:0061644","GO:0061644","protein localization to CENP-A containing chromatin","17/2590","18/18842",0.944444444444444,6.87074217074217,9.94767878050425,3.34554481192964e-14,2.28542529964943e-11,2.28542529964943e-11,"H4C6/H4C1/CENPA/H4C2/H4C16/H4C8/H4C3/H2AC8/H4C14/H4C12/H2AC4/H4C11/H4C4/H4C9/H4C5/H2BC11/H4C15",17
"GO:0071459","GO:0071459","protein localization to chromosome, centromeric region","25/2590","37/18842",0.675675675675676,4.91547532088073,9.51693567930129,8.85371652038105e-14,5.37617342043138e-11,5.37617342043138e-11,"TTK/H4C6/H4C1/KNTC1/CENPA/H4C2/AURKB/H4C16/CDK1/H4C8/MTBP/H4C3/H2AC8/HASPIN/H4C14/H4C12/H2AC4/H4C11/ZWILCH/H4C4/H4C9/H4C5/H2BC11/KNL1/H4C15",25
"GO:0061844","GO:0061844","antimicrobial humoral immune response mediated by antimicrobial peptide","55/2590","142/18842",0.387323943661972,2.8177443036598,8.67969793214878,1.03718087023587e-13,5.66819345583905e-11,5.66819345583905e-11,"CALCA/F2/CXCL9/H2BC12L/PGLYRP4/CCL20/RNASE7/H2BC7/CXCL13/TSLP/GAPDH/H2BC17/CXCL12/DMBT1/VIP/DEFB126/KNG1/CCL14/CX3CL1/NTS/H2BC14/H2BC19P/H2BC10/H2BC13/S100A7/KLK3/H2BC4/CCL19/CCL23/H2BC6/H2BC9/CCL24/PF4/H2BC8/CAMP/CXCL2/H2BC5/H2BC3/CCL1/H2BC21/H2BC18/H2BC11/KRT6A/CXCL3/REG1A/CCL25/S100A12/BPIFA1/CCL16/H2BC15/H2BC12/CCL7/PPBP/PGLYRP3/CCL2",55
"GO:0048285","GO:0048285","organelle fission","124/2590","470/18842",0.263829787234043,1.91933623593198,8.05737429864784,1.62789600586417e-13,8.08768333822518e-11,8.08768333822518e-11,"RRS1/TTK/SYCE3/KIF15/RAD54B/CDC25C/P3H4/NCAPG2/AURKA/TDRD12/TEX11/TESMIN/DUSP1/DLGAP5/RAD51AP1/BUB1/CCNB1/RAD51/EPGN/KNTC1/KIF11/DCAF13/SPC25/INCENP/SGO1/HSF2BP/CHEK2/CENPA/CDT1/SHOC1/RGCC/MTFR2/KIF4B/MAEL/NUF2/KIF23/AURKB/KIF18A/ESPL1/RCC1/KIF18B/PKMYT1/CDK1/FBXO43/UBE2C/SGO2/CDC20/UHRF1/KIF25/NEK2/MYO19/KIFC1/EGF/TOP2A/HASPIN/EDN3/SKA1/EDN1/BRIP1/CDCA2/TUBG1/CEP85/KIF2C/RAD54L/PTTG3P/DCN/BUB1B/PPARG/KNSTRN/EME2/PSRC1/EME1/GEN1/PRC1/SPC24/MAD2L1/BIRC5/ANLN/NDC80/MKI67/RACGAP1/ZWINT/ZWILCH/PLK1/SPAG5/DMRT1/NCAPD2/NCAPH/RBM46/TPX2/CDCA8/TEX19/PTTG1/NCAPG/CENPK/HORMAD2/TEX15/MEIOSIN/SYCP2/CAV2/FANCD2/MTFP1/BRDT/BRCA2/KNL1/KIF22/CYP26B1/MYBL1/CENPF/CENPE/SKA3/MND1/SPIRE2/TRIP13/KAT2B/HORMAD1/TDRKH/KIF14/CENPI/UBE2S/STRA8/KIF4A/CHEK1/TUBB8",124
"GO:0006334","GO:0006334","nucleosome assembly","47/2590","113/18842",0.415929203539823,3.02584480814569,8.62256644404591,2.92773111047036e-13,1.33333754322671e-10,1.33333754322671e-10,"H1-2/H3C11/H4C6/H3C3/H4C1/H1-1/H2BC7/H3C8/H3C14/H4C2/H3C6/H4C16/H3C1/H4C8/H4C3/H2BC14/H1-6/H2BC10/H2BC13/H1-5/H2BC4/CHAF1B/H3C7/H2BC6/H3C10/H2BC9/H4C14/H2BC8/H4C12/H2BC3/ASF1B/H4C11/H4C4/H3C13/H1-3/H4C9/H4C5/H3C2/NAP1L2/H2BC21/H2BC11/H2AX/H1-4/ATAD2/H3C12/H2BC15/H4C15",47
"GO:0019731","GO:0019731","antibacterial humoral response","39/2590","86/18842",0.453488372093023,3.29908413396785,8.53065597334285,1.12424177393322e-12,4.72613945734236e-10,4.72613945734236e-10,"CALCA/IGHA1/IGHG1/H2BC12L/RNASE7/H2BC7/WFDC2/CTSG/H2BC17/DMBT1/FGB/VIP/IGHG3/IGHE/H2BC14/H2BC19P/H2BC10/H2BC13/KLK3/H2BC4/H2BC6/IGHA2/H2BC9/TF/H2BC8/CAMP/WFDC13/H2BC5/H2BC3/IGHG2/IGHG4/H2BC21/H2BC18/H2BC11/BPIFA1/WFDC10B/H2BC15/H2BC12/WFDC3",39
"GO:0034728","GO:0034728","nucleosome organization","49/2590","130/18842",0.376923076923077,2.742079002079,7.95660627271489,7.3548319447516e-12,2.87101118414768e-09,2.87101118414768e-09,"H1-2/H3C11/H4C6/H3C3/H4C1/H1-1/H2BC7/H3C8/H3C14/H4C2/H2AC25/H3C6/H4C16/H3C1/HMGA1/H4C8/H4C3/H2BC14/H1-6/H2BC10/H2BC13/H1-5/H2BC4/CHAF1B/H3C7/H2BC6/H3C10/H2BC9/H4C14/H2BC8/H4C12/H2BC3/ASF1B/H4C11/H4C4/H3C13/H1-3/H4C9/H4C5/H3C2/NAP1L2/H2BC21/H2BC11/H2AX/H1-4/ATAD2/H3C12/H2BC15/H4C15",49
"GO:0001501","GO:0001501","skeletal system development","94/2590","341/18842",0.275659824046921,2.00539861185023,7.4793924081134,1.0428135020378e-11,3.79931719242437e-09,3.79931719242437e-09,"IFITM5/COMP/PTHLH/HYAL1/EFEMP1/ETS2/COL3A1/HOXA4/MMP13/TWIST1/DLX4/HOXD4/HOXC4/PKDCC/SCX/FBLN5/NPR3/MATN3/BMP8A/DLX2/RBP4/HHIP/TIMP1/RUNX2/OTOR/CCDC154/NKX3-2/NR5A2/COL11A1/GREM1/COL2A1/SIX2/PAX1/MEPE/GDF10/COL1A2/HOXB9/ZIC3/PTGER4/SULF1/ATG9B/ALX1/DDR2/PTH1R/FBN2/PITX1/CNMD/BMP8B/BMP2/SOX11/P2RX5/EPYC/AHSG/GHR/COL10A1/CCN4/HMGA2/NCAN/ACAN/COL13A1/COL1A1/TGFBR2/FGF2/WNT11/MMP14/SOX5/CLEC3A/ACVRL1/CHRD/WNT10B/ALPL/HOXA11/HSD17B1/VCAN/MYOC/HOXC11/ZBTB16/DLX3/TFAP2A/PRELP/LEPR/LHX1/CYP26B1/OSTN/INHA/DLL3/SNORC/TLL1/EN1/FGF8/OGN/DLX5/COL5A1/MDK",94
"GO:0140014","GO:0140014","mitotic nuclear division","81/2590","281/18842",0.288256227758007,2.09703623297929,7.39642565481178,2.4842263066047e-11,8.48518547849667e-09,8.48518547849667e-09,"RRS1/TTK/KIF15/CDC25C/NCAPG2/AURKA/DUSP1/DLGAP5/BUB1/CCNB1/EPGN/KNTC1/KIF11/SPC25/INCENP/CHEK2/CENPA/CDT1/RGCC/KIF4B/NUF2/KIF23/AURKB/KIF18A/ESPL1/RCC1/KIF18B/PKMYT1/CDK1/FBXO43/UBE2C/CDC20/UHRF1/KIF25/NEK2/KIFC1/EGF/HASPIN/EDN3/SKA1/EDN1/CDCA2/TUBG1/CEP85/KIF2C/BUB1B/KNSTRN/PSRC1/GEN1/PRC1/SPC24/MAD2L1/BIRC5/ANLN/NDC80/MKI67/RACGAP1/ZWINT/ZWILCH/PLK1/SPAG5/DMRT1/NCAPD2/NCAPH/TPX2/CDCA8/NCAPG/CENPK/CAV2/KNL1/KIF22/CENPF/CENPE/SKA3/TRIP13/KAT2B/KIF14/CENPI/UBE2S/KIF4A/CHEK1",81
"GO:0051783","GO:0051783","regulation of nuclear division","49/2590","135/18842",0.362962962962963,2.64052052052052,7.63651006100415,3.60360656855008e-11,1.15845352336036e-08,1.15845352336036e-08,"TTK/CDC25C/AURKA/DUSP1/DLGAP5/RAD51AP1/BUB1/CCNB1/EPGN/KNTC1/SPC25/INCENP/NUF2/AURKB/ESPL1/RCC1/PKMYT1/FBXO43/UBE2C/CDC20/NEK2/EGF/HASPIN/EDN3/SKA1/EDN1/CDCA2/BUB1B/GEN1/SPC24/MAD2L1/BIRC5/NDC80/MKI67/ZWINT/ZWILCH/PLK1/DMRT1/CDCA8/HORMAD2/MEIOSIN/CAV2/KNL1/CENPF/SKA3/TRIP13/HORMAD1/STRA8/CHEK1",49
"GO:0098813","GO:0098813","nuclear chromosome segregation","87/2590","315/18842",0.276190476190476,2.00925905497334,7.21113839720773,5.48950265641081e-11,1.66667400096028e-08,1.66667400096028e-08,"RRS1/TTK/SYCE3/KIF15/P3H4/NCAPG2/TEX11/DUSP1/DLGAP5/BUB1/CCNB1/CDC6/KNTC1/KIF11/DCAF13/SPC25/INCENP/SGO1/CHEK2/CENPA/CDT1/SHOC1/TACC3/KIF4B/NUF2/DPF1/KIF23/AURKB/KIF18A/ESPL1/RCC1/KIF18B/CDK1/UBE2C/SGO2/CDC20/UHRF1/KIF25/NEK2/KIFC1/TOP2A/HASPIN/SKA1/TUBG1/KIF2C/PTTG3P/BUB1B/KNSTRN/PSRC1/GEN1/PRC1/SPC24/MAD2L1/BIRC5/NDC80/SACK1D/RACGAP1/ZWINT/ZWILCH/PLK1/SPAG5/NCAPD2/NCAPH/TPX2/CDCA8/RMI2/PTTG1/NCAPG/CENPK/HORMAD2/TEX15/SYCP2/FANCD2/KNL1/KIF22/CENPF/CENPE/SKA3/ECT2/MND1/TRIP13/KAT2B/HORMAD1/KIF14/CENPI/KIF4A/TUBB8",87
"GO:0060078","GO:0060078","regulation of postsynaptic membrane potential","50/2590","141/18842",0.354609929078014,2.57975300528492,7.51648476339832,6.04760928251573e-11,1.73948340678676e-08,1.73948340678676e-08,"GRIN1/GRIK4/INSYN2A/CHRNA1/RIMS1/GRIN2D/RIMS2/GRIN2A/INSYN1/MAPK8IP2/GABRA4/STX1A/SLC8A2/GRIN2C/NOS1/GABRA3/MET/GABRD/GABRB1/CHRNA9/P2RX5/RGS7/CHRNG/GRIA4/GABRG2/CHRNA6/CHRNA4/CHRNB4/SHANK3/CBLN1/GRIA2/PNOC/KCNK1/CHRNB3/HTR3C/CHRND/CHRNA2/GLRA3/HTR3A/HCN1/GABRA5/SLC8A3/CHRNA5/NRXN1/P2RX6/ADRB2/SLC1A7/P2RX2/NTSR1/SYT1",50
"GO:0000070","GO:0000070","mitotic sister chromatid segregation","63/2590","205/18842",0.307317073170732,2.23570204350692,7.10151719255767,2.293151127369e-10,6.26603545553578e-08,6.26603545553578e-08,"RRS1/TTK/KIF15/NCAPG2/DUSP1/DLGAP5/BUB1/CCNB1/KNTC1/KIF11/SPC25/INCENP/CHEK2/CENPA/CDT1/KIF4B/NUF2/KIF23/AURKB/KIF18A/ESPL1/RCC1/KIF18B/CDK1/UBE2C/CDC20/UHRF1/KIF25/KIFC1/HASPIN/SKA1/TUBG1/KIF2C/BUB1B/KNSTRN/PSRC1/GEN1/PRC1/SPC24/MAD2L1/BIRC5/NDC80/RACGAP1/ZWINT/ZWILCH/PLK1/SPAG5/NCAPD2/NCAPH/TPX2/CDCA8/NCAPG/CENPK/KNL1/KIF22/CENPF/CENPE/SKA3/TRIP13/KAT2B/KIF14/CENPI/KIF4A",63
"GO:0007088","GO:0007088","regulation of mitotic nuclear division","44/2590","120/18842",0.366666666666667,2.66746460746461,7.31508837347809,2.43022090358069e-10,6.32436058955642e-08,6.32436058955642e-08,"TTK/CDC25C/AURKA/DUSP1/DLGAP5/BUB1/CCNB1/EPGN/KNTC1/SPC25/INCENP/NUF2/AURKB/ESPL1/RCC1/PKMYT1/FBXO43/UBE2C/CDC20/NEK2/EGF/HASPIN/EDN3/SKA1/EDN1/CDCA2/BUB1B/GEN1/SPC24/MAD2L1/BIRC5/NDC80/MKI67/ZWINT/ZWILCH/PLK1/DMRT1/CDCA8/CAV2/KNL1/CENPF/SKA3/TRIP13/CHEK1",44
"GO:0051784","GO:0051784","negative regulation of nuclear division","31/2590","70/18842",0.442857142857143,3.22174296745725,7.43423031215125,4.80474901244141e-10,1.19354333422692e-07,1.19354333422692e-07,"TTK/DUSP1/BUB1/CCNB1/KNTC1/SPC25/INCENP/NUF2/AURKB/FBXO43/CDC20/HASPIN/SKA1/BUB1B/GEN1/SPC24/MAD2L1/BIRC5/NDC80/ZWINT/ZWILCH/PLK1/DMRT1/CDCA8/HORMAD2/KNL1/CENPF/SKA3/TRIP13/HORMAD1/CHEK1",31
"GO:0007059","GO:0007059","chromosome segregation","104/2590","420/18842",0.247619047619048,1.8014046699761,6.63065718871591,7.72246262435835e-10,1.83492427139645e-07,1.83492427139645e-07,"RRS1/TTK/SYCE3/KIF15/P3H4/NCAPG2/TEX11/DUSP1/DLGAP5/BUB1/CCNB1/CENPH/CDC6/KNTC1/KIF11/DCAF13/SPC25/INCENP/SGO1/CHEK2/CENPA/CDT1/SHOC1/TACC3/KIF4B/NUF2/DPF1/KIF23/HJURP/AURKB/KIF18A/ESPL1/RCC1/KIF18B/CDK1/UBE2C/SGO2/CDC20/UHRF1/KIF25/CCDC69/NEK2/CENPM/KIFC1/TOP2A/HASPIN/SKA1/CDCA2/TUBG1/CEP85/KIF2C/PTTG3P/BUB1B/STIL/CENPL/CENPU/KNSTRN/PSRC1/GEN1/PRC1/SPC24/BRCA1/MAD2L1/BIRC5/NDC80/MKI67/SACK1D/RACGAP1/ZWINT/CENPO/ZWILCH/PLK1/SPAG5/FIRRM/NCAPD2/NCAPH/TPX2/CDCA8/RMI2/PTTG1/NCAPG/CENPK/HORMAD2/TEX15/SYCP2/GPSM2/FANCD2/KNL1/KIF22/RAD21L1/CENPF/CENPE/SKA3/ECT2/CENPW/MND1/TRIP13/KAT2B/HORMAD1/KIF14/CENPI/KIF4A/STARD9/TUBB8",104
"GO:1903046","GO:1903046","meiotic cell cycle process","59/2590","192/18842",0.307291666666667,2.23551721364221,6.8692361503793,8.50028998542077e-10,1.93558686543019e-07,1.93558686543019e-07,"TTK/SYCE3/RAD54B/CDC25C/P3H4/AURKA/TDRD12/TEX11/TESMIN/RAD51AP1/CDC25A/RAD51/DCAF13/INCENP/SGO1/HSF2BP/SHOC1/MAEL/NUF2/ESPL1/PKMYT1/FBXO43/SGO2/CDC20/TOP2A/SKA1/EDN1/BRIP1/TUBG1/RAD54L/PTTG3P/EME2/EME1/NDC80/ZWINT/DMRT1/NCAPD2/NCAPH/RBM46/TEX19/PTTG1/HORMAD2/TEX15/MEIOSIN/SYCP2/FANCD2/BRDT/BRCA2/KNL1/CYP26B1/MYBL1/SKA3/MND1/SPIRE2/TRIP13/HORMAD1/TDRKH/STRA8/TUBB8",59
"GO:0010817","GO:0010817","regulation of hormone levels","116/2590","487/18842",0.238193018480493,1.73283121784148,6.54093295682924,1.00147617193289e-09,2.1892269118453e-07,2.1892269118453e-07,"P4HB/SPP1/SLC5A5/NKX6-1/PDX1/IFNG/KCNB1/HSD17B6/GPER1/SLC17A4/UQCC2/SLC7A5/ALDOA/PTPRN/EGR1/CARTPT/RIMS2/AANAT/RASL10B/IYD/CYP1A2/IL11/TACR1/ADH6/CYP21A2/DIO1/DPP4/ADH4/BMP8A/RBP4/CTSG/PDE8B/UGT1A10/RFX6/FGB/SLCO1B1/VIP/NR5A2/KCNK16/SRD5A3/NR1H4/EDNRB/STX1A/UGT1A7/ALDH1A2/CYP3A4/TFR2/G6PC2/TRPA1/MME/FFAR4/DKK3/ECRG4/RAB11FIP1/FOXE1/EDN3/EDN1/PCSK1/CYP1A1/FOXD1/CYP2W1/BMP2/ADRA2A/SOX11/HCAR2/AKR1C1/ADH1C/BLK/GHR/ALDH1A1/CEL/UGT1A6/PPARG/KCNA5/RETN/CAMP/TRPM5/MYRIP/BRSK2/KISS1/AKR1C2/HPN/GAL/CES1/GIP/BCHE/CYP2C18/CLCN2/CCKAR/CMA1/NMU/FFAR3/KISS1R/AKR1D1/ADH1B/HSD17B1/PLA2G3/ABCA12/SYT7/IL6/ADCY8/DHRS2/CHST9/AKR1C3/CRHBP/KCNK9/UGT2B10/UCN/CYP26B1/TPO/INHA/CRY2/AGT/ADH1A/SSTR5/UGT2B28",116
"GO:0002227","GO:0002227","innate immune response in mucosa","20/2590","34/18842",0.588235294117647,4.27935498523734,7.64020534813663,1.08225724531018e-09,2.27482147908466e-07,2.27482147908466e-07,"H2BC12L/H2BC7/H2BC17/H2BC14/H2BC19P/H2BC10/H2BC13/H2BC4/H2BC6/H2BC9/H2BC8/CAMP/H2BC5/H2BC3/H2BC21/H2BC18/H2BC11/H2BC15/H2BC12/CLDN2",20
"GO:0090068","GO:0090068","positive regulation of cell cycle process","71/2590","252/18842",0.281746031746032,2.04967518538947,6.69674798970447,1.246436984257e-09,2.52288078480167e-07,2.52288078480167e-07,"CIT/RRM2/CDC25C/NCAPG2/AURKA/CCND2/DLGAP5/RAD51AP1/BUB1/CCNB1/ADAMTS1/CDC6/CDC25A/EPGN/INCENP/MIR221/RGCC/KIF23/CDC7/AURKB/ESPL1/RCC1/TP63/CDK1/PPP1R35/UBE2C/MTBP/TERT/CDC20/EGF/EDN3/SKA1/EDN1/DDR2/CYP1A1/PHOX2B/TBX20/STIL/KCNA5/GEN1/MAD2L1/BIRC5/NDC80/DTL/SACK1D/RACGAP1/PLK1/DBF4/SPAG5/MIR222/E2F7/DMRT1/PKP3/EZH2/NCAPH/CDCA8/PLK4/NCAPG/E2F8/MEIOSIN/GPSM2/KNL1/SKA3/ECT2/FEN1/KAT2B/SSTR5/KIF14/CCNE2/CCNE1/STRA8",71
"GO:0051321","GO:0051321","meiotic cell cycle","76/2590","281/18842",0.270462633451957,1.96758955193119,6.5236716619612,2.49869169232928e-09,4.87691074949269e-07,4.87691074949269e-07,"TTK/SYCE3/RAD54B/CDC25C/REDIC1/P3H4/AURKA/TDRD12/TEX11/TESMIN/DUSP1/RAD51AP1/DUSP13B/CDC25A/RAD51/XRCC2/DCAF13/INCENP/SGO1/HSF2BP/ASPM/SHOC1/MAEL/SMC1B/NUF2/PRR19/ESPL1/PKMYT1/FBXO43/BOLL/SGO2/CDC20/NEK2/RSPH1/TOP2A/PIWIL1/SKA1/EDN1/BRIP1/CDCA2/TUBG1/RAD54L/PTTG3P/EME2/EME1/NDC80/MKI67/ZWINT/DMRT1/NCAPD2/NCAPH/RBM46/TEX19/PTTG1/HORMAD2/H2AX/TEX15/MEIOSIN/SYCP2/FANCD2/BRDT/BRCA2/KNL1/RAD21L1/CYP26B1/MYBL1/SKA3/MND1/SPIRE2/TRIP13/EXO1/HORMAD1/TDRKH/TDRD1/STRA8/TUBB8",76
"GO:0002251","GO:0002251","organ or tissue specific immune response","25/2590","52/18842",0.480769230769231,3.49754974754975,7.19947585028093,2.79797401723132e-09,5.27273379454109e-07,5.27273379454109e-07,"H2BC12L/IFNL2/H2BC7/H2BC17/H2BC14/H2BC19P/H2BC10/H2BC13/H2BC4/H2BC6/H2BC9/H2BC8/CAMP/H2BC5/H2BC3/FFAR3/H2BC21/H2BC18/H2BC11/IL6/ZBTB16/GP2/H2BC15/H2BC12/CLDN2",25
"GO:0008015","GO:0008015","blood circulation","113/2590","480/18842",0.235416666666667,1.71263352638353,6.31357475978025,3.37067060557678e-09,5.745909778527e-07,5.745909778527e-07,"SCN7A/EMILIN2/ATP1A2/MYH6/CHRM2/AVPR2/KCNJ8/CALCA/SCN3B/CAV3/KL/GPER1/SCN3A/CAV1/CARTPT/TBX18/FERMT2/RASL10B/ATP1A3/TEK/TACR1/PTPN1/SCN1A/NPR3/JPH4/CTSG/C2CD4A/MYL3/CXCL12/HSPB7/CELF2/FGB/CASQ2/NPR1/GATA4/ATP2B3/RARRES2/JPH2/SCN4A/EDNRB/SCN5A/KNG1/NTS/ADM2/SLIT2/SLC8A2/COL1A2/SGCG/TRPA1/MME/NOS1/CLDN5/OLR1/KLF2/EDN3/EPO/NOX1/DES/EDN1/GPR37L1/AVP/AKAP12/KLK3/SCN2B/ADRA2A/ADRB1/PDE2A/CDH5/PPARG/SH3GL2/KCNIP1/KCNA5/CACNA1G/TH/FXYD1/AGTR2/JPH3/SERPING1/ZEB2/KCNE4/KCNE1/ANGPT1/SVEP1/CMA1/HCN1/NMU/FFAR3/EDN2/KCNH2/ACVRL1/ADRA1A/ZG16B/HBB/TNNI3/ATP1B2/SGK1/SLC8A3/SLC6A4/GCGR/NKX2-5/ADRB2/UCN/PECAM1/HTR1D/SLC1A1/SCN4B/KCNH6/AGT/KAT2B/PDE1C/NTSR1/KCNMB2/UTS2",113
"GO:0007094","GO:0007094","mitotic spindle assembly checkpoint signaling","26/2590","56/18842",0.464285714285714,3.37763375620518,7.11328586873464,3.46962530084888e-09,5.745909778527e-07,5.745909778527e-07,"TTK/DUSP1/BUB1/CCNB1/KNTC1/SPC25/INCENP/NUF2/AURKB/CDC20/HASPIN/SKA1/BUB1B/GEN1/SPC24/MAD2L1/BIRC5/NDC80/ZWINT/ZWILCH/PLK1/CDCA8/KNL1/CENPF/SKA3/TRIP13",26
"GO:0071173","GO:0071173","spindle assembly checkpoint signaling","26/2590","56/18842",0.464285714285714,3.37763375620518,7.11328586873464,3.46962530084888e-09,5.745909778527e-07,5.745909778527e-07,"TTK/DUSP1/BUB1/CCNB1/KNTC1/SPC25/INCENP/NUF2/AURKB/CDC20/HASPIN/SKA1/BUB1B/GEN1/SPC24/MAD2L1/BIRC5/NDC80/ZWINT/ZWILCH/PLK1/CDCA8/KNL1/CENPF/SKA3/TRIP13",26
"GO:0071174","GO:0071174","mitotic spindle checkpoint signaling","26/2590","56/18842",0.464285714285714,3.37763375620518,7.11328586873464,3.46962530084888e-09,5.745909778527e-07,5.745909778527e-07,"TTK/DUSP1/BUB1/CCNB1/KNTC1/SPC25/INCENP/NUF2/AURKB/CDC20/HASPIN/SKA1/BUB1B/GEN1/SPC24/MAD2L1/BIRC5/NDC80/ZWINT/ZWILCH/PLK1/CDCA8/KNL1/CENPF/SKA3/TRIP13",26
"GO:0002385","GO:0002385","mucosal immune response","24/2590","49/18842",0.489795918367347,3.56321802852415,7.17189598296853,3.611621157254e-09,5.80514988952739e-07,5.80514988952739e-07,"H2BC12L/IFNL2/H2BC7/H2BC17/H2BC14/H2BC19P/H2BC10/H2BC13/H2BC4/H2BC6/H2BC9/H2BC8/CAMP/H2BC5/H2BC3/FFAR3/H2BC21/H2BC18/H2BC11/ZBTB16/GP2/H2BC15/H2BC12/CLDN2",24
"GO:0045653","GO:0045653","negative regulation of megakaryocyte differentiation","14/2590","19/18842",0.736842105263158,5.36045519203414,7.59123887030656,4.9030404644675e-09,7.65574746808996e-07,7.65574746808996e-07,"H4C6/H4C1/H4C2/H4C16/H4C8/H4C3/H4C14/PF4/H4C12/H4C11/H4C4/H4C9/H4C5/H4C15",14
"GO:0000075","GO:0000075","cell cycle checkpoint signaling","57/2590","191/18842",0.298429319371728,2.17104449251046,6.49362894027093,5.41908295998482e-09,8.19353626291423e-07,8.19353626291423e-07,"BRSK1/TTK/DUSP1/BUB1/CCNB1/CDC6/RAD51/KNTC1/SPC25/INCENP/CHEK2/CDT1/NUF2/ORC1/CDC7/AURKB/BARD1/CDK1/CDC20/CLSPN/DNA2/HASPIN/SKA1/BRIP1/BLM/CDC45/BUB1B/TIMELESS/EME2/EME1/GEN1/DONSON/SPC24/BRCA1/MAD2L1/BIRC5/TICRR/NDC80/DTL/ZWINT/ZWILCH/PLK1/DBF4/CDCA8/HORMAD2/H2AX/FANCD2/WDR76/BRCA2/KNL1/CENPF/SKA3/E2F1/TRIP13/HORMAD1/CHEK1/RFC4",57
"GO:0031577","GO:0031577","spindle checkpoint signaling","26/2590","57/18842",0.456140350877193,3.31837702364018,6.99784537737646,5.54731640856041e-09,8.19353626291423e-07,8.19353626291423e-07,"TTK/DUSP1/BUB1/CCNB1/KNTC1/SPC25/INCENP/NUF2/AURKB/CDC20/HASPIN/SKA1/BUB1B/GEN1/SPC24/MAD2L1/BIRC5/NDC80/ZWINT/ZWILCH/PLK1/CDCA8/KNL1/CENPF/SKA3/TRIP13",26
"GO:0072001","GO:0072001","renal system development","65/2590","231/18842",0.281385281385281,2.04705076133648,6.39200818318374,6.51038133244665e-09,9.14807412345482e-07,9.14807412345481e-07,"KCNJ8/GFRA1/HS3ST3A1/ROBO2/SOX17/KLF15/EGR1/TBX18/TEK/IRX1/TCF21/RBP4/SIM1/GDNF/PCSK9/GREM1/AQP1/LGR4/SIX2/ALDH1A2/SLIT2/POU3F3/MYOCD/MME/BASP1/SULF1/EDN1/FOXD1/BMP2/SOX11/GREB1L/MMP9/SLC34A1/KANK2/AGTR2/NPNT/LIN28A/EPCAM/NPHS1/PROX1/FGF2/SIX4/WNT11/ANGPT1/COL4A3/EZH2/SERPINB7/HOXA11/ZBTB16/STRA6/TFAP2A/RET/HELLS/KIF26B/LHX1/PECAM1/CYP26B1/BMPER/CAT/CENPF/CD24/FGF8/GPC3/AGT/CD34",65
"GO:0000819","GO:0000819","sister chromatid segregation","68/2590","246/18842",0.276422764227642,2.0109489280221,6.37140850455636,6.52836030768047e-09,9.14807412345482e-07,9.14807412345481e-07,"RRS1/TTK/KIF15/NCAPG2/DUSP1/DLGAP5/BUB1/CCNB1/CDC6/KNTC1/KIF11/SPC25/INCENP/CHEK2/CENPA/CDT1/TACC3/KIF4B/NUF2/DPF1/KIF23/AURKB/KIF18A/ESPL1/RCC1/KIF18B/CDK1/UBE2C/CDC20/UHRF1/KIF25/KIFC1/TOP2A/HASPIN/SKA1/TUBG1/KIF2C/BUB1B/KNSTRN/PSRC1/GEN1/PRC1/SPC24/MAD2L1/BIRC5/NDC80/RACGAP1/ZWINT/ZWILCH/PLK1/SPAG5/NCAPD2/NCAPH/TPX2/CDCA8/RMI2/NCAPG/CENPK/KNL1/KIF22/CENPF/CENPE/SKA3/TRIP13/KAT2B/KIF14/CENPI/KIF4A",68
"GO:0033047","GO:0033047","regulation of mitotic sister chromatid segregation","28/2590","65/18842",0.430769230769231,3.13380457380457,6.87933829906434,7.06176173353822e-09,9.64813196844659e-07,9.64813196844659e-07,"TTK/DUSP1/BUB1/CCNB1/KNTC1/SPC25/INCENP/NUF2/AURKB/CDK1/CDC20/HASPIN/SKA1/BUB1B/GEN1/SPC24/MAD2L1/BIRC5/NDC80/ZWINT/ZWILCH/PLK1/CDCA8/KNL1/CENPF/SKA3/TRIP13/KAT2B",28
"GO:0010965","GO:0010965","regulation of mitotic sister chromatid separation","29/2590","69/18842",0.420289855072464,3.05756812713334,6.83534404852986,7.5738494217615e-09,1.0095387095104e-06,1.0095387095104e-06,"TTK/DUSP1/DLGAP5/BUB1/CCNB1/KNTC1/SPC25/INCENP/NUF2/AURKB/ESPL1/UBE2C/CDC20/HASPIN/SKA1/BUB1B/GEN1/SPC24/MAD2L1/BIRC5/NDC80/ZWINT/ZWILCH/PLK1/CDCA8/KNL1/CENPF/SKA3/TRIP13",29
"GO:0033046","GO:0033046","negative regulation of sister chromatid segregation","26/2590","58/18842",0.448275862068966,3.26116362668087,6.8849437707957,8.74306262415262e-09,1.0617963831332e-06,1.0617963831332e-06,"TTK/DUSP1/BUB1/CCNB1/KNTC1/SPC25/INCENP/NUF2/AURKB/CDC20/HASPIN/SKA1/BUB1B/GEN1/SPC24/MAD2L1/BIRC5/NDC80/ZWINT/ZWILCH/PLK1/CDCA8/KNL1/CENPF/SKA3/TRIP13",26
"GO:0033048","GO:0033048","negative regulation of mitotic sister chromatid segregation","26/2590","58/18842",0.448275862068966,3.26116362668087,6.8849437707957,8.74306262415262e-09,1.0617963831332e-06,1.0617963831332e-06,"TTK/DUSP1/BUB1/CCNB1/KNTC1/SPC25/INCENP/NUF2/AURKB/CDC20/HASPIN/SKA1/BUB1B/GEN1/SPC24/MAD2L1/BIRC5/NDC80/ZWINT/ZWILCH/PLK1/CDCA8/KNL1/CENPF/SKA3/TRIP13",26
"GO:0045841","GO:0045841","negative regulation of mitotic metaphase/anaphase transition","26/2590","58/18842",0.448275862068966,3.26116362668087,6.8849437707957,8.74306262415262e-09,1.0617963831332e-06,1.0617963831332e-06,"TTK/DUSP1/BUB1/CCNB1/KNTC1/SPC25/INCENP/NUF2/AURKB/CDC20/HASPIN/SKA1/BUB1B/GEN1/SPC24/MAD2L1/BIRC5/NDC80/ZWINT/ZWILCH/PLK1/CDCA8/KNL1/CENPF/SKA3/TRIP13",26
"GO:2000816","GO:2000816","negative regulation of mitotic sister chromatid separation","26/2590","58/18842",0.448275862068966,3.26116362668087,6.8849437707957,8.74306262415262e-09,1.0617963831332e-06,1.0617963831332e-06,"TTK/DUSP1/BUB1/CCNB1/KNTC1/SPC25/INCENP/NUF2/AURKB/CDC20/HASPIN/SKA1/BUB1B/GEN1/SPC24/MAD2L1/BIRC5/NDC80/ZWINT/ZWILCH/PLK1/CDCA8/KNL1/CENPF/SKA3/TRIP13",26
"GO:0030900","GO:0030900","forebrain development","70/2590","258/18842",0.271317829457364,1.97381102032265,6.28728850945868,9.1442064255131e-09,1.0863714807702e-06,1.0863714807702e-06,"TACC1/ATP1A2/AVPR2/PCDH9/FAT4/SALL3/NCAPG2/DIXDC1/COL3A1/ROBO2/SEMA3A/GSX2/SEMA3D/HTR6/TBR1/CXCL12/NDNF/TACC3/SOX2/SCN5A/EPHB2/AQP1/ALDH1A2/DAB2IP/SLIT2/WDR62/ZIC3/NEFL/SLC2A1/NTRK2/BMP2/FEZF2/CNTNAP2/FOS/RTN4RL2/STIL/HAP1/SHANK3/PTCHD1/PAX6/PROX1/TUBB2B/SEMA3G/KIF26A/DLC1/SEMA5A/SOX3/EZH2/VAX2/PRDM13/ARHGAP11B/ATP1B2/SLC8A3/LRP8/FEZ1/P2RY12/CDK5R1/FEZF1/ZIC1/LHX6/ASCL1/LHX1/APLP1/SSTR1/FGF8/SIX3/KCNA1/KIF14/EFNA2/MDK",70
"GO:1905818","GO:1905818","regulation of chromosome separation","32/2590","82/18842",0.390243902439024,2.83898672191355,6.66219825962806,1.15188555129641e-08,1.32646705068175e-06,1.32646705068175e-06,"TTK/NCAPG2/DUSP1/DLGAP5/BUB1/CCNB1/KNTC1/SPC25/INCENP/NUF2/AURKB/ESPL1/UBE2C/CDC20/HASPIN/SKA1/BUB1B/GEN1/SPC24/MAD2L1/BIRC5/NDC80/ZWINT/ZWILCH/PLK1/NCAPH/CDCA8/NCAPG/KNL1/CENPF/SKA3/TRIP13",32
"GO:0140013","GO:0140013","meiotic nuclear division","51/2590","166/18842",0.307228915662651,2.23506070614504,6.38041410002252,1.16794001593719e-08,1.32646705068175e-06,1.32646705068175e-06,"TTK/SYCE3/RAD54B/P3H4/TDRD12/TEX11/TESMIN/RAD51AP1/RAD51/DCAF13/INCENP/SGO1/HSF2BP/SHOC1/MAEL/NUF2/ESPL1/FBXO43/SGO2/TOP2A/SKA1/BRIP1/RAD54L/PTTG3P/EME2/EME1/NDC80/ZWINT/DMRT1/NCAPH/RBM46/TEX19/PTTG1/HORMAD2/TEX15/MEIOSIN/SYCP2/FANCD2/BRDT/BRCA2/KNL1/CYP26B1/MYBL1/SKA3/MND1/SPIRE2/TRIP13/HORMAD1/TDRKH/STRA8/TUBB8",51
"GO:0008608","GO:0008608","attachment of spindle microtubules to kinetochore","25/2590","55/18842",0.454545454545455,3.30677430677431,6.83921383464822,1.18933001799461e-08,1.32646705068175e-06,1.32646705068175e-06,"CCNB1/KNTC1/SPC25/INCENP/SGO1/CDT1/NUF2/AURKB/CDK1/NEK2/SKA1/KIF2C/KNSTRN/SPC24/BIRC5/NDC80/RACGAP1/ZWILCH/SPAG5/CDCA8/KNL1/CENPE/SKA3/ECT2/KAT2B",25
"GO:0045787","GO:0045787","positive regulation of cell cycle","80/2590","312/18842",0.256410256410256,1.86535986535987,6.1529698423133,1.34113710027256e-08,1.46586285059791e-06,1.46586285059791e-06,"CIT/RRM2/CDC25C/NCAPG2/AURKA/CCND2/MAGEA4/DLGAP5/RAD51AP1/BUB1/CCNB1/ADAMTS1/CDC6/CDC25A/EPGN/INCENP/MIR221/RGCC/KIF23/CDC7/AURKB/ESPL1/RCC1/TP63/CDK1/PPP1R35/UBE2C/MTBP/TERT/CDC20/TAL1/EGF/FOXA1/EDN3/SKA1/EDN1/DDR2/CYP1A1/PHOX2B/TBX20/STIL/KCNA5/GEN1/MAD2L1/BIRC5/PROX1/EIF4EBP1/NDC80/DTL/SACK1D/RACGAP1/PLK1/DBF4/SPAG5/MIR222/E2F7/DMRT1/PKP3/EZH2/NCAPH/RBM46/CDCA8/PLK4/NCAPG/SLC6A4/E2F8/MEIOSIN/PTK6/GPSM2/KNL1/SKA3/ECT2/FEN1/KAT2B/SSTR5/KIF14/CCNE2/CCNE1/STRA8/CHEK1",80
"GO:0051306","GO:0051306","mitotic sister chromatid separation","29/2590","71/18842",0.408450704225352,2.97143944749579,6.6438124146677,1.65162733350494e-08,1.76983203482442e-06,1.76983203482442e-06,"TTK/DUSP1/DLGAP5/BUB1/CCNB1/KNTC1/SPC25/INCENP/NUF2/AURKB/ESPL1/UBE2C/CDC20/HASPIN/SKA1/BUB1B/GEN1/SPC24/MAD2L1/BIRC5/NDC80/ZWINT/ZWILCH/PLK1/CDCA8/KNL1/CENPF/SKA3/TRIP13",29
"GO:0007093","GO:0007093","mitotic cell cycle checkpoint signaling","45/2590","140/18842",0.321428571428571,2.33836183121897,6.34515132459693,1.82060889623726e-08,1.91338992652628e-06,1.91338992652628e-06,"BRSK1/TTK/DUSP1/BUB1/CCNB1/CDC6/KNTC1/SPC25/INCENP/CHEK2/NUF2/ORC1/CDC7/AURKB/BARD1/CDK1/CDC20/CLSPN/HASPIN/SKA1/BLM/BUB1B/TIMELESS/EME2/EME1/GEN1/DONSON/SPC24/BRCA1/MAD2L1/BIRC5/TICRR/NDC80/DTL/ZWINT/ZWILCH/PLK1/DBF4/CDCA8/FANCD2/KNL1/CENPF/SKA3/TRIP13/CHEK1",45
"GO:1902100","GO:1902100","negative regulation of metaphase/anaphase transition of cell cycle","26/2590","60/18842",0.433333333333333,3.15245817245817,6.66634641456325,2.08605826102405e-08,2.11116822157342e-06,2.11116822157342e-06,"TTK/DUSP1/BUB1/CCNB1/KNTC1/SPC25/INCENP/NUF2/AURKB/CDC20/HASPIN/SKA1/BUB1B/GEN1/SPC24/MAD2L1/BIRC5/NDC80/ZWINT/ZWILCH/PLK1/CDCA8/KNL1/CENPF/SKA3/TRIP13",26
"GO:1905819","GO:1905819","negative regulation of chromosome separation","26/2590","60/18842",0.433333333333333,3.15245817245817,6.66634641456325,2.08605826102405e-08,2.11116822157342e-06,2.11116822157342e-06,"TTK/DUSP1/BUB1/CCNB1/KNTC1/SPC25/INCENP/NUF2/AURKB/CDC20/HASPIN/SKA1/BUB1B/GEN1/SPC24/MAD2L1/BIRC5/NDC80/ZWINT/ZWILCH/PLK1/CDCA8/KNL1/CENPF/SKA3/TRIP13",26
"GO:0045839","GO:0045839","negative regulation of mitotic nuclear division","27/2590","64/18842",0.421875,3.0690999034749,6.61904342103553,2.24835175746607e-08,2.23404406446401e-06,2.23404406446401e-06,"TTK/DUSP1/BUB1/CCNB1/KNTC1/SPC25/INCENP/NUF2/AURKB/CDC20/HASPIN/SKA1/BUB1B/GEN1/SPC24/MAD2L1/BIRC5/NDC80/ZWINT/ZWILCH/PLK1/CDCA8/KNL1/CENPF/SKA3/TRIP13/CHEK1",27
"GO:0048729","GO:0048729","tissue morphogenesis","97/2590","408/18842",0.237745098039216,1.72957263986676,5.94753873057022,2.59065255555672e-08,2.50663102450326e-06,2.50663102450326e-06,"BRSK1/MYH6/PAK1/COL3A1/HS3ST3A1/ROBO2/TRIM15/RASIP1/NOTCH4/SOX17/KRT14/TBX18/MYLK/KRT19/FERMT2/GREB1/HBEGF/IRX1/SCX/TCF21/MYL3/TIE1/GDNF/KRT17/MIR221/GATA4/FOXH1/GREM1/LGR4/KRT36/SIX2/SAPCD2/SLIT2/SYNE4/KRT20/EGF/ARHGAP24/SCRIB/ZIC3/FOXE1/SULF1/GATA5/MET/TBX20/FOXD1/BMP2/PHLDB2/SOX11/GREB1L/KLF4/STIL/HMGA2/TIMELESS/CARMIL2/BRSK2/AGTR2/NPNT/DKK1/KRT34/PROX1/TGFBR2/FGF2/SIX4/WNT11/NRG1/DLC1/ACVRL1/MESP2/PLA2G10/ARTN/HOXA11/LBX2/MMP12/TNNI3/POU4F1/ANKRD1/TGFBR3/S1PR1/KRT6A/DLX3/TFAP2A/GRHL3/NKX2-5/RET/KRT15/KIF26B/LHX1/ACTG2/KRT31/DSC1/FGF8/GPC3/AGT/SIX3/COL5A1/MMRN2/MDK",97
"GO:0051899","GO:0051899","membrane depolarization","35/2590","97/18842",0.360824742268041,2.62496517135692,6.40524360786052,2.61441845190642e-08,2.50663102450326e-06,2.50663102450326e-06,"ATP1A2/CDKN2A/SCN3B/CAV3/CHRNA1/SCN3A/CAV1/SCN1A/FHL1/MLLT11/SCN5A/EDN1/SCN2B/HCN2/CHRNA9/CHRNG/DCN/CHRNA6/CHRNA4/CACNA1G/CHRNB4/KISS1/CHRNB3/CHRND/CHRNA2/CLCN2/HCN1/KCNH2/KISS1R/MYOC/SLC6A4/CHRNA5/SCN4B/ALB/NTSR1",35
"GO:0051985","GO:0051985","negative regulation of chromosome segregation","26/2590","61/18842",0.426229508196721,3.10077853028673,6.56045984296763,3.16182963369135e-08,2.97920671519366e-06,2.97920671519366e-06,"TTK/DUSP1/BUB1/CCNB1/KNTC1/SPC25/INCENP/NUF2/AURKB/CDC20/HASPIN/SKA1/BUB1B/GEN1/SPC24/MAD2L1/BIRC5/NDC80/ZWINT/ZWILCH/PLK1/CDCA8/KNL1/CENPF/SKA3/TRIP13",26
"GO:0001822","GO:0001822","kidney development","62/2590","225/18842",0.275555555555556,2.00464006864007,6.05195033100919,3.39635589020728e-08,3.14594659999708e-06,3.14594659999708e-06,"KCNJ8/GFRA1/HS3ST3A1/ROBO2/SOX17/KLF15/EGR1/TEK/IRX1/TCF21/SIM1/GDNF/PCSK9/GREM1/AQP1/LGR4/SIX2/ALDH1A2/SLIT2/POU3F3/MME/BASP1/SULF1/EDN1/FOXD1/BMP2/SOX11/GREB1L/MMP9/SLC34A1/KANK2/AGTR2/NPNT/LIN28A/EPCAM/NPHS1/PROX1/FGF2/SIX4/WNT11/ANGPT1/COL4A3/EZH2/SERPINB7/HOXA11/ZBTB16/STRA6/TFAP2A/RET/HELLS/KIF26B/LHX1/PECAM1/CYP26B1/BMPER/CAT/CENPF/CD24/FGF8/GPC3/AGT/CD34",62
"GO:0021537","GO:0021537","telencephalon development","52/2590","180/18842",0.288888888888889,2.10163878163878,5.92850002789349,8.11927352793909e-08,7.39530497169785e-06,7.39530497169785e-06,"TACC1/ATP1A2/AVPR2/FAT4/SALL3/NCAPG2/DIXDC1/COL3A1/ROBO2/SEMA3A/GSX2/HTR6/TBR1/CXCL12/TACC3/SCN5A/EPHB2/AQP1/DAB2IP/SLIT2/WDR62/ZIC3/NEFL/SLC2A1/NTRK2/BMP2/FEZF2/CNTNAP2/FOS/RTN4RL2/SHANK3/PAX6/PROX1/TUBB2B/KIF26A/EZH2/ARHGAP11B/ATP1B2/SLC8A3/LRP8/FEZ1/P2RY12/CDK5R1/FEZF1/ZIC1/LHX6/LHX1/SIX3/KCNA1/KIF14/EFNA2/MDK",52
"GO:0051304","GO:0051304","chromosome separation","32/2590","88/18842",0.363636363636364,2.64541944541945,6.17617304586401,8.28015423575514e-08,7.41820375383636e-06,7.41820375383636e-06,"TTK/NCAPG2/DUSP1/DLGAP5/BUB1/CCNB1/KNTC1/SPC25/INCENP/NUF2/AURKB/ESPL1/UBE2C/CDC20/HASPIN/SKA1/BUB1B/GEN1/SPC24/MAD2L1/BIRC5/NDC80/ZWINT/ZWILCH/PLK1/NCAPH/CDCA8/NCAPG/KNL1/CENPF/SKA3/TRIP13",32
"GO:0010948","GO:0010948","negative regulation of cell cycle process","77/2590","309/18842",0.249190938511327,1.81284002449051,5.75121902301022,9.10301551650874e-08,8.02386770930972e-06,8.02386770930971e-06,"BRSK1/TTK/DUSP1/GPER1/BUB1/CCNB1/CCNF/CDC6/RAD51/KNTC1/SPC25/INCENP/CHEK2/CDT1/RGCC/FHL1/SOX2/NUF2/ORC1/CDC7/AURKB/ESPL1/PKMYT1/BARD1/CDK1/FBXO43/CDC20/CLSPN/DAB2IP/KIF25/NEK2/SUSD2/DNA2/HASPIN/SKA1/BRIP1/BLM/KLF4/CDC45/BUB1B/TIMELESS/KANK2/EME2/EME1/GEN1/DONSON/FAM107A/SPC24/BRCA1/MAD2L1/BIRC5/TICRR/NDC80/DTL/ZWINT/ZWILCH/PLK1/DBF4/E2F7/DMRT1/CDCA8/HORMAD2/H2AX/E2F8/FANCD2/WDR76/BRCA2/KNL1/CENPF/SKA3/E2F1/TRIP13/KAT2B/HORMAD1/CHEK1/CCL2/RFC4",77
"GO:0099565","GO:0099565","chemical synaptic transmission, postsynaptic","37/2590","113/18842",0.327433628318584,2.38204804045512,5.88238596054921,1.92781678560942e-07,1.67230456085007e-05,1.67230456085007e-05,"GRIN1/INSYN2A/CHRNA1/RIMS1/GRIN2D/RIMS2/GRIN2A/INSYN1/MAPK8IP2/STX1A/SLC8A2/GRIN2C/MET/CHRNA9/P2RX5/CHRNG/CHRNA6/CHRNA4/CHRNB4/SHANK3/CBLN1/PNOC/CHRNB3/HTR3C/CHRND/CHRNA2/GLRA3/HTR3A/SLC8A3/CHRNA5/NRXN1/P2RX6/ADRB2/SLC1A7/P2RX2/NTSR1/SYT1",37
"GO:0051988","GO:0051988","regulation of attachment of spindle microtubules to kinetochore","14/2590","23/18842",0.608695652173913,4.42820211515864,6.56720412447183,1.999880019691e-07,1.70771004806427e-05,1.70771004806427e-05,"CCNB1/KNTC1/INCENP/AURKB/CDK1/NEK2/KNSTRN/BIRC5/RACGAP1/ZWILCH/SPAG5/CDCA8/ECT2/KAT2B",14
"GO:0051310","GO:0051310","metaphase chromosome alignment","36/2590","109/18842",0.330275229357798,2.40272041372959,5.86312495147757,2.20307495296235e-07,1.85227763352911e-05,1.85227763352911e-05,"RRS1/TTK/CCNB1/KNTC1/SPC25/INCENP/SGO1/CENPA/CDT1/NUF2/AURKB/KIF18A/CDK1/NEK2/KIFC1/SKA1/KIF2C/KNSTRN/PSRC1/SPC24/BIRC5/NDC80/SACK1D/RACGAP1/ZWINT/ZWILCH/SPAG5/CDCA8/KNL1/KIF22/CENPF/CENPE/SKA3/ECT2/KAT2B/KIF14",36
"GO:0006816","GO:0006816","calcium ion transport","95/2590","416/18842",0.228365384615385,1.66133613008613,5.4450494924967,2.69695294824457e-07,2.23315876699342e-05,2.23315876699342e-05,"ATP1A2/GRIN1/IL13/EPPIN/CNGA3/CALCA/CAPN3/CAV3/F2/GPM6A/CHRNA1/GPER1/CNGA1/SNCA/CXCL9/CAV1/EFHB/GRIN2D/MYLK/CACHD1/PKD1L2/GRIN2A/MCHR1/CACNG6/JPH4/OPRD1/CXCL12/CASQ2/CDH23/CALHM3/ATP2B3/KCNK16/JPH2/EDNRB/CX3CL1/PLCH2/SLC8A2/EGF/TRPA1/TRPC7/PLPP4/GRIN2C/NOS1/CEMIP/SRL/EPO/SLC24A4/EDN1/TRPM2/CCL19/ADRA2A/CHRNA9/P2RX5/CHRNG/CACNB3/CHRNA6/CHRNA4/TRPM5/CACNA1G/TMC2/CHRNB4/P2RY6/JPH3/CHRNB3/HTR3C/CAMK2A/ANO9/ADCYAP1R1/SLC24A2/CHRND/CHRNA2/HTR3A/TRPM1/CACNA1I/FGF2/CYP27B1/PANX3/CBARP/CACNA2D2/SLC8A3/CACNG5/CHRNA5/CALCRL/P2RX6/UCN/CACNA1B/MS4A1/RAMP1/P2RX2/CACNG1/NALF2/NTSR1/CACNA1E/CD19/CCL2",95
"GO:0051231","GO:0051231","spindle elongation","10/2590","13/18842",0.769230769230769,5.5960795960796,6.61750136775229,4.55499693175553e-07,3.66074385765352e-05,3.66074385765352e-05,"KIF11/INCENP/KIF4B/KIF23/AURKB/PRC1/BIRC5/RACGAP1/CDCA8/KIF4A",10
"GO:0051255","GO:0051255","spindle midzone assembly","10/2590","13/18842",0.769230769230769,5.5960795960796,6.61750136775229,4.55499693175553e-07,3.66074385765352e-05,3.66074385765352e-05,"INCENP/KIF4B/KIF23/AURKB/CCDC69/PRC1/BIRC5/RACGAP1/CDCA8/KIF4A",10
"GO:0042742","GO:0042742","defense response to bacterium","77/2590","322/18842",0.239130434782609,1.73965083095518,5.34419927970663,5.42405929518707e-07,4.29601218089816e-05,4.29601218089816e-05,"EMILIN2/ISG15/EPPIN/BPIFA2/CALCA/IGHA1/F2/TLR4/IGHG1/SIGLEC16/PLA2G2A/H2BC12L/PGLYRP4/CCL20/RNASE7/H2BC7/CXCL13/TSLP/VGF/WFDC2/CTSG/H2BC17/DMBT1/FGB/SLC11A1/VIP/DEFB126/IGHG3/RARRES2/NR1H4/AQP1/IL33/IFNE/STAB2/IGHE/H2BC14/H2BC19P/H2BC10/H2BC13/KLK3/H2BC4/SELP/H2BC6/IGHA2/ANXA3/H2BC9/TF/H2BC8/CAMP/WFDC13/H2BC5/H2BC3/IGHG2/IGHG4/RNASE10/ZG16B/H2BC21/H2BC18/IL23A/LYZ/RNASE13/PRB3/H2BC11/IL6/KRT6A/S100A12/BPIFA1/WFDC10B/H2BC15/LPO/H2BC12/GSDMC/WFDC3/CFP/PPBP/PGLYRP3/MMRN2",77
"GO:1901988","GO:1901988","negative regulation of cell cycle phase transition","67/2590","269/18842",0.24907063197026,1.81196480601685,5.3545227254934,6.21196676913981e-07,4.77481919390928e-05,4.77481919390928e-05,"BRSK1/TTK/DUSP1/BUB1/CCNB1/CDC6/RAD51/KNTC1/SPC25/INCENP/CHEK2/CDT1/RGCC/FHL1/SOX2/NUF2/ORC1/CDC7/AURKB/PKMYT1/BARD1/CDK1/CDC20/CLSPN/SUSD2/DNA2/HASPIN/SKA1/BRIP1/BLM/KLF4/CDC45/BUB1B/TIMELESS/KANK2/EME2/EME1/GEN1/DONSON/FAM107A/SPC24/BRCA1/MAD2L1/BIRC5/TICRR/NDC80/DTL/ZWINT/ZWILCH/PLK1/DBF4/E2F7/CDCA8/HORMAD2/H2AX/FANCD2/WDR76/BRCA2/KNL1/CENPF/SKA3/E2F1/TRIP13/HORMAD1/CHEK1/CCL2/RFC4",67
"GO:0031032","GO:0031032","actomyosin structure organization","53/2590","196/18842",0.270408163265306,1.96719328658104,5.43371579196615,6.23826938481362e-07,4.77481919390928e-05,4.77481919390928e-05,"MYH6/MYOM3/CAPN3/PAK1/CAV3/APOA1/KRT19/FERMT2/TACR1/KRT8/PPM1F/RGCC/IQGAP3/SYNPO/MYBPH/SYNPO2L/LIMCH1/KCTD13/PTGER4/MYOM2/EDN1/FRMD3/PHLDB2/LIMK1/MYH11/EPB41L2/TNNT1/ARHGEF15/TMOD1/PIK3R1/MYPN/LMOD1/FHDC1/PROX1/ZEB2/RHPN1/ANLN/SIX4/RACGAP1/DLC1/ACTN2/MYOC/ANKRD1/SORBS1/S1PR1/MYBPC1/ARHGAP6/MYO18B/TNNT3/MYL9/CNN1/ECT2/PGM5",53
"GO:0001508","GO:0001508","action potential","46/2590","161/18842",0.285714285714286,2.07854384997242,5.4865473872255,6.29070415300033e-07,4.77481919390928e-05,4.77481919390928e-05,"SCN7A/ATP1A2/KCNJ8/SCN3B/CAV3/KCNB1/CHRNA1/GPER1/SCN3A/NPY2R/CAV1/TBX18/TACR1/SCN1A/CASQ2/KCNK16/SCN4A/SCN5A/ASIC5/KCNF1/SLC8A2/TRPA1/NOS1/SCN2B/HCN2/CNR2/CACNB3/CHRNA4/KCNA5/CACNA1G/KCNG2/KCNE4/KCNE1/KCNA4/CLCN2/HCN1/KCNH2/ADRA1A/CD36/KCNS1/KCNG1/KCNK9/SCN4B/KCNH6/KCNA1/KCNMB2",46
"GO:0023061","GO:0023061","signal release","96/2590","430/18842",0.223255813953488,1.62416449672264,5.22674432632342,6.95698861761322e-07,5.20821134181592e-05,5.20821134181592e-05,"BRSK1/KMO/GPR158/SPP1/NKX6-1/PDX1/IFNG/KCNB1/GPER1/HRH3/UQCC2/SNCA/ALDOA/PTPRN/RIMS1/CARTPT/RIMS2/ADAM8/RASL10B/RIMS4/IL11/TACR1/BMP8A/RBP4/PDE8B/CXCL12/GDNF/GRM4/RFX6/FGB/VIP/KCNK16/NR1H4/EDNRB/STX1A/UNC13C/TFR2/G6PC2/SCRIB/TRPA1/FFAR4/ECRG4/RAB11FIP1/EDN3/EDN1/FOXD1/ADRA2A/SOX11/HCAR2/BLK/SYT5/CPLX4/PPARG/CHRNA6/CHRNA4/KCNA5/RETN/CAMP/TRPM5/MYRIP/BRSK2/CHRNB4/KISS1/GAL/PNOC/UNC13A/CAMK2A/GIP/STX11/CCKAR/NMU/SYNGR3/FFAR3/KISS1R/CPLX2/PLA2G10/PLA2G3/ABCA12/SYN2/SYT7/IL6/SLC6A4/ADCY8/SYT13/CRHBP/NRXN1/KCNK9/UCN/CACNA1B/INHA/CRY2/AGT/DOC2A/SSTR5/PDE1C/SYT1",96
"GO:0051256","GO:0051256","mitotic spindle midzone assembly","9/2590","11/18842",0.818181818181818,5.95219375219375,6.55851821121551,7.31894782139306e-07,5.40514187079906e-05,5.40514187079906e-05,"INCENP/KIF4B/KIF23/AURKB/PRC1/BIRC5/RACGAP1/CDCA8/KIF4A",9
"GO:0099177","GO:0099177","regulation of trans-synaptic signaling","106/2590","488/18842",0.217213114754098,1.5802044433192,5.18410808519052,7.54668396165965e-07,5.49901704672933e-05,5.49901704672933e-05,"BRSK1/ATP1A2/CHRM2/KMO/GRIN1/GPR158/SHISA8/KCNB1/GRIK4/CHRNA1/GPER1/CBLN4/RIMS1/GRIN2D/RIMS2/RIMS4/C1QL2/TACR1/GRIN2A/VGF/SLC7A10/LAMP5/JPH4/MAPK8IP2/GRM4/GABRA4/STX1A/EPHB2/NEFH/UNC13C/CDC20/CX3CL1/SLC8A2/TNR/PTN/GRIN2C/MME/C1QL4/KCTD13/CNRIP1/NEFL/NRN1/ABHD6/LRFN2/AKAP12/NTRK2/GABRB1/ADRA2A/CNR2/GRIA4/GABRG2/SYT5/CPLX4/CHRNA6/CHRNA4/RETN/HAP1/CHRNB4/SHANK3/CBLN1/ARC/GRIA2/APBA2/PNOC/UNC13A/FAM107A/NXPH1/DKK1/CHRDL1/JPH3/CHRNB3/CAMK2A/TUBB2B/SLC24A2/DLGAP2/CHRNA2/GLRA3/BCHE/NETO1/RASGRF1/EPHB1/NMU/ADRA1A/CPLX2/NEURL1/PENK/CX3CR1/SYT7/SLC8A3/CACNG5/LRP8/SLC6A4/ADCY8/SYT13/NXPH4/CHRNA5/INA/NRXN1/ADRB2/S100B/UCN/SLC1A1/CACNA1B/NTNG1/SYT1/CCL2",106
"GO:0001823","GO:0001823","mesonephros development","27/2590","74/18842",0.364864864864865,2.65435667327559,5.69225647912897,7.72055113395986e-07,5.55168578251193e-05,5.55168578251193e-05,"HS3ST3A1/ROBO2/TCF21/SIM1/GDNF/GREM1/LGR4/SIX2/SLIT2/BASP1/FOXD1/BMP2/AGTR2/NPNT/EPCAM/FGF2/SIX4/WNT11/HOXA11/ZBTB16/KIF26B/LHX1/BMPER/CAT/FGF8/GPC3/AGT",27
"GO:0032963","GO:0032963","collagen metabolic process","34/2590","105/18842",0.323809523809524,2.35568302996874,5.56097869022901,7.97116153568414e-07,5.62271823037575e-05,5.62271823037575e-05,"P3H4/F2/MMP3/VIM/MMP13/KLF15/MMP1/SCX/RGCC/P3H2/MMP11/RCN3/FAP/MFAP4/DDR2/CYP7A1/MMP9/TNXB/COL1A1/ADAMTS14/CYGB/CBX8/MMP14/SERPINB7/MMP19/MMP12/VSIR/PRSS2/TMPRSS6/IL6/UCN/MMP10/MMP27/COL5A1",34
"GO:0006936","GO:0006936","muscle contraction","86/2590","375/18842",0.229333333333333,1.66837786357786,5.21900805395975,8.12128511102065e-07,5.62271823037575e-05,5.62271823037575e-05,"SCN7A/ATP1A2/MYH6/CHRM2/KCNJ8/CALCA/SCN3B/CAV3/CHRNA1/GPER1/SCN3A/ALDOA/CAV1/MYLK/SGCA/KBTBD13/PROK2/TACR1/SCN1A/JPH4/MYL3/GDNF/CASQ2/UTRN/GATA4/JPH2/SCN4A/EDNRB/MYH2/SCN5A/MYBPH/MYOCD/TRPA1/NOS1/EDN3/SULF1/DES/MYOM2/EDN1/NMUR1/SCN2B/ADRA2A/JSRP1/MYH11/MYH1/CHRNG/MYL1/CACNB3/KCNIP1/TNNT1/KCNA5/TMOD1/CACNA1G/FXYD1/NPNT/LMOD1/SYNM/GAMT/JPH3/GALR2/KCNE4/CHRND/KCNE1/MB/NMU/EDN2/KCNH2/ADRA1A/CACNA2D2/TNNI3/CRYAB/SLC8A3/ADGRD1/P2RX6/NKX2-5/TNNT3/MYL9/ADRB2/UCN/HTR1D/CNN1/SCN4B/CA3/KCNA1/CACNG1/UTS2",86
"GO:0045652","GO:0045652","regulation of megakaryocyte differentiation","17/2590","35/18842",0.485714285714286,3.53352454495312,5.9889105427962,8.12799158645351e-07,5.62271823037575e-05,5.62271823037575e-05,"H4C6/H4C1/H4C2/H4C16/H4C8/H4C3/THPO/H4C14/PF4/H4C12/H4C11/H4C4/H4C9/H4C5/TESC/MTURN/H4C15",17
"GO:0072073","GO:0072073","kidney epithelium development","35/2590","110/18842",0.318181818181818,2.31474201474202,5.52068871132748,8.8097713309974e-07,6.0181750404876e-05,6.0181750404876e-05,"HS3ST3A1/ROBO2/KLF15/IRX1/TCF21/SIM1/GDNF/GREM1/AQP1/LGR4/SIX2/SLIT2/POU3F3/BASP1/EDN1/FOXD1/BMP2/KANK2/AGTR2/NPNT/EPCAM/NPHS1/FGF2/SIX4/WNT11/HOXA11/KIF26B/LHX1/PECAM1/BMPER/CAT/CD24/GPC3/AGT/CD34",35
"GO:0060079","GO:0060079","excitatory postsynaptic potential","33/2590","101/18842",0.326732673267327,2.37694866011698,5.53898902119552,9.15945733640254e-07,6.17980670906665e-05,6.17980670906665e-05,"GRIN1/CHRNA1/RIMS1/GRIN2D/RIMS2/GRIN2A/MAPK8IP2/STX1A/SLC8A2/GRIN2C/MET/CHRNA9/P2RX5/CHRNG/CHRNA6/CHRNA4/CHRNB4/SHANK3/CBLN1/PNOC/CHRNB3/HTR3C/CHRND/CHRNA2/GLRA3/HTR3A/SLC8A3/CHRNA5/NRXN1/P2RX6/ADRB2/SLC1A7/P2RX2",33
"GO:0033045","GO:0033045","regulation of sister chromatid segregation","36/2590","115/18842",0.31304347826087,2.27736108779587,5.48500398020293,9.59701995823775e-07,6.39606269167918e-05,6.39606269167918e-05,"TTK/DUSP1/DLGAP5/BUB1/CCNB1/CDC6/KNTC1/SPC25/INCENP/TACC3/NUF2/DPF1/AURKB/ESPL1/CDK1/UBE2C/CDC20/HASPIN/SKA1/BUB1B/GEN1/SPC24/MAD2L1/BIRC5/NDC80/ZWINT/ZWILCH/PLK1/CDCA8/RMI2/KNL1/CENPF/CENPE/SKA3/TRIP13/KAT2B",36
"GO:0044772","GO:0044772","mitotic cell cycle phase transition","96/2590","434/18842",0.221198156682028,1.60919523868833,5.12562125904002,1.07513456004728e-06,7.07904863934747e-05,7.07904863934747e-05,"BRSK1/RRM2/TTK/CDC25C/AURKA/CDKN2A/CCND2/DUSP1/DLGAP5/BUB1/CCNB1/ADAMTS1/CCNF/CDC6/CDC25A/KNTC1/FOXM1/SPC25/INCENP/CHEK2/TACC3/MIR221/RGCC/FHL1/NUF2/ORC1/DPF1/CDC7/AURKB/CDKN3/ESPL1/RCC1/PKMYT1/BARD1/UBD/CDK1/UBE2C/MTBP/TERT/CDC20/CLSPN/NEK2/CCNA2/CCNO/HASPIN/SKA1/DDR2/CYP1A1/PHOX2B/NES/BLM/CCNB2/KLF4/BUB1B/STIL/KCNA5/KANK2/BRSK2/GEN1/DONSON/ABCB1/FAM107A/CAMK2A/SPC24/BRCA1/MAD2L1/BIRC5/TICRR/ANLN/EIF4EBP1/NDC80/DTL/E2F3/ZWINT/ZWILCH/PLK1/DBF4/MIR222/E2F7/CDCA8/CCNI2/CCNP/MELK/KNL1/CENPF/CENPE/SKA3/E2F1/TRIP13/TM4SF5/KIF14/CCNE2/UBE2S/CCNE1/CHEK1/CCL2",96
"GO:0050804","GO:0050804","modulation of chemical synaptic transmission","105/2590","486/18842",0.216049382716049,1.57173840507174,5.09770765678677,1.10770112981657e-06,7.20665080291373e-05,7.20665080291373e-05,"BRSK1/ATP1A2/CHRM2/KMO/GRIN1/GPR158/SHISA8/KCNB1/GRIK4/CHRNA1/GPER1/CBLN4/RIMS1/GRIN2D/RIMS2/RIMS4/C1QL2/TACR1/GRIN2A/VGF/SLC7A10/LAMP5/JPH4/MAPK8IP2/GRM4/GABRA4/STX1A/EPHB2/NEFH/UNC13C/CDC20/CX3CL1/SLC8A2/TNR/PTN/GRIN2C/MME/C1QL4/KCTD13/CNRIP1/NEFL/NRN1/LRFN2/AKAP12/NTRK2/GABRB1/ADRA2A/CNR2/GRIA4/GABRG2/SYT5/CPLX4/CHRNA6/CHRNA4/RETN/HAP1/CHRNB4/SHANK3/CBLN1/ARC/GRIA2/APBA2/PNOC/UNC13A/FAM107A/NXPH1/DKK1/CHRDL1/JPH3/CHRNB3/CAMK2A/TUBB2B/SLC24A2/DLGAP2/CHRNA2/GLRA3/BCHE/NETO1/RASGRF1/EPHB1/NMU/ADRA1A/CPLX2/NEURL1/PENK/CX3CR1/SYT7/SLC8A3/CACNG5/LRP8/SLC6A4/ADCY8/SYT13/NXPH4/CHRNA5/INA/NRXN1/ADRB2/S100B/UCN/SLC1A1/CACNA1B/NTNG1/SYT1/CCL2",105
"GO:0045132","GO:0045132","meiotic chromosome segregation","26/2590","71/18842",0.366197183098592,2.66404915982381,5.60789755967304,1.13489630035944e-06,7.29671562525216e-05,7.29671562525216e-05,"TTK/SYCE3/P3H4/TEX11/DCAF13/SGO1/SHOC1/NUF2/ESPL1/SGO2/SKA1/PTTG3P/NDC80/ZWINT/NCAPH/PTTG1/HORMAD2/TEX15/SYCP2/FANCD2/KNL1/SKA3/MND1/TRIP13/HORMAD1/TUBB8",26
"GO:0001657","GO:0001657","ureteric bud development","25/2590","67/18842",0.373134328358209,2.71451622197891,5.61225605382094,1.21213062884377e-06,7.70266731003631e-05,7.70266731003631e-05,"HS3ST3A1/ROBO2/TCF21/SIM1/GDNF/GREM1/LGR4/SIX2/SLIT2/BASP1/FOXD1/BMP2/AGTR2/NPNT/EPCAM/FGF2/SIX4/WNT11/HOXA11/KIF26B/LHX1/BMPER/CAT/GPC3/AGT",25
"GO:0006813","GO:0006813","potassium ion transport","58/2590","226/18842",0.256637168141593,1.86701062630266,5.23460486864417,1.23272811124117e-06,7.74351623900343e-05,7.74351623900343e-05,"ATP1A2/KCNJ8/CAV3/KCNB1/CAV1/ATP1A3/ATP4B/SLC12A8/CASQ2/FHL1/KCNJ18/FXYD4/KCNK16/KCNJ6/AQP1/KCNF1/KCNH8/KCNH4/KCNK15/NOS1/SLC24A4/KCNK5/LRRC26/KCNQ5/HCN2/ADRA2A/KCNIP1/DPP6/KCNA5/TRPM5/FXYD1/HPN/KCNG2/DPP10/KCNK1/SLC24A2/KCNE4/KCNE1/KCNA4/KCNAB1/HCN1/KCNH2/KCNQ3/ACTN2/FXYD6/KCNJ10/ATP1B2/KCNS1/ATP4A/KCNG1/KCNK9/KCNJ16/KCNH6/KCNJ4/KCNK10/KCNA1/KCNT2/KCNMB2",58
"GO:0051983","GO:0051983","regulation of chromosome segregation","41/2590","140/18842",0.292857142857143,2.13050744622173,5.35971712024031,1.24732644905754e-06,7.74618073193121e-05,7.74618073193121e-05,"TTK/NCAPG2/DUSP1/DLGAP5/BUB1/CCNB1/CDC6/KNTC1/SPC25/INCENP/TACC3/NUF2/DPF1/AURKB/ESPL1/CDK1/UBE2C/CDC20/HASPIN/SKA1/KIF2C/BUB1B/GEN1/SPC24/MAD2L1/BIRC5/NDC80/ZWINT/ZWILCH/PLK1/NCAPH/CDCA8/RMI2/NCAPG/KNL1/CENPF/CENPE/SKA3/TRIP13/KAT2B/HORMAD1",41
"GO:0007204","GO:0007204","positive regulation of cytosolic calcium ion concentration","45/2590","160/18842",0.28125,2.0460666023166,5.30464217774952,1.33674283590373e-06,8.20820179574596e-05,8.20820179574596e-05,"GRIN1/CALCA/CAV3/GPER1/CAV1/PTGFR/CXCL13/CALCR/PROK2/TACR1/MCHR1/JPH4/GNG3/CCR3/JPH2/EDNRB/KNG1/CCR8/NOS1/FFAR4/PTGER4/EPO/EDN1/AVP/CHRNA9/P2RX5/PLCZ1/CACNB3/CXCR2/JPH3/GALR2/ADCYAP1R1/CCL1/NMU/ADRA1A/CD36/ACKR4/CX3CR1/SLC8A3/ADCY8/CCKBR/CD24/P2RX2/SAA1/CCL2",45
"GO:0071805","GO:0071805","potassium ion transmembrane transport","54/2590","206/18842",0.262135922330097,1.90701353225625,5.2253992174072,1.40788145312402e-06,8.5489690459142e-05,8.5489690459142e-05,"ATP1A2/KCNJ8/CAV3/KCNB1/CAV1/ATP1A3/ATP4B/SLC12A8/FHL1/KCNJ18/FXYD4/KCNK16/KCNJ6/AQP1/KCNF1/KCNH8/KCNH4/KCNK15/SLC24A4/KCNK5/LRRC26/KCNQ5/HCN2/KCNIP1/DPP6/KCNA5/TRPM5/FXYD1/HPN/KCNG2/DPP10/KCNK1/SLC24A2/KCNE4/KCNE1/KCNA4/KCNAB1/HCN1/KCNH2/KCNQ3/FXYD6/KCNJ10/ATP1B2/KCNS1/ATP4A/KCNG1/KCNK9/KCNJ16/KCNH6/KCNJ4/KCNK10/KCNA1/KCNT2/KCNMB2",54
"GO:0044786","GO:0044786","cell cycle DNA replication","18/2590","40/18842",0.45,3.27370656370656,5.74659825960085,1.58862440755964e-06,9.54047515089385e-05,9.54047515089385e-05,"GINS1/MCM4/MCM2/RAD51/CDT1/CDC7/DNA2/BLM/CDC45/TK1/DONSON/MCM6/DBF4/E2F7/PCNA/E2F8/BRCA2/FEN1",18
"GO:0072163","GO:0072163","mesonephric epithelium development","25/2590","68/18842",0.367647058823529,2.67459686577334,5.52248790805119,1.66806421900695e-06,9.80211930846558e-05,9.80211930846558e-05,"HS3ST3A1/ROBO2/TCF21/SIM1/GDNF/GREM1/LGR4/SIX2/SLIT2/BASP1/FOXD1/BMP2/AGTR2/NPNT/EPCAM/FGF2/SIX4/WNT11/HOXA11/KIF26B/LHX1/BMPER/CAT/GPC3/AGT",25
"GO:0072164","GO:0072164","mesonephric tubule development","25/2590","68/18842",0.367647058823529,2.67459686577334,5.52248790805119,1.66806421900695e-06,9.80211930846558e-05,9.80211930846558e-05,"HS3ST3A1/ROBO2/TCF21/SIM1/GDNF/GREM1/LGR4/SIX2/SLIT2/BASP1/FOXD1/BMP2/AGTR2/NPNT/EPCAM/FGF2/SIX4/WNT11/HOXA11/KIF26B/LHX1/BMPER/CAT/GPC3/AGT",25
"GO:0007091","GO:0007091","metaphase/anaphase transition of mitotic cell cycle","33/2590","104/18842",0.317307692307692,2.30838283338283,5.34119384268276,1.91672255581704e-06,0.000111434986888725,0.000111434986888725,"TTK/DUSP1/DLGAP5/BUB1/CCNB1/CDC6/KNTC1/SPC25/INCENP/TACC3/NUF2/DPF1/AURKB/ESPL1/UBE2C/CDC20/HASPIN/SKA1/BUB1B/GEN1/SPC24/MAD2L1/BIRC5/NDC80/ZWINT/ZWILCH/PLK1/CDCA8/KNL1/CENPF/CENPE/SKA3/TRIP13",33
"GO:0050000","GO:0050000","chromosome localization","37/2590","123/18842",0.300813008130081,2.1883855981417,5.27857946106167,2.00250766546977e-06,0.000115196888334655,0.000115196888334655,"RRS1/TTK/DLGAP5/CCNB1/KNTC1/SPC25/INCENP/SGO1/CENPA/CDT1/NUF2/AURKB/KIF18A/CDK1/NEK2/KIFC1/SKA1/KIF2C/KNSTRN/PSRC1/SPC24/BIRC5/NDC80/SACK1D/RACGAP1/ZWINT/ZWILCH/SPAG5/CDCA8/KNL1/KIF22/CENPF/CENPE/SKA3/ECT2/KAT2B/KIF14",37
"GO:0043269","GO:0043269","regulation of monoatomic ion transport","86/2590","383/18842",0.224543080939948,1.63352923979556,5.00046527939593,2.03646436373076e-06,0.000115929976539465,0.000115929976539465,"ATP1A2/GRIN1/IL13/EPPIN/CALCA/CAPN3/SCN3B/IFNG/CAV3/F2/GPER1/SNCA/CXCL9/CAV1/EFHB/GRIN2D/MYLK/GRIN2A/MCHR1/CACNG6/JPH4/OPRD1/CXCL12/NKAIN4/CASQ2/FHL1/UTRN/FXYD4/PCSK9/KCNK16/JPH2/SCN5A/KCNF1/CX3CL1/NKAIN1/NKAIN2/EGF/TRPA1/PLPP4/GRIN2C/NOS1/CEMIP/EPO/EDN1/SCN2B/LRRC26/ADRA2A/P2RX5/MMP9/PER1/CACNB3/KCNIP1/DPP6/CLDN10/FXYD1/P2RY6/ABCB1/KCNG2/DPP10/JPH3/CAMK2A/ADCYAP1R1/KCNE1/KCNAB1/KCNH2/KISS1R/CBARP/ACTN2/TESC/FXYD6/ATP1B2/KCNS1/SLC6A4/KCNG1/NKX2-5/UCN/SCN4B/MS4A1/BPIFA1/AGT/GABRE/P2RX2/CACNG1/NTSR1/CD19/CCL2",86
"GO:0002009","GO:0002009","morphogenesis of an epithelium","74/2590","316/18842",0.234177215189873,1.70361663652803,5.03543809233504,2.06487971803455e-06,0.000116335749062462,0.000116335749062462,"BRSK1/PAK1/HS3ST3A1/RASIP1/NOTCH4/SOX17/KRT14/TBX18/KRT19/FERMT2/GREB1/HBEGF/IRX1/TCF21/TIE1/GDNF/KRT17/MIR221/GATA4/FOXH1/GREM1/LGR4/KRT36/SIX2/SAPCD2/SLIT2/SYNE4/KRT20/EGF/ARHGAP24/SCRIB/ZIC3/FOXE1/SULF1/MET/TBX20/FOXD1/BMP2/PHLDB2/SOX11/GREB1L/STIL/TIMELESS/CARMIL2/BRSK2/AGTR2/NPNT/KRT34/PROX1/TGFBR2/FGF2/SIX4/WNT11/DLC1/ACVRL1/PLA2G10/HOXA11/LBX2/MMP12/KRT6A/DLX3/TFAP2A/GRHL3/NKX2-5/KRT15/KIF26B/LHX1/KRT31/DSC1/GPC3/AGT/COL5A1/MMRN2/MDK",74
"GO:0022617","GO:0022617","extracellular matrix disassembly","26/2590","73/18842",0.356164383561644,2.59106151160946,5.43721220401757,2.08862454537941e-06,0.000116472787147944,0.000116472787147944,"MMP3/MMP13/PLAU/MMP1/ADAM8/DPP4/CTSG/MMP11/FGFR4/FAP/DDR2/GDPD2/RECK/MMP9/CARMIL2/HPN/MIR205/PRSS1/MMP14/CMA1/MMP19/MMP12/PRSS2/TMPRSS6/IL6/MMP10",26
"GO:0030071","GO:0030071","regulation of mitotic metaphase/anaphase transition","32/2590","100/18842",0.32,2.32796911196911,5.31530826572921,2.22219947412254e-06,0.000122669900263431,0.000122669900263431,"TTK/DUSP1/DLGAP5/BUB1/CCNB1/CDC6/KNTC1/SPC25/INCENP/NUF2/DPF1/AURKB/ESPL1/UBE2C/CDC20/HASPIN/SKA1/BUB1B/GEN1/SPC24/MAD2L1/BIRC5/NDC80/ZWINT/ZWILCH/PLK1/CDCA8/KNL1/CENPF/CENPE/SKA3/TRIP13",32
"GO:0003073","GO:0003073","regulation of systemic arterial blood pressure","28/2590","82/18842",0.341463414634146,2.48411338167436,5.37657910775628,2.25519388472166e-06,0.000123246345800039,0.000123246345800039,"AVPR2/CALCA/KL/CARTPT/RASL10B/TACR1/PTPN1/CTSG/RARRES2/EDNRB/ADM2/MME/EDN3/EDN1/GPR37L1/AVP/KLK3/ADRB1/AGTR2/CMA1/NMU/EDN2/ADRA1A/TNNI3/ADRB2/AGT/PDE1C/NTSR1",28
"GO:1901992","GO:1901992","positive regulation of mitotic cell cycle phase transition","30/2590","91/18842",0.32967032967033,2.39831982689126,5.3378141036517,2.29030437323421e-06,0.000123925875244801,0.000123925875244801,"RRM2/CDC25C/CCND2/DLGAP5/CCNB1/ADAMTS1/CDC6/CDC25A/MIR221/RGCC/CDC7/ESPL1/CDK1/UBE2C/MTBP/TERT/CDC20/SKA1/DDR2/CYP1A1/PHOX2B/STIL/KCNA5/BIRC5/DTL/PLK1/MIR222/SKA3/CCNE2/CCNE1",30
"GO:1901987","GO:1901987","regulation of cell cycle phase transition","99/2590","459/18842",0.215686274509804,1.56909682792036,4.92756956415034,2.40806604459619e-06,0.000129020401310963,0.000129020401310963,"BRSK1/RRM2/TTK/CDC25C/AURKA/CDKN2A/CCND2/DUSP1/DLGAP5/BUB1/CCNB1/ADAMTS1/CDC6/CDC25A/RAD51/KNTC1/SPC25/INCENP/CHEK2/CDT1/MIR221/RGCC/FHL1/SOX2/NUF2/ORC1/DPF1/CDC7/AURKB/ESPL1/PKMYT1/TP63/BARD1/UBD/CDK1/UBE2C/MTBP/TERT/CDC20/CLSPN/SUSD2/DNA2/HASPIN/SKA1/BRIP1/DDR2/CYP1A1/PHOX2B/BLM/KLF4/CDC45/BUB1B/STIL/KCNA5/TIMELESS/KANK2/EME2/EME1/GEN1/DONSON/FAM107A/SPC24/BRCA1/MAD2L1/BIRC5/TICRR/ANLN/NDC80/DTL/SACK1D/ZWINT/ZWILCH/PLK1/DBF4/MIR222/E2F7/PKP3/EZH2/CDCA8/HORMAD2/H2AX/FANCD2/WDR76/BRCA2/KNL1/CENPF/CENPE/SKA3/E2F1/TRIP13/SIX3/HORMAD1/TM4SF5/KIF14/CCNE2/CCNE1/CHEK1/CCL2/RFC4",99
"GO:0000022","GO:0000022","mitotic spindle elongation","9/2590","12/18842",0.75,5.45617760617761,6.16419551059027,2.56748831324236e-06,0.000136226443027859,0.000136226443027859,"INCENP/KIF4B/KIF23/AURKB/PRC1/BIRC5/RACGAP1/CDCA8/KIF4A",9
"GO:1901989","GO:1901989","positive regulation of cell cycle phase transition","34/2590","110/18842",0.309090909090909,2.24860652860653,5.24298142911366,2.61942495716055e-06,0.0001376457441431,0.0001376457441431,"RRM2/CDC25C/CCND2/DLGAP5/CCNB1/ADAMTS1/CDC6/CDC25A/MIR221/RGCC/CDC7/ESPL1/TP63/CDK1/UBE2C/MTBP/TERT/CDC20/SKA1/DDR2/CYP1A1/PHOX2B/STIL/KCNA5/BIRC5/DTL/SACK1D/PLK1/MIR222/PKP3/EZH2/SKA3/CCNE2/CCNE1",34
"GO:0007218","GO:0007218","neuropeptide signaling pathway","35/2590","115/18842",0.304347826086957,2.21410105757932,5.21336464435603,2.78868120465726e-06,0.000145144216985257,0.000145144216985257,"NPY4R2/GPR84/NPY2R/CARTPT/PROK2/MCHR1/OPRD1/PTGDR2/GPR143/MC5R/NTS/GALR3/ECRG4/TENM1/PROKR1/NMUR1/NMBR/NPFFR2/GAL/PNOC/GALR2/MCHR2/NMU/KISS1R/AGRP/PENK/PCSK1N/NPBWR1/NXPH4/CCKBR/UCN/SSTR1/NPW/SSTR5/NTSR1",35
"GO:0007411","GO:0007411","axon guidance","49/2590","185/18842",0.264864864864865,1.92686632578524,5.05743735987322,3.09408744720404e-06,0.000159520640556321,0.000159520640556321,"ROBO2/SEMA3A/CNTN6/HMCN2/SEMA3D/CDK5R2/ROBO4/DPYSL5/CXCL12/GDNF/NELL2/EPHB2/EPHA10/SLIT2/TNR/PTPRM/NEXN/TENM1/EDN3/EDN1/SEMA7A/SEMA6A/SEMA6D/EFNA3/EPHA8/MYPN/NOVA2/CELSR3/SLIT3/KIFC2/TENM3/TUBB2B/SEMA3G/EPHB1/SEMA5A/IGSF9/PLA2G10/RAC3/FEZ1/LHX9/CDK5R1/TUBB3/NRXN1/RET/LHX1/EFNA4/NFASC/FGF8/EFNA2",49
"GO:0071695","GO:0071695","anatomical structure maturation","48/2590","180/18842",0.266666666666667,1.93997425997426,5.05849786641206,3.16551354015583e-06,0.000161677864457492,0.000161677864457492,"TMEM79/NKX6-1/KCNB1/CCNB1/ROPN1L/PTPRN/CFTR/FLVCR1/ADGRB3/CCDC154/IL21/EDNRB/GREM1/CABYR/CX3CL1/EPO/SLC24A4/CATSPERQ/EDN1/BMP2/CCL19/LGI4/RECK/P2RX5/CNTNAP2/EPHA8/SMIM45/PPARG/RND1/GAL/CEND1/SLC26A3/ACVRL1/CX3CR1/MYOC/PLEK2/ZAR1L/ZBTB16/S1PR1/LHX6/EPB42/SIX3/TDRKH/TRIM58/KIF14/TDRD1/SCARF1/TUBB8",48
"GO:0097305","GO:0097305","response to alcohol","62/2590","254/18842",0.244094488188976,1.77576384033077,4.96910883536755,3.28077356967204e-06,0.000166013218132016,0.000166013218132016,"GRIN1/IL13/SLC5A5/CARTPT/AANAT/RAD51/DYNAP/PTGFR/TACR1/GFAP/GRIN2A/CFTR/OPRD1/RBP4/PTGDR2/CDK1/SLIT2/CLDN18/CLDN5/MLC1/PTGER4/NEFL/AVP/CYP7A1/BLM/HCN2/CCL19/ADRA2A/TDO2/CNR2/FOS/GHR/CLDN3/TNFSF4/CDO1/CSF3/POLB/TH/AKR1C2/GAL/PNOC/SLIT3/CES1/FOSB/BRCA1/ADCYAP1R1/TGFBR2/FGF2/PENK/F7/TGFBR3/ADCY8/AKR1C3/CRHBP/S100B/ACTG2/CAT/FOXP3/CA3/CCL7/KLF9/NTRK3",62
"GO:0045786","GO:0045786","negative regulation of cell cycle","85/2590","382/18842",0.222513089005236,1.61876124441569,4.87738891971615,3.41360093300349e-06,0.00017114980824646,0.00017114980824646,"BRSK1/TTK/CDKN2A/DUSP1/GPER1/BUB1/CCNB1/CCNF/CDC6/RAD51/KNTC1/NR4A1/SPC25/INCENP/BRINP1/CHEK2/CDT1/RGCC/FHL1/SOX2/NUF2/ORC1/CDC7/AURKB/ESPL1/PKMYT1/BARD1/CDK1/FBXO43/CDC20/CLSPN/DAB2IP/KIF25/NEK2/SCRIB/SUSD2/DNA2/HASPIN/SKA1/BRIP1/BLM/BMP2/KLF4/CDC45/CDKN1C/BUB1B/TIMELESS/KANK2/EME2/EME1/GEN1/DONSON/FAM107A/SPC24/BRCA1/MAD2L1/BIRC5/TICRR/NDC80/DTL/ZWINT/ZWILCH/PLK1/DBF4/E2F7/DMRT1/RBM46/CDCA8/HORMAD2/H2AX/E2F8/FANCD2/WDR76/BRCA2/KNL1/INHA/CENPF/SKA3/E2F1/TRIP13/KAT2B/HORMAD1/CHEK1/CCL2/RFC4",85
"GO:0097485","GO:0097485","neuron projection guidance","49/2590","186/18842",0.263440860215054,1.91650682941006,5.01454301485414,3.64776024381382e-06,0.000181227361204023,0.000181227361204023,"ROBO2/SEMA3A/CNTN6/HMCN2/SEMA3D/CDK5R2/ROBO4/DPYSL5/CXCL12/GDNF/NELL2/EPHB2/EPHA10/SLIT2/TNR/PTPRM/NEXN/TENM1/EDN3/EDN1/SEMA7A/SEMA6A/SEMA6D/EFNA3/EPHA8/MYPN/NOVA2/CELSR3/SLIT3/KIFC2/TENM3/TUBB2B/SEMA3G/EPHB1/SEMA5A/IGSF9/PLA2G10/RAC3/FEZ1/LHX9/CDK5R1/TUBB3/NRXN1/RET/LHX1/EFNA4/NFASC/FGF8/EFNA2",49
"GO:0044784","GO:0044784","metaphase/anaphase transition of cell cycle","33/2590","107/18842",0.308411214953271,2.24366181936275,5.15010154018181,3.85563482063899e-06,0.00018982922788101,0.00018982922788101,"TTK/DUSP1/DLGAP5/BUB1/CCNB1/CDC6/KNTC1/SPC25/INCENP/TACC3/NUF2/DPF1/AURKB/ESPL1/UBE2C/CDC20/HASPIN/SKA1/BUB1B/GEN1/SPC24/MAD2L1/BIRC5/NDC80/ZWINT/ZWILCH/PLK1/CDCA8/KNL1/CENPF/CENPE/SKA3/TRIP13",33
"GO:1902099","GO:1902099","regulation of metaphase/anaphase transition of cell cycle","32/2590","103/18842",0.310679611650485,2.26016418637778,5.11942269792277,4.51909030577211e-06,0.000220507397509326,0.000220507397509326,"TTK/DUSP1/DLGAP5/BUB1/CCNB1/CDC6/KNTC1/SPC25/INCENP/NUF2/DPF1/AURKB/ESPL1/UBE2C/CDC20/HASPIN/SKA1/BUB1B/GEN1/SPC24/MAD2L1/BIRC5/NDC80/ZWINT/ZWILCH/PLK1/CDCA8/KNL1/CENPF/CENPE/SKA3/TRIP13",32
"GO:0007423","GO:0007423","sensory organ development","84/2590","379/18842",0.221635883905013,1.61237966198388,4.80770353077297,4.57429409718135e-06,0.000221225816292886,0.000221225816292886,"RD3/CNGA3/EFEMP1/GPM6A/GJB2/TWIST1/TBX18/MCM2/SGCA/ADAMTS18/SIX6/SOBP/KDM5B/DLX2/RBP4/SOX2/MYO7B/OLFM3/PMEL/EPHB2/COL2A1/TMEM132E/LENEP/ESRP1/CCNA2/SGCG/PTPRM/MFAP2/ZIC3/DCX/SOX12/PRSS56/CYP1A1/FBN2/PHOX2B/CRYBA2/NES/BMP2/SOX11/PLAAT1/FOS/ASCL2/CLDN3/BHLHA15/FZD4/OLIG3/TMOD1/FBN3/TH/MYO3B/HPN/CHRDL1/CLDN19/TENM3/PAX6/PROX1/ZEB2/ANGPTL7/TMIE/FGF2/SIX4/FREM2/OPN4/SOX3/ACVRL1/GABRA5/FOXE3/ZIC1/STRA6/TFAP2A/ASCL1/LHX1/PAX5/CYP26B1/COL5A2/SLC1A1/SLC17A8/LHX3/LCTL/SIX3/TYRP1/RP1/NTRK3/COL5A1",84
"GO:0042445","GO:0042445","hormone metabolic process","55/2590","219/18842",0.251141552511416,1.82703055305795,4.91436308224867,4.65769055389865e-06,0.000223283148044352,0.000223283148044352,"P4HB/SPP1/SLC5A5/HSD17B6/EGR1/AANAT/IYD/CYP1A2/ADH6/CYP21A2/DIO1/DPP4/ADH4/RBP4/CTSG/UGT1A10/NR5A2/SRD5A3/EDNRB/UGT1A7/ALDH1A2/CYP3A4/MME/DKK3/FOXE1/PCSK1/CYP1A1/CYP2W1/BMP2/AKR1C1/ADH1C/GHR/ALDH1A1/CEL/UGT1A6/AKR1C2/HPN/GAL/CES1/BCHE/CYP2C18/CLCN2/CMA1/FFAR3/AKR1D1/ADH1B/HSD17B1/DHRS2/CHST9/AKR1C3/UGT2B10/CYP26B1/TPO/ADH1A/UGT2B28",55
"GO:0051960","GO:0051960","regulation of nervous system development","78/2590","346/18842",0.225433526011561,1.64000714174125,4.79658794093529,5.12390769890306e-06,0.000243497004995698,0.000243497004995698,"SPP1/IDH2/TPPP/PAK1/IFNG/SLITRK3/F2/GPER1/VIM/ROBO2/SLC7A5/CDH2/MAG/HES6/GFAP/PTPRZ1/DPYSL5/CXCL12/EPHB2/CX3CL1/IL34/SLIT2/WDR62/EGR2/PTN/MME/NOS1/GBX2/NTRK2/LRRTM4/GDPD2/SEMA7A/BMP2/SOX11/LIMK1/LHX2/LGI4/FEZF2/SEMA6D/TTBK1/ASCL2/RTN4RL2/FZD4/SYNDIG1/HAP1/NEGR1/SHANK3/CBLN1/DKK1/PAX6/THBS2/LRRTM1/ST8SIA2/SEMA3G/CLCN2/EPHB1/SEMA5A/TRIM46/NEURL1/QKI/CNTFR/CX3CR1/LRRC4B/LRP8/IL6/FEZF1/NRXN1/ASCL1/MEST/S100B/JAM2/E2F1/MIR125B1/SLITRK2/KIF14/NTRK3/LRRC15/MDK",78
"GO:0046883","GO:0046883","regulation of hormone secretion","58/2590","236/18842",0.245762711864407,1.78790000654407,4.86238168908878,5.3587090597166e-06,0.000250302094114113,0.000250302094114113,"SPP1/NKX6-1/PDX1/IFNG/KCNB1/GPER1/UQCC2/ALDOA/CARTPT/RASL10B/IL11/TACR1/BMP8A/RBP4/PDE8B/RFX6/FGB/KCNK16/NR1H4/STX1A/TFR2/G6PC2/TRPA1/FFAR4/ECRG4/RAB11FIP1/EDN3/EDN1/ADRA2A/SOX11/HCAR2/BLK/PPARG/KCNA5/RETN/CAMP/TRPM5/MYRIP/BRSK2/KISS1/GAL/GIP/CCKAR/NMU/FFAR3/KISS1R/PLA2G3/ABCA12/SYT7/IL6/ADCY8/CRHBP/KCNK9/UCN/INHA/CRY2/AGT/SSTR5",58
"GO:0060047","GO:0060047","heart contraction","58/2590","236/18842",0.245762711864407,1.78790000654407,4.86238168908878,5.3587090597166e-06,0.000250302094114113,0.000250302094114113,"SCN7A/ATP1A2/MYH6/CHRM2/KCNJ8/SCN3B/CAV3/SCN3A/CAV1/CARTPT/TBX18/ATP1A3/PTPN1/SCN1A/JPH4/MYL3/HSPB7/CELF2/CASQ2/GATA4/ATP2B3/JPH2/SCN4A/EDNRB/SCN5A/ADM2/SLC8A2/SGCG/NOS1/EDN3/DES/EDN1/SCN2B/ADRB1/KCNIP1/KCNA5/CACNA1G/TH/FXYD1/AGTR2/JPH3/KCNE4/KCNE1/HCN1/NMU/EDN2/KCNH2/ADRA1A/TNNI3/ATP1B2/SLC8A3/NKX2-5/ADRB2/UCN/SLC1A1/SCN4B/KCNH6/AGT",58
"GO:0035094","GO:0035094","response to nicotine","19/2590","47/18842",0.404255319148936,2.94091842602481,5.31843060522041,5.79287722529375e-06,0.000268288763018901,0.000268288763018901,"ATP1A2/IL13/NKX6-1/PDX1/CHRNA1/TACR1/OPRD1/EDN1/AVP/GNAT3/CHRNA6/CHRNA4/PNOC/KCNK1/CHRNB3/FOSB/CHRNA2/PENK/CHRNA5",19
"GO:0007346","GO:0007346","regulation of mitotic cell cycle","103/2590","492/18842",0.209349593495935,1.52299808519321,4.69259491773358,6.10982022522379e-06,0.00028058964311637,0.00028058964311637,"BRSK1/RRM2/TTK/CDC25C/AURKA/CDKN2A/CCND2/DUSP1/DLGAP5/BUB1/CCNB1/ADAMTS1/CDC6/CDC25A/EPGN/KNTC1/FOXM1/SPC25/INCENP/BRINP1/CHEK2/MIR221/RGCC/FHL1/NUF2/ORC1/DPF1/CDC7/AURKB/ESPL1/RCC1/PKMYT1/BARD1/UBD/CDK1/FBXO43/UBE2C/MTBP/TERT/CDC20/TAL1/CLSPN/NEK2/EGF/SCRIB/FOXA1/HASPIN/EDN3/SKA1/EDN1/DDR2/CYP1A1/CDCA2/PHOX2B/BLM/KLF4/TTC28/CDKN1C/BUB1B/STIL/KCNA5/TIMELESS/KANK2/EME2/EME1/GEN1/DONSON/FAM107A/SPC24/BRCA1/MAD2L1/BIRC5/TICRR/ANLN/EIF4EBP1/NDC80/DTL/MKI67/ZWINT/ZWILCH/PLK1/DBF4/MIR222/E2F7/DMRT1/RBM46/CDCA8/CKS1B/CAV2/FANCD2/MCIDAS/KNL1/CENPF/CENPE/SKA3/E2F1/TRIP13/TM4SF5/KIF14/CCNE2/CCNE1/CHEK1/CCL2",103
"GO:0021700","GO:0021700","developmental maturation","61/2590","254/18842",0.240157480314961,1.74712248806737,4.78564836816112,6.82038570469269e-06,0.000310611732301213,0.000310611732301213,"TMEM79/NKX6-1/KCNB1/CCNB1/ROPN1L/PTPRN/C1QL2/CFTR/FLVCR1/ADGRB3/CCDC154/IL21/EDNRB/ZDHHC15/GREM1/CABYR/CDC20/CX3CL1/DAB2IP/NEFL/NRN1/EPO/SLC24A4/CATSPERQ/EDN1/SEMA7A/BMP2/CCL19/LGI4/RECK/P2RX5/CNTNAP2/EPHA8/SMIM45/PPARG/RND1/ARHGEF15/GAL/SEZ6L2/CHRDL1/CEND1/SLC26A3/ACVRL1/NEURL1/IGSF9/CX3CR1/MYOC/PLEK2/ZAR1L/ZBTB16/S1PR1/LHX6/NRXN1/EPB42/SIX3/TDRKH/TRIM58/KIF14/TDRD1/SCARF1/TUBB8",61
"GO:0033260","GO:0033260","nuclear DNA replication","16/2590","36/18842",0.444444444444444,3.23329043329043,5.35422589384402,7.36075867197116e-06,0.00033223863415784,0.00033223863415784,"GINS1/MCM4/MCM2/RAD51/CDT1/CDC7/DNA2/BLM/CDC45/TK1/DONSON/MCM6/DBF4/PCNA/BRCA2/FEN1",16
"GO:0045638","GO:0045638","negative regulation of myeloid cell differentiation","27/2590","82/18842",0.329268292682927,2.39539504661456,5.05517431978834,7.41685514496915e-06,0.00033223863415784,0.00033223863415784,"H4C6/ZFP36/CALCA/TLR4/H4C1/CARTPT/H4C2/H4C16/H4C8/HOXA5/H4C3/TMEM178A/ERFE/H4C14/PF4/H4C12/KISS1/H4C11/H4C4/H4C9/KISS1R/H4C5/QKI/ZBTB16/INHA/MIR125B1/H4C15",27
"GO:0003018","GO:0003018","vascular process in circulatory system","61/2590","255/18842",0.23921568627451,1.74027102732985,4.75121455911363,7.78193070652687e-06,0.000345758140741214,0.000345758140741214,"ATP1A2/AVPR2/SLC5A5/KCNJ8/CALCA/SLC19A1/GPER1/SLC7A5/CAV1/FERMT2/TEK/TACR1/C2CD4A/FGB/NPR1/EDNRB/KNG1/NTS/SLIT2/SLC8A2/NOS1/CLDN5/KLF2/EDN3/EDN1/AVP/AKAP12/SLC2A1/ADRA2A/ADRB1/PDE2A/CDH5/SLC16A7/SH3GL2/SLC1A4/TFRC/AGTR2/ABCB1/ZEB2/ANGPT1/SVEP1/EDN2/ADRA1A/ZG16B/CD36/HBB/ATP1B2/ABCG2/SLC29A4/SLC6A4/LEPR/ADRB2/UCN/PECAM1/HTR1D/SLC1A1/AGT/KAT2B/SLC6A17/KCNMB2/UTS2",61
"GO:0035725","GO:0035725","sodium ion transmembrane transport","49/2590","191/18842",0.256544502617801,1.86633649356162,4.80397436868041,8.0791063219404e-06,0.00035606706491455,0.00035606706491455,"SCN7A/ATP1A2/GRIN1/SLC5A5/CNGA3/SCN3B/CAV3/SLC13A5/SLC17A4/CNGA1/SCN3A/ATP1A3/GRIN2A/SCN1A/ATP4B/UTRN/FXYD4/PCSK9/SCN4A/SCN5A/ASIC5/SLC5A4/SLC8A2/NOS1/SLC24A4/SCN2B/TRPM2/HCN2/SLC6A11/SLC34A1/TRPM5/FXYD1/KCNK1/SLC24A2/HCN1/TESC/FXYD6/ATP1B2/SLC34A3/SLC8A3/SLC6A4/ATP4A/SLC28A3/KCNK9/SLC17A8/SCN4B/BPIFA1/AGT/SLC6A17",49
"GO:0007188","GO:0007188","adenylate cyclase-modulating G protein-coupled receptor signaling pathway","68/2590","294/18842",0.231292517006803,1.68263073569196,4.70933310263439,8.21151402543813e-06,0.000358705133608275,0.000358705133608275,"CHRM2/AVPR2/PTHLH/CALCA/GABBR2/GPBAR1/GPER1/HRH3/NPY2R/CXCL9/GPR26/RIMS2/PTGFR/CALCR/TACR1/MCHR1/HTR6/GPR88/GRM4/VIP/RXFP1/CCR3/GPR146/MC5R/ADM2/NOS1/FFAR4/PTGER4/GPR37L1/AKAP12/PTH1R/ADGRF4/ADRA2A/GNAT3/CNR2/GLP2R/ADRB1/PDE2A/MARCO/PF4/GAL/CALCB/CNR1/GALR2/GIP/GRK5/ADCYAP1R1/ADGRG4/OPN4/FFAR3/ADCY4/ADRA1A/AGRP/ADGRF5/HCAR3/P2RY12/ADCY8/S1PR1/ADGRD1/GCGR/NRXN1/CALCRL/ADRB2/HTR1D/APLP1/RAMP1/ADGRL3/LHCGR",68
"GO:0045214","GO:0045214","sarcomere organization","18/2590","44/18842",0.409090909090909,2.97609687609688,5.23874425064573,8.33587410215022e-06,0.000358705133608275,0.000358705133608275,"MYH6/MYOM3/CAPN3/CAV3/KRT19/KRT8/MYBPH/SYNPO2L/MYOM2/EDN1/TNNT1/MYPN/PROX1/SIX4/ACTN2/ANKRD1/MYBPC1/TNNT3",18
"GO:0072171","GO:0072171","mesonephric tubule morphogenesis","18/2590","44/18842",0.409090909090909,2.97609687609688,5.23874425064573,8.33587410215022e-06,0.000358705133608275,0.000358705133608275,"HS3ST3A1/TCF21/GDNF/GREM1/LGR4/SIX2/FOXD1/BMP2/AGTR2/NPNT/FGF2/SIX4/WNT11/HOXA11/KIF26B/LHX1/GPC3/AGT",18
"GO:1902969","GO:1902969","mitotic DNA replication","10/2590","16/18842",0.625,4.54681467181467,5.66588702244318,8.574656169534e-06,0.000366097624738307,0.000366097624738307,"GINS1/MCM4/MCM2/RAD51/CDT1/CDC45/TK1/MCM6/PCNA/BRCA2",10
"GO:0006956","GO:0006956","complement activation","23/2590","65/18842",0.353846153846154,2.57419661419661,5.07517473307844,9.04773756077827e-06,0.000383301440074831,0.000383301440074831,"CFB/IGHA1/IGHG1/SUSD4/C4BPA/C6/VSIG4/IGHG3/CFHR4/A2M/MASP1/IGHE/C7/COLEC10/IGHA2/CR2/CFHR5/SERPING1/IGHG2/IGHG4/CFD/C8G/CFP",23
"GO:0008016","GO:0008016","regulation of heart contraction","52/2590","208/18842",0.25,1.81872586872587,4.73986076829679,9.60330308097851e-06,0.000403708087211904,0.000403708087211904,"ATP1A2/MYH6/CHRM2/SCN3B/CAV3/CAV1/CARTPT/TBX18/ATP1A3/PTPN1/JPH4/MYL3/HSPB7/CELF2/CASQ2/GATA4/ATP2B3/JPH2/EDNRB/SCN5A/ADM2/SLC8A2/NOS1/EDN3/DES/EDN1/SCN2B/ADRB1/KCNIP1/KCNA5/CACNA1G/TH/FXYD1/AGTR2/JPH3/KCNE4/KCNE1/HCN1/NMU/EDN2/KCNH2/ADRA1A/TNNI3/ATP1B2/SLC8A3/NKX2-5/ADRB2/UCN/SLC1A1/SCN4B/KCNH6/AGT",52
"GO:0051315","GO:0051315","attachment of mitotic spindle microtubules to kinetochore","13/2590","26/18842",0.5,3.63745173745174,5.37224725989146,1.09219783125353e-05,0.000453984148587726,0.000453984148587726,"INCENP/CDT1/NUF2/AURKB/CDK1/SKA1/KIF2C/BIRC5/NDC80/CDCA8/CENPE/SKA3/KAT2B",13
"GO:0007189","GO:0007189","adenylate cyclase-activating G protein-coupled receptor signaling pathway","49/2590","193/18842",0.253886010362694,1.84699621901694,4.7215087805209,1.0965399380344e-05,0.000453984148587726,0.000453984148587726,"AVPR2/PTHLH/CALCA/GPBAR1/GPER1/HRH3/CXCL9/GPR26/PTGFR/CALCR/TACR1/HTR6/VIP/RXFP1/MC5R/ADM2/NOS1/FFAR4/PTGER4/PTH1R/ADGRF4/ADRA2A/CNR2/ADRB1/PDE2A/PF4/GAL/CALCB/CNR1/GALR2/GIP/ADCYAP1R1/ADGRG4/OPN4/ADCY4/ADRA1A/AGRP/ADGRF5/ADCY8/S1PR1/ADGRD1/GCGR/NRXN1/CALCRL/ADRB2/APLP1/RAMP1/ADGRL3/LHCGR",49
"GO:0008217","GO:0008217","regulation of blood pressure","43/2590","162/18842",0.265432098765432,1.93099289765956,4.75076872930339,1.14260185417736e-05,0.000469497679178895,0.000469497679178895,"EMILIN2/MYH6/AVPR2/CALCA/KL/CARTPT/RASL10B/TACR1/PTPN1/NPR3/CTSG/NPR1/RARRES2/EDNRB/ADM2/COL1A2/MME/NOS1/EDN3/NOX1/EDN1/GPR37L1/AVP/KLK3/ADRB1/PPARG/AGTR2/CMA1/NMU/FFAR3/EDN2/ACVRL1/ADRA1A/HBB/TNNI3/SGK1/GCGR/ADRB2/UCN/AGT/PDE1C/NTSR1/UTS2",43
"GO:0045931","GO:0045931","positive regulation of mitotic cell cycle","34/2590","117/18842",0.290598290598291,2.11407451407451,4.82552652245663,1.1739870674434e-05,0.000478793979371506,0.000478793979371506,"RRM2/CDC25C/AURKA/CCND2/DLGAP5/CCNB1/ADAMTS1/CDC6/CDC25A/MIR221/RGCC/CDC7/ESPL1/CDK1/UBE2C/MTBP/TERT/CDC20/TAL1/FOXA1/SKA1/DDR2/CYP1A1/PHOX2B/STIL/KCNA5/BIRC5/EIF4EBP1/DTL/PLK1/MIR222/SKA3/CCNE2/CCNE1",34
"GO:0051384","GO:0051384","response to glucocorticoid","35/2590","122/18842",0.286885245901639,2.08706247230837,4.8087250542455,1.19865374417438e-05,0.000485232793475037,0.000485232793475037,"ZFP36/PDX1/DUSP1/CARTPT/AANAT/CALCR/UGT1A10/CBX3/AQP1/UGT1A7/ABCA3/SLIT2/NEFL/EPO/EDN1/TDO2/FOS/GHR/UGT1A6/CDO1/SLIT3/FAM107A/FOSB/BCHE/ALPL/PCNA/IL6/SCGB1A1/S100B/UCN/PCK1/KLF9/SSTR5/NTRK3/MDK",35
"GO:0007610","GO:0007610","behavior","86/2590","400/18842",0.215,1.56410424710425,4.55233073001605,1.22837997763812e-05,0.00049361004248473,0.00049361004248473,"BRSK1/ATP1A2/GRIN1/GPR52/SCN3A/NPY2R/SNCA/EGR1/CARTPT/DMRT3/TACR1/GRIN2A/MCHR1/PTPRZ1/GPR88/OPRD1/CXCL12/MAPK8IP2/GDNF/NR4A3/FOXO6/EDNRB/EPHB2/ADM2/SLC8A2/OBP2B/PTN/MME/GALR3/CLDN5/SLC24A4/AVP/NTRK2/TTBK1/CNTNAP2/FOS/ADRB1/CHRNA6/CHRNA4/RETN/AIM2/TH/SHANK3/ARC/AGTR2/GAL/PNOC/SEZ6L2/DKK1/NEDD9/PTCHD1/JPH3/GALR2/FOSB/BCHE/NETO1/FGF2/RASGRF1/OPN4/HCN1/NMU/AGRP/PENK/CX3CR1/ATP1B2/SLC8A3/GDF15/PCSK1N/SLC6A4/ADCY8/STRA6/CRHBP/CHRNA5/NRXN1/LEPR/S100B/UCN/HTR1D/SLC1A1/EN1/FEN1/PRLH/KAT2B/NPW/NTSR1/MDK",86
"GO:0009914","GO:0009914","hormone transport","65/2590","281/18842",0.231316725978648,1.68280685362536,4.60361287768992,1.28187096944496e-05,0.000508778214000337,0.000508778214000337,"SPP1/NKX6-1/PDX1/IFNG/KCNB1/GPER1/SLC17A4/UQCC2/SLC7A5/ALDOA/PTPRN/CARTPT/RIMS2/RASL10B/IL11/TACR1/BMP8A/RBP4/PDE8B/RFX6/FGB/SLCO1B1/VIP/KCNK16/NR1H4/STX1A/TFR2/G6PC2/TRPA1/FFAR4/ECRG4/RAB11FIP1/EDN3/EDN1/FOXD1/ADRA2A/SOX11/HCAR2/BLK/PPARG/KCNA5/RETN/CAMP/TRPM5/MYRIP/BRSK2/KISS1/GAL/GIP/CCKAR/NMU/FFAR3/KISS1R/PLA2G3/ABCA12/SYT7/IL6/ADCY8/CRHBP/KCNK9/UCN/INHA/CRY2/AGT/SSTR5",65
"GO:0045930","GO:0045930","negative regulation of mitotic cell cycle","57/2590","237/18842",0.240506329113924,1.74966032940716,4.63630838292267,1.28474645072363e-05,0.000508778214000337,0.000508778214000337,"BRSK1/TTK/DUSP1/BUB1/CCNB1/CDC6/KNTC1/SPC25/INCENP/BRINP1/CHEK2/RGCC/FHL1/NUF2/ORC1/CDC7/AURKB/PKMYT1/BARD1/CDK1/CDC20/CLSPN/SCRIB/HASPIN/SKA1/BLM/KLF4/CDKN1C/BUB1B/TIMELESS/KANK2/EME2/EME1/GEN1/DONSON/FAM107A/SPC24/BRCA1/MAD2L1/BIRC5/TICRR/NDC80/DTL/ZWINT/ZWILCH/PLK1/DBF4/E2F7/RBM46/CDCA8/FANCD2/KNL1/CENPF/SKA3/TRIP13/CHEK1/CCL2",57
"GO:0003012","GO:0003012","muscle system process","99/2590","477/18842",0.207547169811321,1.50988562686676,4.50282369735836,1.3383915645235e-05,0.000524376844986155,0.000524376844986155,"SCN7A/ATP1A2/MYH6/CHRM2/KCNJ8/CALCA/PAK1/SCN3B/CAV3/CHRNA1/GPER1/SCN3A/ALDOA/CAV1/KLF15/CARTPT/MYLK/SGCA/KBTBD13/PROK2/TACR1/SCN1A/NPR3/JPH4/MYL3/GDNF/CASQ2/NR4A3/UTRN/GATA4/JPH2/SCN4A/EDNRB/MYH2/SCN5A/MYBPH/MYOCD/TRPA1/NOS1/EDN3/SULF1/DES/GATA5/MYOM2/EDN1/NMUR1/SCN2B/ADRA2A/JSRP1/MYH11/KLF4/MYH1/CHRNG/MYL1/CERS1/CACNB3/PPARG/KCNIP1/TNNT1/KCNA5/TMOD1/CACNA1G/PVALB/FXYD1/NPNT/LMOD1/SYNM/GAMT/JPH3/GALR2/TRIM72/KCNE4/CHRND/KCNE1/MB/NMU/EDN2/KCNH2/ADRA1A/CACNA2D2/TNNI3/CRYAB/MYOC/SLC8A3/ADGRD1/P2RX6/NKX2-5/TNNT3/MYL9/ADRB2/UCN/HTR1D/CNN1/SCN4B/CA3/AGT/KCNA1/CACNG1/UTS2",99
"GO:0050886","GO:0050886","endocrine process","28/2590","89/18842",0.314606741573034,2.28873367749772,4.86487016584704,1.34332586089774e-05,0.000524376844986155,0.000524376844986155,"SPP1/AVPR2/RASL10B/TACR1/CTSG/EDNRB/MME/ECRG4/RAB11FIP1/EDN3/EDN1/FOXD1/HCAR2/PPARG/RETN/KISS1/AGTR2/GAL/CMA1/EDN2/KISS1R/CRHBP/KCNK9/UCN/INHA/CRY2/AGT/PDE1C",28
"GO:0016338","GO:0016338","calcium-independent cell-cell adhesion","12/2590","23/18842",0.521739130434783,3.79560181299312,5.35536912350915,1.37102305228174e-05,0.000531392977356007,0.000531392977356007,"CLDN6/CLDN9/CLDN14/CX3CL1/CLDN18/CLDN5/CLDN11/BMP2/CLDN3/CLDN10/CLDN19/CLDN2",12
"GO:0072006","GO:0072006","nephron development","35/2590","123/18842",0.284552845528455,2.07009448472863,4.75315316620862,1.45650074661064e-05,0.000560547646494868,0.000560547646494868,"HS3ST3A1/KLF15/EGR1/TEK/IRX1/TCF21/GDNF/GREM1/AQP1/LGR4/SIX2/POU3F3/BASP1/SULF1/EDN1/FOXD1/BMP2/AGTR2/NPNT/NPHS1/FGF2/SIX4/WNT11/ANGPT1/COL4A3/SERPINB7/HOXA11/RET/KIF26B/LHX1/PECAM1/CD24/GPC3/AGT/CD34",35
"GO:0043270","GO:0043270","positive regulation of monoatomic ion transport","45/2590","174/18842",0.258620689655172,1.88144055385435,4.66301922452552,1.49000823167857e-05,0.000568359878818475,0.000568359878818475,"GRIN1/IL13/CAPN3/SCN3B/IFNG/F2/GPER1/SNCA/CXCL9/CAV1/MYLK/MCHR1/CXCL12/FHL1/FXYD4/SCN5A/CX3CL1/TRPA1/NOS1/CEMIP/EDN1/SCN2B/LRRC26/ADRA2A/P2RX5/CACNB3/FXYD1/P2RY6/CAMK2A/ADCYAP1R1/KCNE1/KCNH2/ACTN2/TESC/FXYD6/ATP1B2/SLC6A4/NKX2-5/UCN/SCN4B/MS4A1/P2RX2/NTSR1/CD19/CCL2",45
"GO:0098771","GO:0098771","inorganic ion homeostasis","86/2590","402/18842",0.213930348258706,1.55632263393457,4.50098688729667,1.49759968069278e-05,0.000568359878818475,0.000568359878818475,"SCN7A/ATP1A2/GRIN1/HPX/RHBG/CALCA/IFNG/CAV3/F2/GPER1/CAV1/FTHL17/CARTPT/ATP1A3/ATP4B/FLVCR1/CXCL12/CASQ2/CDH23/NPR1/SLC11A1/FXYD4/ATP2B3/FGFR4/KCNK16/JPH2/SLC30A2/EDNRB/BOLA2B/CCL14/TFR2/RHCE/SLC8A2/TRPA1/TRPC7/TMEM178A/BOLA2/EDN3/SLC24A4/EDN1/PTH1R/SMAD9/MT1X/BMP2/CCL19/CCL23/ERFE/SCARA5/MT1M/CDH5/TF/KCNA5/SLC34A1/TFRC/MT1H/ALAS2/FXYD1/CALCB/NT5E/CNR1/SLC24A2/CCL1/CYP27B1/CA12/EDN2/KCNH2/ALPL/TESC/FXYD6/SLC39A4/TNNI3/ATP1B2/OTC/TMPRSS6/SLC34A3/SLC8A3/CYBRD1/ATP4A/ADCY8/CAV2/HEPHL1/SLC1A1/SLC17A8/AGT/CCL7/KCNA1",86
"GO:1901991","GO:1901991","negative regulation of mitotic cell cycle phase transition","48/2590","190/18842",0.252631578947368,1.83787035155456,4.63382224465246,1.54478555544589e-05,0.000582224349000811,0.000582224349000811,"BRSK1/TTK/DUSP1/BUB1/CCNB1/CDC6/KNTC1/SPC25/INCENP/RGCC/FHL1/NUF2/ORC1/CDC7/AURKB/PKMYT1/BARD1/CDK1/CDC20/CLSPN/HASPIN/SKA1/BLM/KLF4/BUB1B/KANK2/GEN1/DONSON/FAM107A/SPC24/BRCA1/MAD2L1/BIRC5/TICRR/NDC80/DTL/ZWINT/ZWILCH/PLK1/DBF4/E2F7/CDCA8/KNL1/CENPF/SKA3/TRIP13/CHEK1/CCL2",48
"GO:0003015","GO:0003015","heart process","58/2590","244/18842",0.237704918032787,1.72928033419837,4.57725116620095,1.57298363917977e-05,0.000588791478638181,0.000588791478638181,"SCN7A/ATP1A2/MYH6/CHRM2/KCNJ8/SCN3B/CAV3/SCN3A/CAV1/CARTPT/TBX18/ATP1A3/PTPN1/SCN1A/JPH4/MYL3/HSPB7/CELF2/CASQ2/GATA4/ATP2B3/JPH2/SCN4A/EDNRB/SCN5A/ADM2/SLC8A2/SGCG/NOS1/EDN3/DES/EDN1/SCN2B/ADRB1/KCNIP1/KCNA5/CACNA1G/TH/FXYD1/AGTR2/JPH3/KCNE4/KCNE1/HCN1/NMU/EDN2/KCNH2/ADRA1A/TNNI3/ATP1B2/SLC8A3/NKX2-5/ADRB2/UCN/SLC1A1/SCN4B/KCNH6/AGT",58
"GO:1901990","GO:1901990","regulation of mitotic cell cycle phase transition","76/2590","345/18842",0.220289855072464,1.60258743215265,4.50948990282251,1.5988768995015e-05,0.000592212398069675,0.000592212398069675,"BRSK1/RRM2/TTK/CDC25C/AURKA/CDKN2A/CCND2/DUSP1/DLGAP5/BUB1/CCNB1/ADAMTS1/CDC6/CDC25A/KNTC1/SPC25/INCENP/MIR221/RGCC/FHL1/NUF2/ORC1/DPF1/CDC7/AURKB/ESPL1/PKMYT1/BARD1/UBD/CDK1/UBE2C/MTBP/TERT/CDC20/CLSPN/HASPIN/SKA1/DDR2/CYP1A1/PHOX2B/BLM/KLF4/BUB1B/STIL/KCNA5/KANK2/GEN1/DONSON/FAM107A/SPC24/BRCA1/MAD2L1/BIRC5/TICRR/ANLN/NDC80/DTL/ZWINT/ZWILCH/PLK1/DBF4/MIR222/E2F7/CDCA8/KNL1/CENPF/CENPE/SKA3/E2F1/TRIP13/TM4SF5/KIF14/CCNE2/CCNE1/CHEK1/CCL2",76
"GO:0030239","GO:0030239","myofibril assembly","23/2590","67/18842",0.343283582089552,2.4973549242206,4.90140549879208,1.60379569834057e-05,0.000592212398069675,0.000592212398069675,"MYH6/MYOM3/CAPN3/CAV3/KRT19/KRT8/MYBPH/SYNPO2L/MYOM2/EDN1/MYH11/TNNT1/TMOD1/MYPN/LMOD1/PROX1/SIX4/ACTN2/ANKRD1/MYBPC1/TNNT3/MYL9/PGM5",23
"GO:0072009","GO:0072009","nephron epithelium development","28/2590","90/18842",0.311111111111111,2.2633033033033,4.79571691445462,1.69671538122338e-05,0.000622318762307771,0.000622318762307771,"HS3ST3A1/KLF15/IRX1/TCF21/GDNF/GREM1/AQP1/LGR4/SIX2/POU3F3/BASP1/EDN1/FOXD1/BMP2/AGTR2/NPNT/NPHS1/FGF2/SIX4/WNT11/HOXA11/KIF26B/LHX1/PECAM1/CD24/GPC3/AGT/CD34",28
"GO:0060675","GO:0060675","ureteric bud morphogenesis","17/2590","42/18842",0.404761904761905,2.94460378746093,5.03645894179743,1.75192325032939e-05,0.000638284037536675,0.000638284037536675,"HS3ST3A1/TCF21/GDNF/GREM1/LGR4/SIX2/FOXD1/BMP2/AGTR2/NPNT/FGF2/SIX4/WNT11/HOXA11/KIF26B/LHX1/AGT",17
"GO:0050890","GO:0050890","cognition","54/2590","224/18842",0.241071428571429,1.75377137341423,4.53049427618647,1.9983835019261e-05,0.000719630831563433,0.000719630831563433,"BRSK1/GRIN1/GPR158/EGR1/CARTPT/SOBP/TACR1/GRIN2A/PTPRZ1/GPR88/MAPK8IP2/FOXO6/EPHB2/SLC8A2/PTN/MME/GALR3/CLDN5/NTRK2/TTBK1/CNTNAP2/FOS/CHRNA4/SLC1A4/TH/SHANK3/ARC/FAM107A/DKK1/NEDD9/PTCHD1/JPH3/GALR2/BCHE/NETO1/JAKMIP1/RASGRF1/SHROOM4/MGAT3/SLC8A3/SLC6A4/ADCY8/STRA6/CRHBP/NRXN1/S100B/UCN/SLC1A1/EN1/FEN1/KAT2B/NTSR1/LHCGR/MDK",54
"GO:0046879","GO:0046879","hormone secretion","62/2590","268/18842",0.23134328358209,1.68300005762692,4.49556070781558,2.0015349752542e-05,0.000719630831563433,0.000719630831563433,"SPP1/NKX6-1/PDX1/IFNG/KCNB1/GPER1/UQCC2/ALDOA/PTPRN/CARTPT/RIMS2/RASL10B/IL11/TACR1/BMP8A/RBP4/PDE8B/RFX6/FGB/VIP/KCNK16/NR1H4/STX1A/TFR2/G6PC2/TRPA1/FFAR4/ECRG4/RAB11FIP1/EDN3/EDN1/FOXD1/ADRA2A/SOX11/HCAR2/BLK/PPARG/KCNA5/RETN/CAMP/TRPM5/MYRIP/BRSK2/KISS1/GAL/GIP/CCKAR/NMU/FFAR3/KISS1R/PLA2G3/ABCA12/SYT7/IL6/ADCY8/CRHBP/KCNK9/UCN/INHA/CRY2/AGT/SSTR5",62
"GO:1903522","GO:1903522","regulation of blood circulation","60/2590","257/18842",0.233463035019455,1.69842104472455,4.50039927388534,2.02425869374765e-05,0.000723044036688295,0.000723044036688295,"ATP1A2/MYH6/CHRM2/AVPR2/SCN3B/CAV3/CAV1/CARTPT/TBX18/ATP1A3/TACR1/PTPN1/JPH4/MYL3/HSPB7/CELF2/FGB/CASQ2/GATA4/ATP2B3/JPH2/EDNRB/SCN5A/ADM2/SLC8A2/TRPA1/NOS1/EDN3/DES/EDN1/AVP/SCN2B/ADRA2A/ADRB1/KCNIP1/KCNA5/CACNA1G/TH/FXYD1/AGTR2/JPH3/KCNE4/KCNE1/SVEP1/HCN1/NMU/EDN2/KCNH2/ADRA1A/TNNI3/ATP1B2/SLC8A3/NKX2-5/ADRB2/UCN/SLC1A1/SCN4B/KCNH6/AGT/KCNMB2",60
"GO:0061982","GO:0061982","meiosis I cell cycle process","35/2590","125/18842",0.28,2.03697297297297,4.64357830706845,2.13029967120554e-05,0.000755979720983007,0.000755979720983007,"SYCE3/RAD54B/CDC25C/P3H4/TEX11/RAD51AP1/CDC25A/RAD51/SGO1/HSF2BP/SHOC1/PKMYT1/SGO2/CDC20/TOP2A/BRIP1/RAD54L/PTTG3P/EME2/EME1/NDC80/ZWINT/TEX19/PTTG1/HORMAD2/TEX15/SYCP2/FANCD2/BRDT/BRCA2/KNL1/MYBL1/MND1/TRIP13/HORMAD1",35
"GO:1905820","GO:1905820","positive regulation of chromosome separation","14/2590","31/18842",0.451612903225806,3.28544027898867,5.08385590296067,2.19703632157722e-05,0.000774632483704486,0.000774632483704486,"NCAPG2/DLGAP5/INCENP/AURKB/ESPL1/UBE2C/CDC20/SKA1/BIRC5/PLK1/NCAPH/CDCA8/NCAPG/SKA3",14
"GO:0072078","GO:0072078","nephron tubule morphogenesis","19/2590","51/18842",0.372549019607843,2.71025815731698,4.88225279035265,2.32538952833534e-05,0.000814631652073888,0.000814631652073888,"HS3ST3A1/IRX1/TCF21/GDNF/GREM1/LGR4/SIX2/FOXD1/BMP2/AGTR2/NPNT/FGF2/SIX4/WNT11/HOXA11/KIF26B/LHX1/GPC3/AGT",19
"GO:0048706","GO:0048706","embryonic skeletal system development","22/2590","64/18842",0.34375,2.50074806949807,4.80088787368863,2.37813321694177e-05,0.000827802422330368,0.000827802422330368,"HOXA4/TWIST1/DLX4/HOXD4/HOXC4/SCX/DLX2/RBP4/COL2A1/HOXB9/SULF1/ALX1/SOX11/COL1A1/TGFBR2/WNT11/HOXA11/HOXC11/DLX3/TFAP2A/LHX1/DLX5",22
"GO:0006814","GO:0006814","sodium ion transport","57/2590","242/18842",0.235537190082645,1.71351032260123,4.45964122533293,2.45939760129905e-05,0.000850671385512615,0.000850671385512615,"SCN7A/ATP1A2/GRIN1/SLC5A5/CNGA3/SCN3B/CAV3/SLC13A5/SLC17A4/CNGA1/SCN3A/ATP1A3/GRIN2A/SCN1A/ATP4B/NKAIN4/UTRN/FXYD4/PCSK9/SCN4A/EDNRB/SCN5A/ASIC5/NKAIN1/NKAIN2/SLC5A4/SLC8A2/NOS1/SLC24A4/EDN1/SCN2B/TRPM2/HCN2/SLC6A11/PER1/SLC34A1/TRPM5/FXYD1/KCNK1/SLC24A2/HCN1/TESC/FXYD6/ATP1B2/SGK1/SLC34A3/SLC8A3/SLC6A4/ATP4A/SLC28A3/KCNK9/NKX2-5/SLC17A8/SCN4B/BPIFA1/AGT/SLC6A17",57
"GO:0010959","GO:0010959","regulation of metal ion transport","73/2590","332/18842",0.219879518072289,1.5996022700842,4.40025201906096,2.48751227571699e-05,0.00085498456520713,0.00085498456520713,"ATP1A2/GRIN1/IL13/EPPIN/CALCA/CAPN3/SCN3B/IFNG/CAV3/F2/GPER1/SNCA/CXCL9/CAV1/EFHB/MYLK/MCHR1/CACNG6/JPH4/OPRD1/CXCL12/NKAIN4/CASQ2/FHL1/UTRN/FXYD4/PCSK9/KCNK16/JPH2/SCN5A/KCNF1/CX3CL1/NKAIN1/NKAIN2/EGF/PLPP4/NOS1/CEMIP/EPO/SCN2B/ADRA2A/P2RX5/PER1/KCNIP1/DPP6/FXYD1/P2RY6/KCNG2/DPP10/JPH3/CAMK2A/ADCYAP1R1/KCNE1/KCNAB1/KCNH2/CBARP/ACTN2/TESC/FXYD6/ATP1B2/KCNS1/KCNG1/NKX2-5/UCN/SCN4B/MS4A1/BPIFA1/AGT/P2RX2/CACNG1/NTSR1/CD19/CCL2",73
"GO:0006935","GO:0006935","chemotaxis","92/2590","443/18842",0.207674943566591,1.51081516860298,4.34327160350145,2.60051879508924e-05,0.000882722684171596,0.000882722684171596,"CALCA/DUSP1/ROBO2/SEMA3A/JAM3/CXCL9/SEMA3D/CCN1/PLAU/CCL20/APOA1/EGR3/ADAM8/CXCL13/HBEGF/PROK2/NR4A1/S100A4/DPP4/PPM1F/CTSG/CXCL12/GDNF/CDH13/PTGDR2/RARRES2/CCR3/ARHGEF16/EDNRB/GREM1/CCL14/BST1/CX3CL1/CMTM5/IL34/SLIT2/CCR8/SCRIB/PTN/ENPP2/HOXB9/EDN3/PIK3C2G/EDN1/COLEC10/S100A7/MET/TRPM2/SEMA7A/CCL19/CCL23/SEMA6A/SEMA6D/CXCR2/CCL24/PF4/AGR2/DPEP1/NOVA2/ECSCR/CXCL2/SLIT3/NEDD9/TUBB2B/SEMA3G/FGF2/CCL1/NRG1/ANGPT1/EPHB1/SEMA5A/EDN2/RAC3/IL23A/ACKR4/CX3CR1/F7/IL6/P2RY12/S1PR1/CXCL3/VEGFD/CCL25/S100A12/CCL16/FGF8/CCL7/NTRK3/PPBP/SAA1/CCL2/MDK",92
"GO:0042330","GO:0042330","taxis","92/2590","443/18842",0.207674943566591,1.51081516860298,4.34327160350145,2.60051879508924e-05,0.000882722684171596,0.000882722684171596,"CALCA/DUSP1/ROBO2/SEMA3A/JAM3/CXCL9/SEMA3D/CCN1/PLAU/CCL20/APOA1/EGR3/ADAM8/CXCL13/HBEGF/PROK2/NR4A1/S100A4/DPP4/PPM1F/CTSG/CXCL12/GDNF/CDH13/PTGDR2/RARRES2/CCR3/ARHGEF16/EDNRB/GREM1/CCL14/BST1/CX3CL1/CMTM5/IL34/SLIT2/CCR8/SCRIB/PTN/ENPP2/HOXB9/EDN3/PIK3C2G/EDN1/COLEC10/S100A7/MET/TRPM2/SEMA7A/CCL19/CCL23/SEMA6A/SEMA6D/CXCR2/CCL24/PF4/AGR2/DPEP1/NOVA2/ECSCR/CXCL2/SLIT3/NEDD9/TUBB2B/SEMA3G/FGF2/CCL1/NRG1/ANGPT1/EPHB1/SEMA5A/EDN2/RAC3/IL23A/ACKR4/CX3CR1/F7/IL6/P2RY12/S1PR1/CXCL3/VEGFD/CCL25/S100A12/CCL16/FGF8/CCL7/NTRK3/PPBP/SAA1/CCL2/MDK",92
"GO:0065004","GO:0065004","protein-DNA complex assembly","51/2590","210/18842",0.242857142857143,1.76676227247656,4.46055702053912,2.71391175266696e-05,0.00091552640298302,0.00091552640298302,"H1-2/H3C11/H4C6/H3C3/TAF7L/H4C1/H1-1/RAD51/H2BC7/H3C8/H3C14/CDT1/H4C2/H3C6/H4C16/H3C1/H4C8/H4C3/H2BC14/H1-6/H2BC10/H2BC13/H1-5/H2BC4/CHAF1B/H3C7/H2BC6/H3C10/CDC45/H2BC9/H4C14/H2BC8/H4C12/H2BC3/ASF1B/H4C11/H4C4/H3C13/H1-3/H4C9/H4C5/H3C2/NAP1L2/H2BC21/H2BC11/H2AX/H1-4/ATAD2/H3C12/H2BC15/H4C15",51
"GO:0001894","GO:0001894","tissue homeostasis","48/2590","194/18842",0.247422680412371,1.79997611750189,4.47105699877961,2.76954690195457e-05,0.000922900842633032,0.000922900842633032,"COMP/SPP1/LSR/CALCA/COL3A1/TLR4/JAM3/TFF3/CARTPT/ADAM8/DLK1/SCX/MUC2/RBP4/USH1G/CDH23/BARD1/FREM3/SCRIB/CLDN5/PDK4/SLC2A1/RUFY4/ALDH1A1/CLDN3/CDH5/SH3GL2/KISS1/TFF1/MUC13/ZEB2/FREM2/ANGPT1/PKP3/KISS1R/ALPL/CRACD/ATP1B2/IL6/S1PR1/INAVA/VSIG1/JAM2/PECAM1/SLC1A1/ESAM/RP1/CD34",48
"GO:0060249","GO:0060249","anatomical structure homeostasis","48/2590","194/18842",0.247422680412371,1.79997611750189,4.47105699877961,2.76954690195457e-05,0.000922900842633032,0.000922900842633032,"COMP/SPP1/LSR/CALCA/COL3A1/TLR4/JAM3/TFF3/CARTPT/ADAM8/DLK1/SCX/MUC2/RBP4/USH1G/CDH23/BARD1/FREM3/SCRIB/CLDN5/PDK4/SLC2A1/RUFY4/ALDH1A1/CLDN3/CDH5/SH3GL2/KISS1/TFF1/MUC13/ZEB2/FREM2/ANGPT1/PKP3/KISS1R/ALPL/CRACD/ATP1B2/IL6/S1PR1/INAVA/VSIG1/JAM2/PECAM1/SLC1A1/ESAM/RP1/CD34",48
"GO:0009410","GO:0009410","response to xenobiotic stimulus","79/2590","368/18842",0.214673913043478,1.56173199597113,4.3443124359836,2.88452890513623e-05,0.00095539093736785,0.00095539093736785,"GRIN1/CYP2A13/NKX6-1/PDX1/SLC19A1/GPR52/CCNB1/CYP2A6/RAD51/AOX1/CYP1A2/CYP2B6/PPM1F/RBP4/UGT1A10/CDH13/SLCO1B1/GATA4/AMH/UGT1A7/SST/ABCA3/CYP3A4/ABCB11/PTPRM/FMO2/NOS1/CYP2F1/EDN1/CSAG2/CSAG3/AVP/CYP1A1/SULT1C3/CYP2W1/HCN2/CA9/SPINK4/AKR1C1/SLC6A11/FOS/CERS1/PDE2A/UGT1A6/SLC34A1/AIM2/TFRC/COL1A1/GAL/C1orf115/ABCB1/SULT1C4/FOSB/AADAC/ADCYAP1R1/TGFBR2/SLCO1A2/BCHE/CYP2C18/GSTA3/KCNH2/ADRA1A/ALDH2/ACSM2B/OTC/ANKRD1/SLC6A4/SLC28A3/CRHBP/SCGB1A1/ALDH3A1/CYP26B1/S100A12/CAT/CENPF/FGF8/LPO/ABCG8/MDK",79
"GO:0086009","GO:0086009","membrane repolarization","20/2590","56/18842",0.357142857142857,2.59817981246553,4.78135450678172,2.93213748867619e-05,0.000965309119012973,0.000965309119012973,"ATP1A2/KCNJ8/CAV3/CAV1/CASQ2/KCNK16/SCN5A/NOS1/SLC24A4/SCN2B/CACNB3/KCNIP1/KCNA5/KCNE4/KCNE1/KCNH2/ATP1B2/SCN4B/KCNH6/KCNA1",20
"GO:0031960","GO:0031960","response to corticosteroid","38/2590","142/18842",0.267605633802817,1.94680515525586,4.52097840806115,2.95718915722045e-05,0.000967726870910765,0.000967726870910765,"ZFP36/PDX1/DUSP1/GPER1/CARTPT/AANAT/CALCR/UGT1A10/CBX3/AQP1/UGT1A7/ABCA3/SLIT2/NEFL/EPO/EDN1/HCN2/TDO2/FOS/GHR/UGT1A6/CDO1/SLIT3/FAM107A/FOSB/BCHE/ALPL/PCNA/IL6/AKR1C3/SCGB1A1/S100B/UCN/PCK1/KLF9/SSTR5/NTRK3/MDK",38
"GO:0051984","GO:0051984","positive regulation of chromosome segregation","13/2590","28/18842",0.464285714285714,3.37763375620518,5.02610843294381,3.00525522285523e-05,0.000971817739225079,0.000971817739225079,"NCAPG2/CCNB1/CDC6/INCENP/AURKB/CDK1/SKA1/BIRC5/NCAPH/CDCA8/NCAPG/SKA3/KAT2B",13
"GO:0060402","GO:0060402","calcium ion transport into cytosol","13/2590","28/18842",0.464285714285714,3.37763375620518,5.02610843294381,3.00525522285523e-05,0.000971817739225079,0.000971817739225079,"GRIN1/CALCA/CAV1/JPH4/JPH2/NOS1/EPO/P2RX5/CACNB3/JPH3/ADCYAP1R1/SLC8A3/P2RX2",13
"GO:0051447","GO:0051447","negative regulation of meiotic cell cycle","10/2590","18/18842",0.555555555555556,4.04161304161304,5.15386106774538,3.59901240783549e-05,0.001156976635813,0.001156976635813,"TTK/DUSP1/PKMYT1/FBXO43/ZWINT/DMRT1/HORMAD2/KNL1/TRIP13/HORMAD1",10
"GO:0048469","GO:0048469","cell maturation","36/2590","133/18842",0.270676691729323,1.96914680523703,4.47753048549124,3.63811522143548e-05,0.0011627075839266,0.0011627075839266,"TMEM79/NKX6-1/KCNB1/CCNB1/ROPN1L/CFTR/FLVCR1/ADGRB3/IL21/EDNRB/CABYR/CX3CL1/EPO/CATSPERQ/EDN1/CCL19/LGI4/P2RX5/CNTNAP2/EPHA8/SMIM45/PPARG/RND1/SLC26A3/MYOC/PLEK2/ZAR1L/LHX6/EPB42/SIX3/TDRKH/TRIM58/KIF14/TDRD1/SCARF1/TUBB8",36
"GO:0045104","GO:0045104","intermediate filament cytoskeleton organization","27/2590","89/18842",0.303370786516854,2.20699318901566,4.55630613070033,3.92901203907431e-05,0.00124837504613611,0.00124837504613611,"KRT73/SACK1H/VIM/KRT14/KRT19/GFAP/KRT6C/KRT17/BFSP2/KRT78/KRT36/NEFH/KRT20/NEFL/DES/NES/KRT81/KRT86/SYNM/KRT34/KRT3/KRT6A/INA/KRT15/KRT75/KRT31/KRT18",27
"GO:0001503","GO:0001503","ossification","76/2590","354/18842",0.214689265536723,1.56184368387758,4.26010808352079,4.04243009987873e-05,0.00127698731189811,0.00127698731189811,"ISG15/IFITM5/SPP1/PTHLH/KL/MMP13/TWIST1/CCN1/CLEC3B/FERMT2/DLK1/TACR1/PKDCC/SCX/TMT1A/BMP8A/NELL1/RUNX2/DMP1/SOX2/TWIST2/CCDC154/IFITM1/TP63/GREM1/LGR4/COL2A1/SIX2/HSPE1/GDF10/PTN/FFAR4/ITGA11/DDR2/SMAD9/FBN2/SEMA7A/BMP8B/BMP2/SOX11/ERFE/CRIM1/AHSG/CCN4/PPARG/SCUBE3/SLC34A1/COL13A1/COL1A1/NPNT/KREMEN2/MIR205/DKK1/CHRDL1/ECM1/CYP27B1/MMP14/CLEC3A/CHRD/PANX3/ALPL/GPM6B/PENK/VCAN/MYOC/IL6/ZBTB16/S1PR1/PTPRB/IBSP/TFAP2A/CAT/MIR125B1/DLX5/IGSF10/MDK",76
"GO:1901654","GO:1901654","response to ketone","48/2590","197/18842",0.243654822335025,1.77256531368206,4.35146580134157,4.21641684640839e-05,0.0013242941417024,0.0013242941417024,"SPP1/SLC5A5/DUSP1/NKX2-2/CAV1/CARTPT/AANAT/PTGFR/TACR1/CFTR/PTGDR2/CBX3/AQP1/SLIT2/POSTN/PTGER4/NEFL/EPO/EDN1/AVP/CYP1A1/HCN2/CCL19/GABRB1/CA9/TDO2/FOS/GHR/TNFSF4/HOXB13/PSPH/AKR1C2/SLIT3/FOSB/FGF2/HOXA10/MMP14/HOXA11/PCNA/F7/TGFBR3/UGT3A2/ADCY8/AKR1C3/FOXP3/PCK1/KLF9/NTRK3",48
"GO:0072028","GO:0072028","nephron morphogenesis","19/2590","53/18842",0.358490566037736,2.60798426458804,4.67968204077516,4.34319929379145e-05,0.00134861273525968,0.00134861273525968,"HS3ST3A1/IRX1/TCF21/GDNF/GREM1/LGR4/SIX2/FOXD1/BMP2/AGTR2/NPNT/FGF2/SIX4/WNT11/HOXA11/KIF26B/LHX1/GPC3/AGT",19
"GO:0072088","GO:0072088","nephron epithelium morphogenesis","19/2590","53/18842",0.358490566037736,2.60798426458804,4.67968204077516,4.34319929379145e-05,0.00134861273525968,0.00134861273525968,"HS3ST3A1/IRX1/TCF21/GDNF/GREM1/LGR4/SIX2/FOXD1/BMP2/AGTR2/NPNT/FGF2/SIX4/WNT11/HOXA11/KIF26B/LHX1/GPC3/AGT",19
"GO:0097553","GO:0097553","calcium ion transmembrane import into cytosol","44/2590","176/18842",0.25,1.81872586872587,4.35629885379929,4.49250639146501e-05,0.00138709307510487,0.00138709307510487,"ATP1A2/GRIN1/IL13/CALCA/CAPN3/F2/GPER1/SNCA/CXCL9/CAV1/GRIN2D/GRIN2A/JPH4/CASQ2/KCNK16/JPH2/CX3CL1/PLCH2/TRPA1/GRIN2C/NOS1/CEMIP/EPO/SLC24A4/TRPM2/CCL19/P2RX5/CACNB3/CACNA1G/P2RY6/JPH3/ADCYAP1R1/SLC24A2/TRPM1/CACNA1I/FGF2/SLC8A3/CACNA1B/MS4A1/P2RX2/NALF2/NTSR1/CACNA1E/CD19",44
"GO:0071168","GO:0071168","protein localization to chromatin","21/2590","62/18842",0.338709677419355,2.4640802092415,4.60958015109069,4.65056716364277e-05,0.00142091075094031,0.00142091075094031,"H4C6/H4C1/CENPA/H4C2/AURKB/H4C16/H4C8/UHRF1/H4C3/H2AC8/H4C14/H4C12/TONSL/H2AC4/H4C11/H4C4/PLK1/H4C9/H4C5/H2BC11/H4C15",21
"GO:0061564","GO:0061564","axon development","86/2590","414/18842",0.207729468599034,1.51121183295096,4.19865718591809,4.6540352135099e-05,0.00142091075094031,0.00142091075094031,"BRSK1/MAP7D2/SPP1/FAT4/PAK1/SLITRK3/VIM/ROBO2/SEMA3A/CDH2/CNTN6/HMCN2/SEMA3D/CDK5R2/ISL2/MAG/ROBO4/CDHR2/DPYSL5/CXCL12/GDNF/MIR221/NELL2/EPHB2/NEFH/EPHA10/SLIT2/NMNAT2/TNR/PTN/PTPRM/NEXN/TENM1/EDN3/EDN1/NTRK2/PHOX2B/SEMA7A/LIMK1/SEMA6A/SEMA6D/CRTAC1/EFNA3/RTN4RL2/BHLHA15/EPHA8/ACTL8/OLIG3/MYPN/BRSK2/NOVA2/CELSR3/SLIT3/KIFC2/TENM3/TUBB2B/SEMA3G/APOD/EPHB1/MIR222/SEMA5A/TRIM46/EDN2/IGSF9/PLA2G10/RAC3/GPM6B/POU4F1/FEZ1/LHX9/CDK5R1/TUBB3/PLP1/PAK3/NRXN1/RET/S100B/LHX1/EFNA4/NFASC/APLP1/NTNG1/FGF8/SLITRK2/SCARF1/EFNA2",86
"GO:0045103","GO:0045103","intermediate filament-based process","27/2590","90/18842",0.3,2.18247104247104,4.48886373082623,4.88571060672465e-05,0.00148335602587501,0.00148335602587501,"KRT73/SACK1H/VIM/KRT14/KRT19/GFAP/KRT6C/KRT17/BFSP2/KRT78/KRT36/NEFH/KRT20/NEFL/DES/NES/KRT81/KRT86/SYNM/KRT34/KRT3/KRT6A/INA/KRT15/KRT75/KRT31/KRT18",27
"GO:0019748","GO:0019748","secondary metabolic process","20/2590","58/18842",0.344827586206897,2.50858740513913,4.59344884870617,5.23973749257346e-05,0.00158205333684607,0.00158205333684607,"CYP2A13/AKR7L/CYP2A6/CYP1A2/UGT1A10/PMEL/UGT1A7/CYP3A4/FMO2/CYP1A1/CYP2W1/AKR7A3/AKR1C1/AKR1C2/SULT1C4/ACMSD/ZEB2/SLC45A2/AKR1C3/TYRP1",20
"GO:1901970","GO:1901970","positive regulation of mitotic sister chromatid separation","11/2590","22/18842",0.5,3.63745173745174,4.94122354437602,5.28436741965029e-05,0.0015867619751862,0.0015867619751862,"DLGAP5/INCENP/AURKB/ESPL1/UBE2C/CDC20/SKA1/BIRC5/PLK1/CDCA8/SKA3",11
"GO:0048880","GO:0048880","sensory system development","61/2590","271/18842",0.225092250922509,1.63752439841001,4.21999814978856,5.48166155710757e-05,0.0016370098584477,0.0016370098584477,"RD3/CNGA3/EFEMP1/GPM6A/SEMA3A/TWIST1/SGCA/ADAMTS18/SIX6/KDM5B/DLX2/RBP4/SOX2/OLFM3/PMEL/TMEM132E/LENEP/SGCG/PTPRM/MFAP2/DCX/SOX12/PRSS56/CYP1A1/FBN2/PHOX2B/CRYBA2/NES/SOX11/PLAAT1/FOS/CLDN3/FZD4/TMOD1/FBN3/TH/CHRDL1/CLDN19/TENM3/PAX6/PROX1/ZEB2/ANGPTL7/FGF2/FREM2/OPN4/ACVRL1/POU4F1/FOXE3/P2RY12/STRA6/TFAP2A/LHX1/COL5A2/SLC1A1/SLC17A8/LCTL/SIX3/TYRP1/RP1/COL5A1",61
"GO:0061333","GO:0061333","renal tubule morphogenesis","19/2590","54/18842",0.351851851851852,2.55968825968826,4.58187099500251,5.84387972312509e-05,0.00173394017622142,0.00173394017622142,"HS3ST3A1/IRX1/TCF21/GDNF/GREM1/LGR4/SIX2/FOXD1/BMP2/AGTR2/NPNT/FGF2/SIX4/WNT11/HOXA11/KIF26B/LHX1/GPC3/AGT",19
"GO:0098659","GO:0098659","inorganic cation import across plasma membrane","37/2590","141/18842",0.26241134751773,1.90901722391084,4.32511543914434,5.90142493645351e-05,0.00173394017622142,0.00173394017622142,"ATP1A2/CNGA3/KCNJ8/IFNG/ATP1A3/ATP4B/KCNJ18/FXYD4/PCSK9/KCNJ6/ASIC5/SLC24A4/TRPM2/HCN2/P2RX5/SLC34A1/CACNA1G/FXYD1/SLC39A11/SLC24A2/TRPM1/CACNA1I/HCN1/KCNH2/FXYD6/SLC39A4/KCNJ10/ATP1B2/SLC8A3/ATP4A/KCNK9/KCNJ16/CACNA1B/MS4A1/KCNJ4/NALF2/CACNA1E",37
"GO:0099587","GO:0099587","inorganic ion import across plasma membrane","37/2590","141/18842",0.26241134751773,1.90901722391084,4.32511543914434,5.90142493645351e-05,0.00173394017622142,0.00173394017622142,"ATP1A2/CNGA3/KCNJ8/IFNG/ATP1A3/ATP4B/KCNJ18/FXYD4/PCSK9/KCNJ6/ASIC5/SLC24A4/TRPM2/HCN2/P2RX5/SLC34A1/CACNA1G/FXYD1/SLC39A11/SLC24A2/TRPM1/CACNA1I/HCN1/KCNH2/FXYD6/SLC39A4/KCNJ10/ATP1B2/SLC8A3/ATP4A/KCNK9/KCNJ16/CACNA1B/MS4A1/KCNJ4/NALF2/CACNA1E",37
"GO:0030099","GO:0030099","myeloid cell differentiation","77/2590","364/18842",0.211538461538462,1.53892188892189,4.14474182618995,6.07785529312653e-05,0.00177622883299126,0.00177622883299126,"ISG15/IL31RA/OSCAR/H4C6/ZFP36/EPAS1/CALCA/IFNG/TLR4/H4C1/CARTPT/PDE1B/DLK1/IL11/IRF7/FLVCR1/MIR221/H4C2/H4C16/UBD/IL33/H4C8/HOXA5/TAL1/H4C3/HBA2/IL34/IGHE/TMEM178A/THPO/EPO/BMP2/CCL19/ERFE/P2RX5/MMP9/H4C14/PDE2A/CCN4/PPARG/TF/CSF3/PF4/TFRC/ALAS2/H4C12/KISS1/HBA1/NEDD9/TGFBR2/H4C11/RACGAP1/H4C4/MIR222/H4C9/KISS1R/H4C5/QKI/HBB/TESC/PLA2G3/IL23A/POU4F1/PLEK2/TGFBR3/HBM/ZBTB16/DHRS2/EPB42/PPARGC1B/INHA/MTURN/IL20/MIR125B1/H4C15/TRIM58/EFNA2",77
"GO:0048562","GO:0048562","embryonic organ morphogenesis","40/2590","157/18842",0.254777070063694,1.8534785923321,4.28690991502746,6.21989080790422e-05,0.00180806932261684,0.00180806932261684,"EFEMP1/HOXA4/SOX17/TWIST1/TBX18/HOXD4/HOXC4/SOBP/TCF21/RBP4/GATA4/FOXH1/EPHB2/COL2A1/SIX2/PPP1R35/MFAP2/HOXB9/ZIC3/FOXE1/ALX1/FBN2/TBX20/SOX11/STIL/FBN3/TH/MYO3B/HPN/PROX1/TGFBR2/TMIE/HOXA11/HOXC11/ZIC1/STRA6/TFAP2A/NKX2-5/LHX1/SIX3",40
"GO:0000076","GO:0000076","DNA replication checkpoint signaling","12/2590","26/18842",0.461538461538462,3.35764775764776,4.80231221900954,6.5603787931486e-05,0.0018969560901882,0.00189695609018821,"CDC6/CDT1/ORC1/CDC7/CLSPN/DNA2/CDC45/TIMELESS/DONSON/TICRR/DBF4/RFC4",12
"GO:0009404","GO:0009404","toxin metabolic process","10/2590","19/18842",0.526315789473684,3.82889656573867,4.92490545692185,6.66088113596084e-05,0.00191587975831716,0.00191587975831716,"CYP2A13/AKR7L/CYP1A2/UGT1A10/UGT1A7/CYP3A4/FMO2/CYP1A1/CYP2W1/AKR7A3",10
"GO:0030534","GO:0030534","adult behavior","22/2590","68/18842",0.323529411764706,2.35364524188054,4.46405318967563,6.84050178581326e-05,0.001957243050234,0.001957243050234,"SNCA/CARTPT/DMRT3/CXCL12/GDNF/CNTNAP2/CHRNA6/CHRNA4/SHANK3/GAL/PNOC/SEZ6L2/FOSB/FGF2/AGRP/PENK/SLC6A4/CRHBP/CHRNA5/NRXN1/SLC1A1/EN1",22
"GO:0007611","GO:0007611","learning or memory","44/2590","179/18842",0.245810055865922,1.78824442958521,4.23004656117071,6.90880616818767e-05,0.00196649092235133,0.00196649092235133,"BRSK1/GRIN1/EGR1/CARTPT/TACR1/GRIN2A/PTPRZ1/GPR88/MAPK8IP2/FOXO6/EPHB2/SLC8A2/PTN/MME/GALR3/CLDN5/NTRK2/TTBK1/CNTNAP2/FOS/TH/SHANK3/ARC/DKK1/NEDD9/JPH3/GALR2/BCHE/NETO1/RASGRF1/SLC8A3/SLC6A4/ADCY8/STRA6/CRHBP/NRXN1/S100B/UCN/SLC1A1/EN1/FEN1/KAT2B/NTSR1/MDK",44
"GO:0042063","GO:0042063","gliogenesis","54/2590","234/18842",0.230769230769231,1.67882387882388,4.17122523287477,7.13306460848772e-05,0.00201980300960546,0.00201980300960546,"IDH2/TPPP/IFNG/F2/COL3A1/SLC7A5/CDH2/PRX/GCM1/MAG/GFAP/PTPRZ1/MIR221/SOX2/CDK1/IL33/CX3CL1/DAB2IP/IL34/EGR2/PTN/NTRK2/GDPD2/PHOX2B/BMP2/SOX11/LGI4/TTBK1/ASCL2/NEGR1/ZEB2/CLCN2/MMP14/MIR222/QKI/GPM6B/CNTFR/PENK/VCAN/CX3CR1/ATP1B2/MYOC/SLC8A3/LRP8/IL6/P2RY12/PLP1/S100B/E2F1/MIR125B1/GPR17/NTRK3/CCL2/MDK",54
"GO:0045835","GO:0045835","negative regulation of meiotic nuclear division","7/2590","10/18842",0.7,5.09243243243243,5.16751498905893,7.53673968176986e-05,0.00210331032352199,0.00210331032352199,"FBXO43/ZWINT/DMRT1/HORMAD2/KNL1/TRIP13/HORMAD1",7
"GO:0098976","GO:0098976","excitatory chemical synaptic transmission","7/2590","10/18842",0.7,5.09243243243243,5.16751498905893,7.53673968176986e-05,0.00210331032352199,0.00210331032352199,"GRIN1/GRIN2D/GRIN2A/GRIN2C/PVALB/CHRDL1/PDLIM4",7
"GO:0071824","GO:0071824","protein-DNA complex organization","53/2590","229/18842",0.231441048034935,1.68371128458465,4.15557141712094,7.63686463484493e-05,0.00210331032352199,0.00210331032352199,"H1-2/H3C11/H4C6/H3C3/TAF7L/H4C1/H1-1/RAD51/H2BC7/H3C8/H3C14/CDT1/H4C2/H2AC25/H3C6/H4C16/H3C1/HMGA1/H4C8/H4C3/H2BC14/H1-6/H2BC10/H2BC13/H1-5/H2BC4/CHAF1B/H3C7/H2BC6/H3C10/CDC45/H2BC9/H4C14/H2BC8/H4C12/H2BC3/ASF1B/H4C11/H4C4/H3C13/H1-3/H4C9/H4C5/H3C2/NAP1L2/H2BC21/H2BC11/H2AX/H1-4/ATAD2/H3C12/H2BC15/H4C15",53
"GO:1904062","GO:1904062","regulation of monoatomic cation transmembrane transport","58/2590","257/18842",0.22568093385214,1.6418070099004,4.13559674804677,7.64216464238278e-05,0.00210331032352199,0.00210331032352199,"ATP1A2/GRIN1/IL13/CALCA/CAPN3/IFNG/CAV3/F2/GPER1/SNCA/CXCL9/CAV1/GRIN2D/GRIN2A/CACNG6/JPH4/CASQ2/FHL1/UTRN/FXYD4/PCSK9/KCNK16/JPH2/SCN5A/CX3CL1/GRIN2C/NOS1/CEMIP/EPO/EDN1/LRRC26/P2RX5/MMP9/CACNB3/KCNIP1/DPP6/FXYD1/P2RY6/DPP10/JPH3/ADCYAP1R1/KCNE1/KCNAB1/KCNH2/KISS1R/CBARP/TESC/FXYD6/ATP1B2/KCNS1/KCNG1/MS4A1/BPIFA1/AGT/P2RX2/CACNG1/NTSR1/CD19",58
"GO:0009612","GO:0009612","response to mechanical stimulus","47/2590","196/18842",0.239795918367347,1.74449215979828,4.18257535677379,7.66895659563353e-05,0.00210331032352199,0.00210331032352199,"ATP1A2/IL13/CAV3/TLR4/CDH2/CCNB1/PKD1L2/MAG/TEK/TACR1/SCX/SCN1A/CXCL12/LHFPL5/GATA4/COL11A1/AQP1/PTPRQ/PTN/TRPA1/PTGER4/EDN1/DDR2/SLC2A1/CHRNA9/CNTNAP2/FOS/RCAN1/PDE2A/PSPH/KCNA5/RETN/TMC2/COL1A1/SHANK3/HPN/FOSB/FGF2/MMP14/ANKRD1/STRA6/NRXN1/UCN/PECAM1/KCNA1/CHEK1/MDK",47
"GO:0001658","GO:0001658","branching involved in ureteric bud morphogenesis","15/2590","38/18842",0.394736842105263,2.871672424304,4.6104675419748,7.68854314703929e-05,0.00210331032352199,0.00210331032352199,"HS3ST3A1/TCF21/GDNF/GREM1/LGR4/SIX2/FOXD1/BMP2/AGTR2/NPNT/FGF2/SIX4/HOXA11/LHX1/AGT",15
"GO:0051383","GO:0051383","kinetochore organization","14/2590","34/18842",0.411764705882353,2.99554848966614,4.64920702755507,7.69738453255989e-05,0.00210331032352199,0.00210331032352199,"MIS18A/DLGAP5/CENPH/KNTC1/CENPA/NUF2/HJURP/CENPO/OIP5/CENPK/CENPF/CENPE/CENPW/CENPI",14
"GO:0007127","GO:0007127","meiosis I","31/2590","112/18842",0.276785714285714,2.01358935466078,4.2948758393093,7.80202135783459e-05,0.00212129585674458,0.00212129585674458,"SYCE3/RAD54B/P3H4/TEX11/RAD51AP1/RAD51/SGO1/HSF2BP/SHOC1/SGO2/TOP2A/BRIP1/RAD54L/PTTG3P/EME2/EME1/NDC80/ZWINT/TEX19/PTTG1/HORMAD2/TEX15/SYCP2/FANCD2/BRDT/BRCA2/KNL1/MYBL1/MND1/TRIP13/HORMAD1",31
"GO:0031214","GO:0031214","biomineral tissue development","38/2590","148/18842",0.256756756756757,1.86788062193468,4.23143993090376,7.84868700776508e-05,0.00212341952957605,0.00212341952957605,"ISG15/IFITM5/SPP1/PTHLH/SACK1H/KL/ODAPH/MMP13/ENAM/TWIST1/CCN1/CLEC3B/CFTR/PKDCC/NELL1/DMP1/CCDC154/GREM1/LGR4/MEPE/PTN/DSPP/SLC24A4/DDR2/FBN2/BMP2/AHSG/COL1A1/AMTN/NT5E/ECM1/CYP27B1/ALPL/GPM6B/S1PR1/IBSP/TFAP2A/WDR72",38
"GO:0043009","GO:0043009","chordate embryonic development","53/2590","230/18842",0.230434782608696,1.67639080073863,4.12015484764013,8.61919906530618e-05,0.00232039029024129,0.00232039029024129,"MYH6/IFITM5/COL3A1/HOXA4/TWIST1/DLX4/TBX18/HOXD4/HOXC4/GCM1/PRICKLE2/SCX/DLX2/RBP4/RIPPLY3/NR5A2/COL2A1/ALDH1A2/FUT8/SCRIB/HOXB9/ZIC3/FOXD3/SULF1/ALX1/EDN1/BMP2/SOX11/CDX2/ASCL2/STIL/COL1A1/FOXI3/BRCA1/PROX1/TGFBR2/SIX4/WNT11/DLC1/E2F7/CHRD/MESP2/HOXA11/PLK4/HOXC11/E2F8/DLX3/TFAP2A/GRHL3/NKX2-5/LHX1/HORMAD1/DLX5",53
"GO:0097530","GO:0097530","granulocyte migration","35/2590","133/18842",0.263157894736842,1.91444828286934,4.22481923463717,8.66821638158302e-05,0.00232214718261526,0.00232214718261526,"JAM3/CXCL9/ADAM8/CXCL13/DPP4/RARRES2/BST1/CX3CL1/IL34/SLIT2/PTGER4/EDN3/EDN1/S100A7/CCL19/CXCR2/CCL24/PF4/DPEP1/CD177/CCL1/EDN2/RAC3/IL23A/GP2/CXCL3/CCL25/PECAM1/S100A12/CCL16/CCL7/PPBP/SAA1/CCL2/MDK",35
"GO:0051962","GO:0051962","positive regulation of nervous system development","50/2590","214/18842",0.233644859813084,1.69974380254754,4.10971099944617,9.3369223364378e-05,0.00248908685700647,0.00248908685700647,"PAK1/IFNG/SLITRK3/GPER1/VIM/ROBO2/SLC7A5/CDH2/MAG/GFAP/PTPRZ1/CXCL12/EPHB2/CX3CL1/IL34/SLIT2/WDR62/EGR2/PTN/MME/NTRK2/LRRTM4/SEMA7A/BMP2/SOX11/LIMK1/TTBK1/RTN4RL2/FZD4/SYNDIG1/HAP1/SHANK3/THBS2/LRRTM1/ST8SIA2/CLCN2/EPHB1/SEMA5A/NEURL1/QKI/CX3CR1/LRRC4B/LRP8/IL6/NRXN1/E2F1/MIR125B1/SLITRK2/LRRC15/MDK",50
"GO:0045109","GO:0045109","intermediate filament organization","23/2590","74/18842",0.310810810810811,2.26111864760513,4.33921590715211,9.48892091350991e-05,0.00251732780545299,0.00251732780545299,"KRT73/VIM/KRT14/KRT19/GFAP/KRT6C/KRT17/BFSP2/KRT78/KRT36/NEFH/KRT20/NEFL/DES/KRT81/KRT86/KRT34/KRT3/KRT6A/INA/KRT15/KRT75/KRT31",23
"GO:0032956","GO:0032956","regulation of actin cytoskeleton organization","71/2590","334/18842",0.212574850299401,1.5464615171202,4.02255065243187,9.85118080105334e-05,0.00260080691196891,0.00260080691196891,"CIT/DIXDC1/PAK1/CAV3/PREX1/CYRIA/SPTBN1/APOA1/FERMT2/TACR1/PPM1F/CXCL12/RGCC/WASF3/ARHGEF16/SYNPO/CARMIL3/CFL2/BST1/CX3CL1/SLIT2/SYNPO2L/LIMCH1/SPTB/TENM1/PTGER4/EDN1/BAIAP2L1/TRPM2/PHLDB2/LIMK1/BAIAP2L2/RHOD/NGEF/VIL1/CCL24/CSF3/RND1/ARHGEF15/TMOD1/SYNPO2/CARMIL2/PIK3R1/KANK2/SHANK3/MYO3B/FAM107A/LMOD1/NEDD9/PROX1/RHPN1/KANK3/DLC1/SEMA5A/SMIM22/ACTN2/RAC3/GPM6B/CRACD/CAPZA3/MYOC/S1PR1/CDK5R1/ARHGAP6/PAK3/CORO2B/GRHL3/PLEKHH2/ARAP3/ECT2/ESAM",71
"GO:0006261","GO:0006261","DNA-templated DNA replication","42/2590","171/18842",0.245614035087719,1.78681839734471,4.12607598636585,0.000101732063602323,0.00267291215185911,0.00267291215185911,"GINS1/MCM4/POLQ/TRAIP/CDC6/MCM2/RAD51/ORC6/CDT1/ORC1/CDC7/BARD1/RNASEH2A/DNA2/GINS4/POLE2/BLM/CDC45/FAM111B/MCM10/POLB/TIMELESS/EME2/EME1/TK1/GEN1/DONSON/WDHD1/MCM6/BRCA1/TICRR/TONSL/DTL/DBF4/E2F7/PCNA/E2F8/MCIDAS/BRCA2/FEN1/EXO1/RFC4",42
"GO:0002065","GO:0002065","columnar/cuboidal epithelial cell differentiation","19/2590","56/18842",0.339285714285714,2.46827082184225,4.39269927978956,0.000102798327305164,0.0026798278924109,0.0026798278924109,"ARX/IL13/ENAM/WFDC2/RFX6/GATA4/DSPP/CCNO/GATA5/BMP2/SOX11/CDX2/INSM1/WNT11/PLK4/PTK6/DLX3/MCIDAS/FGF8",19
"GO:0050900","GO:0050900","leukocyte migration","74/2590","352/18842",0.210227272727273,1.52938311688312,4.00240850555067,0.000102976003185048,0.0026798278924109,0.0026798278924109,"ITGAL/TNFRSF18/P4HB/CALCA/DUSP1/JAM3/CXCL9/DSG4/CCL20/PODXL2/ADAM8/CXCL13/TACR1/DPP4/CTSG/CXCL12/RARRES2/EDNRB/GREM1/IL33/SIRPA/BST1/CX3CL1/IL34/SLIT2/PTN/PTGER4/EDN3/ANKRD22/EDN1/S100A7/SELE/TRPM2/CCL19/CCL23/SELP/ASCL2/LYVE1/GCSAML/CXCR2/CCL24/PF4/DPEP1/NEDD9/CD177/ICAM2/APOD/CCL1/MMP14/EDN2/ARTN/RAC3/IL23A/CX3CR1/F7/GDF15/IL6/P2RY12/S1PR1/GP2/CXCL3/VEGFD/RET/JAM2/CCL25/PECAM1/S100A12/CCL16/CCL7/CD34/PPBP/SAA1/CCL2/MDK",74
"GO:0034368","GO:0034368","protein-lipid complex remodeling","15/2590","39/18842",0.384615384615385,2.7980397980398,4.48710756655108,0.000109154480039851,0.00280338324180934,0.00280338324180934,"PNLIPRP3/PLA2G5/PLA2G2A/APOA1/APOB/ANGPTL4/NR1H4/LPL/APOC1/GPIHBP1/PNLIPRP1/CETP/PLA2G10/PLA2G3/AGT",15
"GO:0034369","GO:0034369","plasma lipoprotein particle remodeling","15/2590","39/18842",0.384615384615385,2.7980397980398,4.48710756655108,0.000109154480039851,0.00280338324180934,0.00280338324180934,"PNLIPRP3/PLA2G5/PLA2G2A/APOA1/APOB/ANGPTL4/NR1H4/LPL/APOC1/GPIHBP1/PNLIPRP1/CETP/PLA2G10/PLA2G3/AGT",15
"GO:0021987","GO:0021987","cerebral cortex development","26/2590","89/18842",0.292134831460674,2.1252527005336,4.24774209555363,0.000109262695426421,0.00280338324180934,0.00280338324180934,"TACC1/FAT4/NCAPG2/DIXDC1/COL3A1/HTR6/TBR1/TACC3/DAB2IP/SLIT2/WDR62/NEFL/SLC2A1/NTRK2/CNTNAP2/FOS/PAX6/TUBB2B/KIF26A/ARHGAP11B/LRP8/P2RY12/CDK5R1/LHX6/KIF14/MDK",26
"GO:0007156","GO:0007156","homophilic cell-cell adhesion","43/2590","177/18842",0.242937853107345,1.76734943175621,4.0946262084695,0.000110674564172466,0.00281128370860838,0.00281128370860838,"PCDH9/FAT4/ROBO2/PCDH17/NECTIN4/CDH2/CNTN6/HMCN2/DSG4/CEACAM5/ROBO4/CDHR2/CDH13/CDH15/CDH23/PCDH11X/CEACAM6/POSTN/PTPRM/NEXN/PCDHA5/CDH18/CDH12/PCDH10/CDH7/CDH5/MYPN/CELSR3/TENM3/CDHR4/IGSF9/CADM3/FAT2/PCDHA12/RET/PECAM1/CDH20/ESAM/DSC1/PCDH11Y/PCDHGB7/PCDHB4/CEACAM8",43
"GO:0007080","GO:0007080","mitotic metaphase chromosome alignment","22/2590","70/18842",0.314285714285714,2.28639823496966,4.30444965596288,0.000111229892757823,0.00281128370860838,0.00281128370860838,"RRS1/TTK/CCNB1/INCENP/CENPA/CDT1/NUF2/AURKB/KIF18A/CDK1/KIFC1/SKA1/KIF2C/PSRC1/BIRC5/NDC80/CDCA8/KIF22/CENPE/SKA3/KAT2B/KIF14",22
"GO:0010927","GO:0010927","cellular component assembly involved in morphogenesis","31/2590","114/18842",0.271929824561404,1.97826322563165,4.18225879744068,0.000111794805535282,0.00281128370860838,0.00281128370860838,"MYH6/MYOM3/TPPP/CAPN3/CAV3/ZPBP/CFAP65/KRT19/MAG/KRT8/MYBPH/GARIN1B/SYNPO2L/PDCL2/MYOM2/EDN1/MYH11/TNNT1/TMOD1/MYPN/LMOD1/RFX2/PROX1/SIX4/ACTN2/ANKRD1/MYBPC1/TNNT3/MYL9/KNL1/PGM5",31
"GO:0032989","GO:0032989","cellular anatomical entity morphogenesis","31/2590","114/18842",0.271929824561404,1.97826322563165,4.18225879744068,0.000111794805535282,0.00281128370860838,0.00281128370860838,"MYH6/MYOM3/TPPP/CAPN3/CAV3/ZPBP/CFAP65/KRT19/MAG/KRT8/MYBPH/GARIN1B/SYNPO2L/PDCL2/MYOM2/EDN1/MYH11/TNNT1/TMOD1/MYPN/LMOD1/RFX2/PROX1/SIX4/ACTN2/ANKRD1/MYBPC1/TNNT3/MYL9/KNL1/PGM5",31
"GO:0072210","GO:0072210","metanephric nephron development","14/2590","35/18842",0.4,2.90996138996139,4.51489129144598,0.000112142698714845,0.00281128370860838,0.00281128370860838,"EGR1/IRX1/TCF21/GDNF/GREM1/AQP1/LGR4/SIX2/FOXD1/AGTR2/RET/KIF26B/LHX1/CD34",14
"GO:0006957","GO:0006957","complement activation, alternative pathway","10/2590","20/18842",0.5,3.63745173745174,4.71102148136087,0.0001168104126595,0.00291492650769027,0.00291492650769027,"CFB/SUSD4/VSIG4/MASP1/C7/CR2/CFHR5/CFD/C8G/CFP",10
"GO:0001666","GO:0001666","response to hypoxia","61/2590","278/18842",0.219424460431655,1.59629176967306,3.99847037935258,0.000118033540687712,0.0029187932120287,0.0029187932120287,"P4HB/EPAS1/PAK1/CAV3/TWIST1/CAV1/CCNB1/EGR1/ADAM8/ANGPT4/SUV39H2/PTPN1/DPP4/OPRD1/CXCL12/NDNF/NGB/RGCC/ANGPTL4/AQP1/TERT/LOC102724560/CCNA2/MYOCD/NOS1/EPO/CBS/EDN1/DDR2/SLC2A1/CYP1A1/BMP2/PTGIS/CA9/FOS/ASCL2/CLDN3/PPARG/CHRNA4/KCNA5/TFRC/PLEKHN1/ALAS2/TH/CYGB/CPEB1/MMP14/PMAIP1/PENK/F7/ANKRD1/SLC8A3/TGFBR3/SLC6A4/VEGFD/S100B/EGLN3/CAT/CD24/E2F1/CA3",61
"GO:0098739","GO:0098739","import across plasma membrane","61/2590","278/18842",0.219424460431655,1.59629176967306,3.99847037935258,0.000118033540687712,0.0029187932120287,0.0029187932120287,"ATP1A2/CNGA3/KCNJ8/IFNG/SLC19A1/SLC15A1/SLC7A5/CARTPT/ATP1A3/SLC7A10/ATP4B/PID1/LRRC8C/KCNJ18/FXYD4/PCSK9/KCNJ6/ASIC5/SLC2A14/ITLN1/SLC5A4/SLC24A4/SLC2A1/TRPM2/HCN2/ERFE/P2RX5/SLC7A11/TRARG1/CERS1/SLC34A1/SLC1A4/CACNA1G/PIK3R1/FXYD1/SLC39A11/SLC24A2/FGF21/TRPM1/CACNA1I/HCN1/KCNH2/CD36/SLC1A6/FXYD6/SLC39A4/KCNJ10/ATP1B2/SORBS1/SLC8A3/ATP4A/KCNK9/KCNJ16/SLC1A1/CACNA1B/SLC17A8/MS4A1/KCNJ4/NALF2/NTSR1/CACNA1E",61
"GO:0045471","GO:0045471","response to ethanol","34/2590","130/18842",0.261538461538462,1.90266706266706,4.12275585918816,0.000123758042531315,0.00304139004339939,0.00304139004339939,"GRIN1/IL13/CARTPT/TACR1/GFAP/GRIN2A/OPRD1/RBP4/CDK1/CLDN18/CLDN5/AVP/CYP7A1/TDO2/CNR2/FOS/CLDN3/CDO1/CSF3/POLB/TH/GAL/PNOC/FOSB/ADCYAP1R1/FGF2/PENK/CRHBP/S100B/ACTG2/CAT/CA3/CCL7/NTRK3",34
"GO:0048598","GO:0048598","embryonic morphogenesis","74/2590","354/18842",0.209039548022599,1.52074253430186,3.94846385831367,0.00012410429637293,0.00304139004339939,0.00304139004339939,"EFEMP1/DUSP1/HOXA4/TRIM15/LAMB3/SOX17/TWIST1/APOA1/TBX18/HOXD4/HOXC4/SOBP/IRX1/SCX/TCF21/RBP4/GDNF/MIR221/NR4A3/SOX2/GATA4/FOXH1/COL11A1/GREM1/EPHB2/COL2A1/SIX2/PPP1R35/SCRIB/MFAP2/HOXB9/ZIC3/ATOH8/FOXE1/SULF1/ALX1/SOX7/FBN2/TBX20/PITX1/SOX11/MMP9/KLF4/STIL/HMGA2/FBN3/TH/MYO3B/HPN/DKK1/PROX1/TGFBR2/TMIE/FGF2/SIX4/DLC1/MMP14/MESP2/HOXA11/LBX2/HOXC11/ZBTB16/ZIC1/STRA6/TFAP2A/GRHL3/NKX2-5/LHX1/CYP26B1/COL5A2/FGF8/GPC3/SIX3/COL5A1",74
"GO:0007599","GO:0007599","hemostasis","51/2590","222/18842",0.22972972972973,1.67126160909945,4.01630705904346,0.000125836656135202,0.00307007734722714,0.00307007734722714,"EMILIN2/AVPR2/F2/COL3A1/TLR4/PROS1/CAV1/PLAU/PEAR1/ANGPT4/ADAMTS18/CTSG/F10/FGB/F12/ANGPTL4/PLA2G4A/MMRN1/EPHB2/KNG1/FAP/PRSS56/F13B/EDN1/TFPI2/F8/ADRA2A/SELP/FBLN1/FLI1/F2RL2/PF4/PRRG3/SERPING1/ANGPTL7/DGKI/THBD/ANGPT1/SVEP1/CD36/HBB/PROC/F7/IL6/SLC6A4/P2RY12/MYL9/VWF/ANGPTL1/HGFAC/SAA1",51
"GO:0042698","GO:0042698","ovulation cycle","17/2590","48/18842",0.354166666666667,2.57652831402831,4.36577382166777,0.000129013969341213,0.00313360596644325,0.00313360596644325,"ROBO2/PTPRN/EGR1/NR5A2/AMH/SLIT2/GDF10/PTN/CGA/GABRB1/RETN/SLIT3/CA12/MMP19/PCNA/LHCGR/MDK",17
"GO:0006939","GO:0006939","smooth muscle contraction","25/2590","85/18842",0.294117647058824,2.13967749261867,4.20395632194021,0.0001304556494062,0.00315460231860567,0.00315460231860567,"CHRM2/CALCA/GPER1/CAV1/MYLK/PROK2/TACR1/GDNF/EDNRB/MYOCD/TRPA1/EDN3/SULF1/EDN1/NMUR1/ADRA2A/MYH11/NPNT/NMU/EDN2/ADRA1A/TNNI3/ADRB2/HTR1D/CNN1",25
"GO:0015698","GO:0015698","inorganic anion transport","39/2590","157/18842",0.248407643312102,1.80714162752379,4.05416547872448,0.000136852302164774,0.00329266373313918,0.00329266373313918,"SLC5A5/SLC17A4/CLIC6/CFTR/GABRQ/SLC11A1/GABRA4/SLC25A10/CLIC5/GABRA3/NMUR1/GABRD/GABRB1/P2RX5/CLDN3/GABRG2/SLC34A1/SLC1A4/FXYD1/ABCB1/SLC4A1/KCNK1/CLIC3/ANO9/GLRA3/RACGAP1/SLC26A3/CLCN2/GABRA5/ABCG2/GABRG1/SLC34A3/TTYH3/GABRR3/SLC1A1/SLC17A8/CRY2/SLC1A7/GABRE",39
"GO:0007051","GO:0007051","spindle organization","46/2590","195/18842",0.235897435897436,1.71613107613108,4.01285798550464,0.000137370051446612,0.00329266373313918,0.00329266373313918,"TACC1/TTK/KIF15/AURKA/TPPP/DLGAP5/CCNB1/CENPH/KIF11/DCAF13/SPC25/INCENP/CHEK2/ASPM/TACC3/KIF4B/NUF2/KIF23/AURKB/RCC1/UHRF1/CCDC69/NEK2/WDR62/KIFC1/SKA1/FSD1/TUBG1/STIL/KNSTRN/PSRC1/PRC1/BIRC5/NDC80/AUNIP/RACGAP1/PLK1/SPAG5/TPX2/CDCA8/GPSM2/CENPE/SKA3/KIF4A/STARD9/TUBB8",46
"GO:0071466","GO:0071466","cellular response to xenobiotic stimulus","43/2590","179/18842",0.240223463687151,1.747602510731,4.0119451669381,0.000145082676254012,0.00345442721097783,0.00345442721097783,"GRIN1/CYP2A13/CYP2A6/AOX1/CYP1A2/CYP2B6/PPM1F/UGT1A10/CDH13/SLCO1B1/UGT1A7/CYP3A4/ABCB11/FMO2/NOS1/CYP2F1/EDN1/CYP1A1/SULT1C3/CYP2W1/AKR1C1/CERS1/PDE2A/UGT1A6/AIM2/TFRC/ABCB1/SULT1C4/AADAC/SLCO1A2/BCHE/CYP2C18/GSTA3/KCNH2/ALDH2/ACSM2B/ANKRD1/SLC28A3/CRHBP/ALDH3A1/CYP26B1/S100A12/LPO",43
"GO:0000086","GO:0000086","G2/M transition of mitotic cell cycle","34/2590","131/18842",0.259541984732824,1.88814288661617,4.07210005273044,0.000145383029922214,0.00345442721097783,0.00345442721097783,"BRSK1/CDC25C/AURKA/CCNB1/CDC6/CDC25A/FOXM1/CHEK2/FHL1/ORC1/CDC7/AURKB/PKMYT1/BARD1/CDK1/CLSPN/NEK2/CCNA2/PHOX2B/NES/BLM/BRSK2/DONSON/ABCB1/BRCA1/BIRC5/TICRR/DTL/PLK1/DBF4/MELK/CENPF/KIF14/CHEK1",34
"GO:0014013","GO:0014013","regulation of gliogenesis","23/2590","76/18842",0.302631578947368,2.20161552529974,4.19020162632193,0.000149007026545219,0.00352520952411091,0.00352520952411091,"IDH2/F2/SLC7A5/MAG/GFAP/PTPRZ1/IL34/EGR2/PTN/GDPD2/BMP2/SOX11/TTBK1/ASCL2/NEGR1/CLCN2/QKI/CNTFR/IL6/E2F1/MIR125B1/NTRK3/MDK",23
"GO:0034367","GO:0034367","protein-containing complex remodeling","15/2590","40/18842",0.375,2.7280888030888,4.36759618271808,0.00015260036141457,0.00359000890534808,0.00359000890534808,"PNLIPRP3/PLA2G5/PLA2G2A/APOA1/APOB/ANGPTL4/NR1H4/LPL/APOC1/GPIHBP1/PNLIPRP1/CETP/PLA2G10/PLA2G3/AGT",15
"GO:1990573","GO:1990573","potassium ion import across plasma membrane","18/2590","53/18842",0.339622641509434,2.47072193487288,4.28021043313007,0.000153059849029479,0.00359000890534808,0.00359000890534808,"ATP1A2/KCNJ8/ATP1A3/ATP4B/KCNJ18/FXYD4/KCNJ6/HCN2/FXYD1/HCN1/KCNH2/FXYD6/KCNJ10/ATP1B2/ATP4A/KCNK9/KCNJ16/KCNJ4",18
"GO:0097529","GO:0097529","myeloid leukocyte migration","48/2590","207/18842",0.231884057971014,1.68693413910805,3.96719935404902,0.000154639965245844,0.00361157012849801,0.00361157012849801,"CALCA/DUSP1/JAM3/CXCL9/ADAM8/CXCL13/DPP4/CTSG/CXCL12/RARRES2/EDNRB/GREM1/SIRPA/BST1/CX3CL1/IL34/SLIT2/PTGER4/EDN3/EDN1/S100A7/CCL19/CCL23/CXCR2/CCL24/PF4/DPEP1/CD177/CCL1/MMP14/EDN2/RAC3/IL23A/CX3CR1/IL6/P2RY12/GP2/CXCL3/VEGFD/CCL25/PECAM1/S100A12/CCL16/CCL7/PPBP/SAA1/CCL2/MDK",48
"GO:0061138","GO:0061138","morphogenesis of a branching epithelium","24/2590","81/18842",0.296296296296296,2.15552695552696,4.16047626386652,0.000155543993049219,0.00361722520005949,0.00361722520005949,"PAK1/HS3ST3A1/RASIP1/NOTCH4/TCF21/TIE1/GDNF/GREM1/LGR4/SIX2/SLIT2/SULF1/MET/FOXD1/BMP2/AGTR2/NPNT/TGFBR2/FGF2/SIX4/HOXA11/LHX1/AGT/MDK",24
"GO:0031589","GO:0031589","cell-substrate adhesion","70/2590","333/18842",0.21021021021021,1.52925898871845,3.8899796706487,0.000156558394533187,0.00362538824628758,0.00362538824628758,"LAMC3/ITGAL/P4HB/CDKN2A/COL3A1/COL17A1/LAMB3/PLAU/APOA1/FERMT2/GFUS/TEK/PTPN1/FBLN5/PPM1F/NDNF/CDH13/FGB/UTRN/THSD1/GREM1/FREM3/BST1/CX3CL1/CEACAM6/LIMCH1/ITGA11/PLPP3/MSLN/GDPD2/OLFM4/PHLDB2/VIT/FBLN1/LYVE1/RHOD/MICALL2/FZD4/ECM2/COL13A1/AGR2/PIK3R1/NPNT/FAM107A/NEDD9/APOD/FREM2/DLC1/SVEP1/EPHB1/MMP14/ACVRL1/CD36/ACTN2/RAC3/GPM6B/MMP12/ATP1B2/MYOC/SORBS1/SRCIN1/FAT2/ARHGAP6/CORO2B/CCL25/VWF/MSLNL/CD34/KIF14/MDK",70
"GO:0007631","GO:0007631","feeding behavior","25/2590","86/18842",0.290697674418605,2.11479752177427,4.1364097980089,0.000160201499345625,0.00369409786465757,0.00369409786465756,"NPY2R/CARTPT/TACR1/MCHR1/OPRD1/NR4A3/ADM2/GALR3/SLC24A4/FOS/RETN/GAL/PNOC/GALR2/NMU/AGRP/PENK/GDF15/PCSK1N/STRA6/LEPR/UCN/EN1/PRLH/NPW",25
"GO:0048705","GO:0048705","skeletal system morphogenesis","29/2590","106/18842",0.273584905660377,1.99030378086982,4.08160883098042,0.000163366509399239,0.00375125199103715,0.00375125199103715,"IFITM5/COL3A1/HOXA4/MMP13/TWIST1/HOXD4/HOXC4/SCX/HHIP/OTOR/COL11A1/GREM1/COL2A1/HOXB9/ATG9B/ALX1/FBN2/SOX11/GHR/COL13A1/TGFBR2/SOX5/HOXA11/HOXC11/TFAP2A/LHX1/CYP26B1/DLX5/COL5A1",29
"GO:0036293","GO:0036293","response to decreased oxygen levels","62/2590","287/18842",0.21602787456446,1.571581935345,3.89526863242035,0.000165411827123843,0.00378232483360586,0.00378232483360586,"P4HB/EPAS1/PAK1/CAV3/TWIST1/CAV1/CCNB1/EGR1/ADAM8/ANGPT4/SUV39H2/PTPN1/DPP4/OPRD1/CXCL12/NDNF/NGB/RGCC/ANGPTL4/AQP1/TERT/LOC102724560/CCNA2/MYOCD/NOS1/EPO/CBS/EDN1/DDR2/SLC2A1/CYP1A1/BMP2/PTGIS/CA9/FOS/ASCL2/CLDN3/PPARG/CHRNA4/KCNA5/TFRC/PLEKHN1/ALAS2/TH/CYGB/ZEB2/CPEB1/MMP14/PMAIP1/PENK/F7/ANKRD1/SLC8A3/TGFBR3/SLC6A4/VEGFD/S100B/EGLN3/CAT/CD24/E2F1/CA3",62
"GO:0003044","GO:0003044","regulation of systemic arterial blood pressure mediated by a chemical signal","17/2590","49/18842",0.346938775510204,2.52394610353794,4.26400829605483,0.000172467148811561,0.00392722070106326,0.00392722070106326,"AVPR2/CARTPT/RASL10B/TACR1/CTSG/EDNRB/MME/EDN3/EDN1/ADRB1/AGTR2/CMA1/EDN2/ADRA1A/ADRB2/AGT/PDE1C",17
"GO:0030219","GO:0030219","megakaryocyte differentiation","19/2590","58/18842",0.327586206896552,2.38315803488217,4.21153302835791,0.000174511916880961,0.00394105220727554,0.00394105220727554,"H4C6/H4C1/IL11/H4C2/H4C16/H4C8/TAL1/H4C3/THPO/H4C14/PF4/H4C12/H4C11/H4C4/H4C9/H4C5/TESC/MTURN/H4C15",19
"GO:0035860","GO:0035860","glial cell-derived neurotrophic factor receptor signaling pathway","8/2590","14/18842",0.571428571428571,4.15708769994484,4.71733826530695,0.000174516858949804,0.00394105220727554,0.00394105220727554,"GFRA1/GDNF/SULF1/GFRA2/MMP14/ARTN/GDF15/RET",8
"GO:0060732","GO:0060732","positive regulation of inositol phosphate biosynthetic process","7/2590","11/18842",0.636363636363636,4.62948402948403,4.80676611131017,0.000182551714333315,0.00410553546844265,0.00410553546844265,"GPER1/SNCA/PTH1R/P2RY6/ADCYAP1R1/NTSR1/LHCGR",7
"GO:0048754","GO:0048754","branching morphogenesis of an epithelial tube","23/2590","77/18842",0.298701298701299,2.17302311588026,4.11742880745342,0.00018515876544724,0.00414555641767605,0.00414555641767605,"PAK1/HS3ST3A1/RASIP1/NOTCH4/TCF21/TIE1/GDNF/GREM1/LGR4/SIX2/SLIT2/MET/FOXD1/BMP2/AGTR2/NPNT/TGFBR2/FGF2/SIX4/HOXA11/LHX1/AGT/MDK",23
"GO:0009792","GO:0009792","embryo development ending in birth or egg hatching","55/2590","248/18842",0.221774193548387,1.61338585128908,3.8816969931876,0.000186606931152481,0.00414555641767605,0.00414555641767605,"MYH6/IFITM5/COL3A1/HOXA4/TWIST1/DLX4/TBX18/HOXD4/HOXC4/GCM1/PRICKLE2/SCX/DLX2/RBP4/RIPPLY3/NR5A2/COL2A1/ALDH1A2/PAX1/FUT8/SCRIB/HOXB9/ZIC3/FOXD3/SULF1/ALX1/EDN1/BMP2/SOX11/CDX2/ASCL2/STIL/COL1A1/FOXI3/BRCA1/PROX1/TGFBR2/FGF2/SIX4/WNT11/DLC1/E2F7/CHRD/MESP2/HOXA11/PLK4/HOXC11/E2F8/DLX3/TFAP2A/GRHL3/NKX2-5/LHX1/HORMAD1/DLX5",55
"GO:0048568","GO:0048568","embryonic organ development","55/2590","248/18842",0.221774193548387,1.61338585128908,3.8816969931876,0.000186606931152481,0.00414555641767605,0.00414555641767605,"EFEMP1/HOXA4/SOX17/TWIST1/TBX18/HOXD4/HOXC4/GCM1/SOBP/PKDCC/TCF21/RBP4/GDNF/GATA4/RARRES2/FOXH1/EPHB2/COL2A1/SIX2/PPP1R35/TAL1/MFAP2/HOXB9/ZIC3/FOXE1/ALX1/EDN1/FBN2/TBX20/NES/SOX11/ASCL2/STIL/FBN3/TH/MYO3B/HPN/LMO2/PROX1/TGFBR2/TMIE/E2F7/HOXA11/PLK4/EN2/HOXC11/E2F8/ZIC1/STRA6/TFAP2A/NKX2-5/LHX1/TPO/EN1/SIX3",55
"GO:0030261","GO:0030261","chromosome condensation","16/2590","45/18842",0.355555555555556,2.58663234663235,4.25389474797627,0.00019195106302757,0.00422395619706007,0.00422395619706007,"H1-2/NCAPG2/GPER1/CCNB1/H1-1/CDK1/H1-6/TOP2A/H1-5/HMGA2/PLK1/H1-3/NCAPD2/NCAPH/NCAPG/H1-4",16
"GO:2000027","GO:2000027","regulation of animal organ morphogenesis","16/2590","45/18842",0.355555555555556,2.58663234663235,4.25389474797627,0.00019195106302757,0.00422395619706007,0.00422395619706007,"ROBO2/GDNF/GREM1/LGR4/SIX2/SAPCD2/SULF1/GATA5/EDN1/BMP2/AGTR2/DKK1/SIX4/LHX1/AGT/CD34",16
"GO:0050817","GO:0050817","coagulation","50/2590","220/18842",0.227272727272727,1.65338715338715,3.891501664712,0.000192454728832197,0.00422395619706007,0.00422395619706007,"EMILIN2/F2/COL3A1/TLR4/PROS1/CAV1/PLAU/PEAR1/ANGPT4/ADAMTS18/CTSG/F10/FGB/F12/ANGPTL4/PLA2G4A/MMRN1/HS3ST5/EPHB2/KNG1/FAP/PRSS56/F13B/EDN1/TFPI2/F8/ADRA2A/SELP/FBLN1/F2RL2/PF4/PRRG3/SERPING1/ANGPTL7/DGKI/THBD/ANGPT1/SVEP1/CD36/HBB/PROC/F7/IL6/SLC6A4/P2RY12/MYL9/VWF/ANGPTL1/HGFAC/SAA1",50
"GO:0021988","GO:0021988","olfactory lobe development","10/2590","21/18842",0.476190476190476,3.46423974995404,4.51044829593595,0.000195574567595488,0.00425822713908105,0.00425822713908105,"ATP1A2/SALL3/ROBO2/SEMA3A/GSX2/SLIT2/ZIC3/ZIC1/KIF14/EFNA2",10
"GO:0040020","GO:0040020","regulation of meiotic nuclear division","10/2590","21/18842",0.476190476190476,3.46423974995404,4.51044829593595,0.000195574567595488,0.00425822713908105,0.00425822713908105,"RAD51AP1/FBXO43/ZWINT/DMRT1/HORMAD2/MEIOSIN/KNL1/TRIP13/HORMAD1/STRA8",10
"GO:0120254","GO:0120254","olefinic compound metabolic process","40/2590","165/18842",0.242424242424242,1.76361296361296,3.93287510944764,0.000197791652812979,0.00428941024850369,0.00428941024850369,"GRIN1/CYP2A13/HSD17B6/ELOVL2/CYP2A6/EGR1/CYP1A2/ADH6/CYP2B6/CYP21A2/ADH4/PLA2G2F/RBP4/PLA2G4A/FANCD2OS/EDNRB/ALDH1A2/CYP3A4/DKK3/ABHD6/CYP2F1/CYP1A1/BMP2/PTGIS/AKR1C1/ADH1C/ALDH1A1/CTHRC1/CEL/AKR1C2/CES1/CYP2C18/CLCN2/PLA2G10/ADH1B/HSD17B1/ALOXE3/AKR1C3/CYP4F8/ADH1A",40
"GO:0051932","GO:0051932","synaptic transmission, GABAergic","18/2590","54/18842",0.333333333333333,2.42496782496782,4.1861049510861,0.000200370374928591,0.00432815849401088,0.00432815849401088,"GABBR2/TACR1/GABRQ/GABRA4/GABRA3/GABRD/GABRB1/CNR2/GABRG2/HAP1/PNOC/EZH2/ADRA1A/GABRA5/GABRG1/NRXN1/GABRR3/GABRE",18
"GO:0007052","GO:0007052","mitotic spindle organization","34/2590","134/18842",0.253731343283582,1.84587103094566,3.922756224781,0.000232064583773213,0.00495022725600028,0.00495022725600028,"TACC1/TTK/KIF15/AURKA/DLGAP5/CCNB1/CENPH/KIF11/SPC25/INCENP/CHEK2/TACC3/KIF4B/NUF2/KIF23/AURKB/RCC1/UHRF1/WDR62/KIFC1/FSD1/TUBG1/STIL/PSRC1/PRC1/BIRC5/NDC80/RACGAP1/PLK1/TPX2/CDCA8/GPSM2/CENPE/KIF4A",34
"GO:0007596","GO:0007596","blood coagulation","49/2590","216/18842",0.226851851851852,1.65032532532533,3.83748060156096,0.000232318298122741,0.00495022725600028,0.00495022725600028,"EMILIN2/F2/COL3A1/TLR4/PROS1/CAV1/PLAU/PEAR1/ANGPT4/ADAMTS18/CTSG/F10/FGB/F12/ANGPTL4/PLA2G4A/MMRN1/EPHB2/KNG1/FAP/PRSS56/F13B/EDN1/TFPI2/F8/ADRA2A/SELP/FBLN1/F2RL2/PF4/PRRG3/SERPING1/ANGPTL7/DGKI/THBD/ANGPT1/SVEP1/CD36/HBB/PROC/F7/IL6/SLC6A4/P2RY12/MYL9/VWF/ANGPTL1/HGFAC/SAA1",49
"GO:0140694","GO:0140694","membraneless organelle assembly","85/2590","427/18842",0.199063231850117,1.44816579711193,3.73951461685659,0.000234505187856546,0.00495022725600028,0.00495022725600028,"RRS1/MYH6/CDC20B/MYOM3/KIF15/MIS18A/CAPN3/CAV3/VCX/DLGAP5/CENPH/KRT19/KNTC1/KIF11/DCAF13/KRT8/INCENP/CHEK2/CENPA/KIF4B/KIF23/HJURP/AURKB/RCC1/MYBPH/PPP1R35/UHRF1/DAB2IP/CCDC69/NEK2/WDR62/SYNPO2L/KIFC1/SEPTIN12/SKA1/MYOM2/EDN1/CEP85/WDR90/MYH11/C10orf90/STIL/VIL1/TNNT1/TMOD1/MYPN/LMOD1/PRC1/BRCA1/BIRC5/PROX1/GRB7/ANLN/NDC80/SIX4/RACGAP1/CENPO/PLK1/OIP5/SPAG5/SMIM22/BOP1/TPX2/CDCA8/ACTN2/PLK4/CENPK/ANKRD1/MYBPC1/IGF2BP1/GPSM2/TNNT3/MYL9/MCIDAS/CENPF/CENPE/SKA3/CENPW/KAT2B/CENPI/PGM5/KIF4A/SYT1/STARD9/TUBB8",85
"GO:0042573","GO:0042573","retinoic acid metabolic process","13/2590","33/18842",0.393939393939394,2.86587106587107,4.28256730266911,0.000235509439443746,0.00495022725600028,0.00495022725600028,"ADH6/UGT1A7/ALDH1A2/CYP3A4/CYP1A1/CYP2W1/ADH1C/ALDH1A1/CYP2C18/ADH1B/AKR1C3/CYP26B1/ADH1A",13
"GO:0048483","GO:0048483","autonomic nervous system development","13/2590","33/18842",0.393939393939394,2.86587106587107,4.28256730266911,0.000235509439443746,0.00495022725600028,0.00495022725600028,"SEMA3A/GFAP/GDNF/EDNRB/EGR2/PHOX2B/SOX11/PHOX2A/INSM1/KIF26A/SLC6A4/TFAP2A/ASCL1",13
"GO:0051382","GO:0051382","kinetochore assembly","13/2590","33/18842",0.393939393939394,2.86587106587107,4.28256730266911,0.000235509439443746,0.00495022725600028,0.00495022725600028,"MIS18A/DLGAP5/CENPH/KNTC1/CENPA/HJURP/CENPO/OIP5/CENPK/CENPF/CENPE/CENPW/CENPI",13
"GO:0090231","GO:0090231","regulation of spindle checkpoint","13/2590","33/18842",0.393939393939394,2.86587106587107,4.28256730266911,0.000235509439443746,0.00495022725600028,0.00495022725600028,"DUSP1/CCNB1/INCENP/AURKB/SKA1/GEN1/MAD2L1/BIRC5/NDC80/ZWINT/CDCA8/KNL1/SKA3",13
"GO:0070588","GO:0070588","calcium ion transmembrane transport","66/2590","314/18842",0.210191082802548,1.52911983867398,3.77444453774801,0.000238131733251675,0.00498616828436936,0.00498616828436936,"ATP1A2/GRIN1/IL13/CNGA3/CALCA/CAPN3/F2/GPM6A/GPER1/CNGA1/SNCA/CXCL9/CAV1/GRIN2D/CACHD1/PKD1L2/GRIN2A/CACNG6/JPH4/CASQ2/CALHM3/ATP2B3/KCNK16/JPH2/EDNRB/CX3CL1/PLCH2/SLC8A2/TRPA1/TRPC7/GRIN2C/NOS1/CEMIP/EPO/SLC24A4/EDN1/TRPM2/CCL19/CHRNA9/P2RX5/CACNB3/TRPM5/CACNA1G/TMC2/P2RY6/JPH3/ANO9/ADCYAP1R1/SLC24A2/TRPM1/CACNA1I/FGF2/PANX3/CBARP/CACNA2D2/SLC8A3/CACNG5/P2RX6/CACNA1B/MS4A1/P2RX2/CACNG1/NALF2/NTSR1/CACNA1E/CD19",66
"GO:0006937","GO:0006937","regulation of muscle contraction","41/2590","172/18842",0.238372093023256,1.7341339678549,3.86114253059745,0.00024368798760324,0.00508303378722025,0.00508303378722025,"ATP1A2/CHRM2/CALCA/CAV3/GPER1/CAV1/KBTBD13/PROK2/TACR1/JPH4/MYL3/CASQ2/GATA4/JPH2/SCN4A/SCN5A/MYBPH/MYOCD/NOS1/EDN3/EDN1/ADRA2A/CACNB3/TNNT1/NPNT/JPH3/NMU/EDN2/ADRA1A/CACNA2D2/TNNI3/SLC8A3/ADGRD1/NKX2-5/TNNT3/MYL9/ADRB2/UCN/CNN1/KCNA1/CACNG1",41
"GO:0060993","GO:0060993","kidney morphogenesis","20/2590","64/18842",0.3125,2.27340733590734,4.07362565474986,0.000244739456836929,0.00508555563351261,0.00508555563351261,"HS3ST3A1/IRX1/TCF21/GDNF/GREM1/LGR4/SIX2/BASP1/FOXD1/BMP2/AGTR2/NPNT/FGF2/SIX4/WNT11/HOXA11/KIF26B/LHX1/GPC3/AGT",20
"GO:0021543","GO:0021543","pallium development","32/2590","124/18842",0.258064516129032,1.87739444513638,3.91313158203049,0.00025123928775413,0.00520084358930425,0.00520084358930425,"TACC1/FAT4/NCAPG2/DIXDC1/COL3A1/HTR6/TBR1/TACC3/DAB2IP/SLIT2/WDR62/ZIC3/NEFL/SLC2A1/NTRK2/CNTNAP2/FOS/PAX6/PROX1/TUBB2B/KIF26A/EZH2/ARHGAP11B/LRP8/FEZ1/P2RY12/CDK5R1/ZIC1/LHX6/KCNA1/KIF14/MDK",32
"GO:1901342","GO:1901342","regulation of vasculature development","74/2590","362/18842",0.204419889502762,1.48713496448303,3.73594999228714,0.000254347892339771,0.0052453254024032,0.0052453254024032,"EMILIN2/HYAL1/TWIST1/ADAM12/ADAMTS1/C6/ANGPT4/CXCL13/TEK/PPP1R16B/FBLN5/CXCL12/TIE1/MIR221/RGCC/HSPB6/ADGRB3/NPR1/ANGPTL4/GATA4/ADGRB2/CCR3/GREM1/AQP1/HOXA5/TERT/ADM2/DAB2IP/PTPRM/RHOJ/CLDN5/KLF2/SULF1/MIR126/KLK3/CNMD/CCBE1/TNMD/PTGIS/RECK/SEMA6A/KLF4/ANXA3/EFNA3/DCN/CDH5/HMGA2/PPARG/CCL24/PF4/CAMP/ECSCR/MIR205/CLIC3/BRCA1/THBS2/ANGPTL7/ECM1/FGF2/COL4A3/MIR222/SEMA5A/CMA1/ZG16B/CD36/QKI/IL6/E2F2/BMPER/NAXE/MIR125B1/CD34/SASH1/MDK",74
"GO:0032970","GO:0032970","regulation of actin filament-based process","77/2590","380/18842",0.202631578947368,1.47412517780939,3.72729608864075,0.000256503296970542,0.00526988916520306,0.00526988916520306,"CIT/ATP1A2/DIXDC1/PAK1/CAV3/PREX1/CYRIA/SPTBN1/CAV1/APOA1/FERMT2/TACR1/PPM1F/CXCL12/RGCC/GATA4/WASF3/ARHGEF16/SYNPO/CARMIL3/SCN5A/CFL2/BST1/CX3CL1/SLIT2/SYNPO2L/LIMCH1/SPTB/TENM1/PTGER4/EDN1/BAIAP2L1/TRPM2/PHLDB2/LIMK1/BAIAP2L2/RHOD/NGEF/VIL1/CCL24/CSF3/RND1/ARHGEF15/TMOD1/SYNPO2/CARMIL2/PIK3R1/KANK2/SHANK3/MYO3B/FAM107A/LMOD1/NEDD9/PROX1/ZEB2/RHPN1/KANK3/DLC1/SEMA5A/SMIM22/ACTN2/RAC3/GPM6B/CRACD/CAPZA3/MYOC/S1PR1/CDK5R1/ARHGAP6/PAK3/CORO2B/GRHL3/PLEKHH2/ARAP3/ADRB2/ECT2/ESAM",77
"GO:0045637","GO:0045637","regulation of myeloid cell differentiation","44/2590","189/18842",0.232804232804233,1.69362832219975,3.82588423538301,0.00025917262893246,0.00530478807908574,0.00530478807908574,"ISG15/H4C6/ZFP36/CALCA/IFNG/TLR4/H4C1/CARTPT/DLK1/IRF7/MIR221/H4C2/H4C16/H4C8/HOXA5/TAL1/H4C3/IL34/TMEM178A/THPO/ERFE/H4C14/CSF3/PF4/H4C12/KISS1/NEDD9/H4C11/H4C4/MIR222/H4C9/KISS1R/H4C5/QKI/TESC/PLA2G3/IL23A/POU4F1/ZBTB16/PPARGC1B/INHA/MTURN/MIR125B1/H4C15",44
"GO:0050878","GO:0050878","regulation of body fluid levels","68/2590","327/18842",0.207951070336391,1.51282396420011,3.73446832030993,0.000267189034043331,0.00544846295166719,0.00544846295166719,"EMILIN2/AVPR2/F2/COL3A1/TLR4/PROS1/CAV1/PLAU/PEAR1/ANGPT4/ADAMTS18/CFTR/NPR3/MUC2/CTSG/F10/FGB/NPR1/F12/VIP/ANGPTL4/PLA2G4A/EDNRB/MMRN1/EPHB2/AQP1/KNG1/PRLR/FAP/ADM2/PRSS56/F13B/EDN1/AVP/TFPI2/F8/ADRA2A/SELP/FBLN1/FLI1/CEL/F2RL2/CDO1/PF4/AGR2/PRRG3/SERPING1/ANGPTL7/DGKI/THBD/ANGPT1/SVEP1/ADCY4/CD36/HBB/PROC/F7/IL6/SLC6A4/P2RY12/ADCY8/MYL9/VWF/ANGPTL1/BPIFA1/HGFAC/SAA1/AQP4",68
"GO:0072080","GO:0072080","nephron tubule development","22/2590","74/18842",0.297297297297297,2.16280914118752,4.00095576415789,0.00027292621703519,0.00554401624380545,0.00554401624380545,"HS3ST3A1/IRX1/TCF21/GDNF/GREM1/AQP1/LGR4/SIX2/POU3F3/FOXD1/BMP2/AGTR2/NPNT/FGF2/SIX4/WNT11/HOXA11/KIF26B/LHX1/CD24/GPC3/AGT",22
"GO:0009611","GO:0009611","response to wounding","96/2590","496/18842",0.193548387096774,1.40804583385229,3.67644050034133,0.000273903821743362,0.00554401624380545,0.00554401624380545,"EMILIN2/SPP1/ZFP36/AURKA/PAK1/KCNB1/F2/COL3A1/TLR4/PROS1/CAV1/PLAU/PEAR1/MYLK/FERMT2/ANGPT4/ADAMTS18/HBEGF/CTSG/F10/NDNF/MIR221/FGB/SOX2/SLC11A1/F12/ANGPTL4/GATA4/PLA2G4A/MMRN1/EPHB2/KNG1/CDK1/IL33/FAP/ARHGAP24/PTN/ECRG4/PRSS56/EPO/ANKRD22/F13B/EDN1/DDR2/TFPI2/AHNAK/PHLDB2/F8/ADRA2A/SELP/FBLN1/LYVE1/CLDN3/RTN4RL2/HOXB13/CCN4/F2RL2/VIL1/PPARG/PF4/CARMIL2/PRRG3/PAX6/TRIM72/SERPING1/ANGPTL7/DGKI/APOD/THBD/FGF2/NRG1/ANGPT1/SVEP1/MIR222/ACVRL1/CD36/HBB/PROC/MMP12/CX3CR1/F7/SYT7/IL6/SLC6A4/P2RY12/KRT6A/MYL9/VWF/ANGPTL1/CD34/NTRK3/HGFAC/COL5A1/SAA1/SCARF1/MDK",96
"GO:0007409","GO:0007409","axonogenesis","73/2590","357/18842",0.204481792717087,1.48758530439203,3.71298708233847,0.000276294671227021,0.00557177261348956,0.00557177261348956,"BRSK1/SPP1/FAT4/PAK1/SLITRK3/VIM/ROBO2/SEMA3A/CDH2/CNTN6/HMCN2/SEMA3D/CDK5R2/ISL2/MAG/ROBO4/CDHR2/DPYSL5/CXCL12/GDNF/NELL2/EPHB2/NEFH/EPHA10/SLIT2/TNR/PTPRM/NEXN/TENM1/EDN3/EDN1/NTRK2/PHOX2B/SEMA7A/LIMK1/SEMA6A/SEMA6D/EFNA3/EPHA8/ACTL8/MYPN/BRSK2/NOVA2/CELSR3/SLIT3/KIFC2/TENM3/TUBB2B/SEMA3G/EPHB1/SEMA5A/TRIM46/EDN2/IGSF9/PLA2G10/RAC3/POU4F1/FEZ1/LHX9/CDK5R1/TUBB3/PAK3/NRXN1/RET/S100B/LHX1/EFNA4/NFASC/APLP1/NTNG1/FGF8/SLITRK2/EFNA2",73
"GO:0007215","GO:0007215","glutamate receptor signaling pathway","19/2590","60/18842",0.316666666666667,2.30371943371943,4.03773020250914,0.000286760788960196,0.0057615724693657,0.0057615724693657,"GRIN1/IFNG/KCNB1/GRIK4/GRIN2D/GRIN2A/GRM4/EPHB2/CX3CL1/GRIN2C/GRIA4/SHANK3/GRIA2/TRPM1/CDK5R1/NRXN1/ADRB2/SLC1A1/CCL2",19
"GO:0001523","GO:0001523","retinoid metabolic process","25/2590","89/18842",0.280898876404494,2.04351221205154,3.93917806040693,0.000288675685488356,0.00577880081023394,0.00577880081023393,"HSD17B6/CYP1A2/ADH6/ADH4/RBP4/RARRES2/UGT1A7/ALDH1A2/CYP3A4/RBP2/CYP1A1/CYP2W1/LPL/AKR1C1/ADH1C/ALDH1A1/CEL/CES1/CYP2C18/ADH1B/LRP8/AKR1C3/CLPS/CYP26B1/ADH1A",25
"GO:0010565","GO:0010565","regulation of ketone metabolic process","35/2590","141/18842",0.24822695035461,1.80582710369944,3.83413554310526,0.000298034092283389,0.00593867440059364,0.00593867440059364,"TWIST1/CAV1/EGR1/TRIB3/UGT1A10/ANGPTL4/FGFR4/FANCD2OS/NR1H4/UGT1A7/ABCB11/DKK3/EDN1/PDK4/AVP/CYP7A1/BMP2/APOC1/GPIHBP1/UGT1A6/ACACB/PPARG/CES1/BRCA1/GIP/PROX1/CLCN2/ACADL/EDN2/PLA2G3/GDF15/AKR1C3/NME1/KAT2B/KIF12",35
"GO:0045143","GO:0045143","homologous chromosome segregation","17/2590","51/18842",0.333333333333333,2.42496782496783,4.06783801021361,0.000298835399846889,0.00593867440059364,0.00593867440059364,"SYCE3/P3H4/TEX11/SGO1/SHOC1/SGO2/PTTG3P/ZWINT/PTTG1/HORMAD2/TEX15/SYCP2/FANCD2/KNL1/MND1/TRIP13/HORMAD1",17
"GO:0045765","GO:0045765","regulation of angiogenesis","72/2590","352/18842",0.204545454545455,1.48804843804844,3.68989708449103,0.000300138117154767,0.00594295221105364,0.00594295221105364,"EMILIN2/HYAL1/TWIST1/ADAM12/ADAMTS1/C6/ANGPT4/CXCL13/TEK/PPP1R16B/FBLN5/TIE1/MIR221/RGCC/HSPB6/ADGRB3/NPR1/ANGPTL4/GATA4/ADGRB2/CCR3/GREM1/AQP1/HOXA5/TERT/ADM2/DAB2IP/PTPRM/RHOJ/CLDN5/KLF2/SULF1/MIR126/KLK3/CNMD/CCBE1/TNMD/PTGIS/RECK/SEMA6A/KLF4/ANXA3/EFNA3/DCN/CDH5/HMGA2/PPARG/CCL24/PF4/CAMP/ECSCR/MIR205/CLIC3/BRCA1/THBS2/ECM1/FGF2/COL4A3/MIR222/SEMA5A/CMA1/ZG16B/CD36/QKI/IL6/E2F2/BMPER/NAXE/MIR125B1/CD34/SASH1/MDK",72
"GO:0010669","GO:0010669","epithelial structure maintenance","14/2590","38/18842",0.368421052631579,2.68022759601707,4.13888386342374,0.000312439464583777,0.00614530038620184,0.00614530038620184,"LSR/TLR4/TFF3/MUC2/RBP4/FREM3/SCRIB/TFF1/MUC13/FREM2/PKP3/CRACD/INAVA/VSIG1",14
"GO:0051216","GO:0051216","cartilage development","34/2590","136/18842",0.25,1.81872586872587,3.82530397620386,0.000313039830564538,0.00614530038620184,0.00614530038620184,"PTHLH/HYAL1/EFEMP1/COL3A1/PKDCC/SCX/BMP8A/TIMP1/RUNX2/OTOR/NKX3-2/NR5A2/GREM1/COL2A1/SIX2/SULF1/CNMD/BMP8B/BMP2/EPYC/GHR/CCN4/HMGA2/TGFBR2/FGF2/WNT11/SOX5/ACVRL1/WNT10B/HOXA11/ZBTB16/SNORC/OGN/MDK",34
"GO:1903532","GO:1903532","positive regulation of secretion by cell","59/2590","276/18842",0.213768115942029,1.55514240949024,3.70892647473317,0.000313730797392555,0.00614530038620184,0.00614530038620184,"KMO/GPR158/IL13/SPP1/NKX6-1/PDX1/IFNG/KCNB1/GPER1/TLR4/SNCA/ALDOA/CARTPT/ADAM8/RASL10B/TACR1/RBP4/CXCL12/GDNF/RFX6/RGCC/FGB/NR1H4/STX1A/MC5R/TFR2/TRPA1/FFAR4/ECRG4/EDN3/EDN1/AVP/BMP2/RUFY4/SOX11/HCAR2/BLK/PPARG/RETN/CAMP/TRPM5/MYRIP/KISS1/GAL/CD177/NMU/KISS1R/PLA2G10/PLA2G3/SYT7/ANKRD1/SLC6A4/ADCY8/UCN/CACNA1B/INHA/DOC2A/NTSR1/SYT1",59
"GO:1904064","GO:1904064","positive regulation of cation transmembrane transport","30/2590","115/18842",0.260869565217391,1.89780090649656,3.85516796512153,0.000315883767404368,0.00616537424594598,0.00616537424594598,"GRIN1/IL13/CAPN3/IFNG/F2/GPER1/SNCA/CXCL9/CAV1/FHL1/FXYD4/CX3CL1/NOS1/CEMIP/EDN1/LRRC26/P2RX5/CACNB3/FXYD1/P2RY6/ADCYAP1R1/KCNE1/KCNH2/TESC/FXYD6/ATP1B2/MS4A1/P2RX2/NTSR1/CD19",30
"GO:0044771","GO:0044771","meiotic cell cycle phase transition","8/2590","15/18842",0.533333333333333,3.87994851994852,4.45439004386161,0.000328881571627364,0.00634572963032882,0.00634572963032882,"TTK/CDC25C/CDC25A/PKMYT1/CDC20/NDC80/ZWINT/KNL1",8
"GO:0072224","GO:0072224","metanephric glomerulus development","8/2590","15/18842",0.533333333333333,3.87994851994852,4.45439004386161,0.000328881571627364,0.00634572963032882,0.00634572963032882,"EGR1/TCF21/AQP1/LGR4/AGTR2/RET/LHX1/CD34",8
"GO:0051047","GO:0051047","positive regulation of secretion","62/2590","294/18842",0.210884353741497,1.53416331783679,3.68508604048111,0.000329624024404703,0.00634572963032882,0.00634572963032882,"KMO/GPR158/IL13/SPP1/NKX6-1/PDX1/IFNG/KCNB1/GPER1/TLR4/SNCA/ALDOA/CARTPT/ADAM8/RASL10B/TACR1/RBP4/CXCL12/GDNF/RFX6/RGCC/FGB/NPR1/NR1H4/STX1A/AQP1/MC5R/ABCB11/TFR2/TRPA1/FFAR4/ECRG4/EDN3/EDN1/AVP/BMP2/RUFY4/SOX11/HCAR2/BLK/PPARG/RETN/CAMP/TRPM5/MYRIP/KISS1/GAL/CD177/NMU/KISS1R/PLA2G10/PLA2G3/SYT7/ANKRD1/SLC6A4/ADCY8/UCN/CACNA1B/INHA/DOC2A/NTSR1/SYT1",62
"GO:0150063","GO:0150063","visual system development","57/2590","265/18842",0.215094339622642,1.56479055875282,3.69633244767131,0.000333035870761763,0.00634572963032882,0.00634572963032882,"RD3/CNGA3/EFEMP1/GPM6A/TWIST1/SGCA/ADAMTS18/SIX6/KDM5B/DLX2/RBP4/SOX2/OLFM3/PMEL/LENEP/SGCG/PTPRM/MFAP2/DCX/SOX12/PRSS56/CYP1A1/FBN2/CRYBA2/NES/SOX11/PLAAT1/FOS/CLDN3/FZD4/TMOD1/FBN3/TH/CHRDL1/CLDN19/TENM3/PAX6/PROX1/ZEB2/ANGPTL7/FGF2/FREM2/OPN4/ACVRL1/FOXE3/P2RY12/STRA6/TFAP2A/LHX1/COL5A2/SLC1A1/SLC17A8/LCTL/SIX3/TYRP1/RP1/COL5A1",57
"GO:0035633","GO:0035633","maintenance of blood-brain barrier","13/2590","34/18842",0.382352941176471,2.78158074040427,4.15070730745815,0.000333650521516885,0.00634572963032882,0.00634572963032882,"LSR/JAM3/CLDN5/CLDN3/CDH5/SH3GL2/ZEB2/ANGPT1/IL6/JAM2/PECAM1/SLC1A1/ESAM",13
"GO:0086011","GO:0086011","membrane repolarization during action potential","13/2590","34/18842",0.382352941176471,2.78158074040427,4.15070730745815,0.000333650521516885,0.00634572963032882,0.00634572963032882,"KCNJ8/CAV1/CASQ2/KCNK16/NOS1/SCN2B/CACNB3/KCNA5/KCNE4/KCNE1/KCNH2/KCNH6/KCNA1",13
"GO:2001251","GO:2001251","negative regulation of chromosome organization","28/2590","105/18842",0.266666666666667,1.93997425997426,3.85575146514975,0.000334020231191102,0.00634572963032882,0.00634572963032882,"TTK/DUSP1/BUB1/CCNB1/KNTC1/SPC25/INCENP/NUF2/AURKB/ESPL1/CDC20/HASPIN/SKA1/BUB1B/GEN1/SPC24/MAD2L1/BIRC5/NDC80/ZWINT/ZWILCH/PLK1/PIF1/CDCA8/KNL1/CENPF/SKA3/TRIP13",28
"GO:1901976","GO:1901976","regulation of cell cycle checkpoint","18/2590","56/18842",0.321428571428571,2.33836183121897,4.00404405279741,0.000334413565148161,0.00634572963032882,0.00634572963032882,"DUSP1/CCNB1/RAD51/INCENP/AURKB/BARD1/SKA1/GEN1/BRCA1/MAD2L1/BIRC5/NDC80/ZWINT/CDCA8/WDR76/BRCA2/KNL1/SKA3",18
"GO:0034765","GO:0034765","regulation of monoatomic ion transmembrane transport","58/2590","271/18842",0.214022140221402,1.55699041160296,3.68691537496701,0.000339880240181857,0.00639569284537284,0.00639569284537284,"ATP1A2/GRIN1/IL13/CALCA/CAPN3/IFNG/CAV3/F2/GPER1/SNCA/CXCL9/CAV1/GRIN2D/GRIN2A/CACNG6/JPH4/CASQ2/FHL1/UTRN/FXYD4/PCSK9/KCNK16/JPH2/SCN5A/CX3CL1/GRIN2C/NOS1/CEMIP/EPO/EDN1/LRRC26/P2RX5/MMP9/CACNB3/KCNIP1/DPP6/FXYD1/P2RY6/DPP10/JPH3/ADCYAP1R1/KCNE1/KCNAB1/KCNH2/KISS1R/CBARP/TESC/FXYD6/ATP1B2/KCNS1/KCNG1/MS4A1/BPIFA1/AGT/P2RX2/CACNG1/NTSR1/CD19",58
"GO:0033622","GO:0033622","integrin activation","11/2590","26/18842",0.423076923076923,3.07784377784378,4.23237717812762,0.000341035575319628,0.00639569284537284,0.00639569284537284,"JAM3/RASIP1/FERMT2/CXCL13/CXCL12/CX3CL1/PTGER4/SELP/P2RY12/MZB1/KIF14",11
"GO:0048048","GO:0048048","embryonic eye morphogenesis","11/2590","26/18842",0.423076923076923,3.07784377784378,4.23237717812762,0.000341035575319628,0.00639569284537284,0.00639569284537284,"EFEMP1/TWIST1/MFAP2/FBN2/SOX11/FBN3/TH/PROX1/STRA6/TFAP2A/SIX3",11
"GO:0070482","GO:0070482","response to oxygen levels","65/2590","312/18842",0.208333333333333,1.51560489060489,3.66610640201327,0.000341727778746362,0.00639569284537284,0.00639569284537284,"P4HB/EPAS1/PAK1/CAV3/SLC7A5/TWIST1/CAV1/CCNB1/EGR1/ADAM8/ANGPT4/SUV39H2/PTPN1/DPP4/OPRD1/CXCL12/NDNF/NGB/RGCC/ANGPTL4/AQP1/TERT/LOC102724560/CCNA2/MYOCD/NOS1/EPO/CBS/EDN1/DDR2/SLC2A1/CYP1A1/BMP2/PTGIS/CA9/FOS/ASCL2/CLDN3/PPARG/CHRNA4/KCNA5/POLB/TFRC/PLEKHN1/ALAS2/TH/COL1A1/CYGB/ZEB2/CPEB1/MMP14/PMAIP1/PENK/F7/ANKRD1/SLC8A3/TGFBR3/SLC6A4/VEGFD/S100B/EGLN3/CAT/CD24/E2F1/CA3",65
"GO:0070098","GO:0070098","chemokine-mediated signaling pathway","26/2590","95/18842",0.273684210526316,1.99102621418411,3.86571208805141,0.000345749329500804,0.0064488740127027,0.0064488740127027,"CXCL9/CXCL13/CXCL12/CCR3/ACKR1/CCL14/CX3CL1/SLIT2/ENTREP1/CCR8/THPO/EDN1/CCL19/CCL23/CXCR2/CCL24/SLIT3/ACKR5/CCL1/ACKR4/CX3CR1/CCL25/CCL16/CCL7/GPR17/CCL2",26
"GO:0046887","GO:0046887","positive regulation of hormone secretion","34/2590","137/18842",0.248175182481752,1.8054504974213,3.77718913142189,0.000362268131906478,0.0067327765886553,0.0067327765886553,"SPP1/NKX6-1/PDX1/GPER1/ALDOA/CARTPT/RASL10B/TACR1/RBP4/RFX6/FGB/NR1H4/TFR2/TRPA1/FFAR4/ECRG4/EDN3/EDN1/SOX11/HCAR2/BLK/PPARG/RETN/CAMP/TRPM5/MYRIP/KISS1/GAL/NMU/KISS1R/PLA2G3/ADCY8/UCN/INHA",34
"GO:0032835","GO:0032835","glomerulus development","19/2590","61/18842",0.311475409836066,2.26595354136338,3.95340929633527,0.000363434417868859,0.0067327765886553,0.0067327765886553,"KLF15/EGR1/TEK/TCF21/AQP1/LGR4/BASP1/SULF1/EDN1/AGTR2/NPHS1/ANGPT1/COL4A3/SERPINB7/RET/LHX1/PECAM1/CD24/CD34",19
"GO:0030574","GO:0030574","collagen catabolic process","15/2590","43/18842",0.348837209302326,2.53775702612912,4.0299812345753,0.00038375335608316,0.00707905248571539,0.00707905248571539,"MMP3/MMP13/MMP1/MMP11/FAP/MMP9/ADAMTS14/MMP14/MMP19/MMP12/VSIR/PRSS2/TMPRSS6/MMP10/MMP27",15
"GO:0000727","GO:0000727","double-strand break repair via break-induced replication","7/2590","12/18842",0.583333333333333,4.24369369369369,4.48697603001233,0.00038601237708018,0.00707905248571539,0.00707905248571539,"GINS2/MCM4/MCM2/CDC7/GINS4/CDC45/MCM6",7
"GO:0010919","GO:0010919","regulation of inositol phosphate biosynthetic process","7/2590","12/18842",0.583333333333333,4.24369369369369,4.48697603001233,0.00038601237708018,0.00707905248571539,0.00707905248571539,"GPER1/SNCA/PTH1R/P2RY6/ADCYAP1R1/NTSR1/LHCGR",7
"GO:0006940","GO:0006940","regulation of smooth muscle contraction","17/2590","52/18842",0.326923076923077,2.37833382833383,3.97320658795686,0.000387724831248781,0.00708667626346016,0.00708667626346016,"CHRM2/CALCA/GPER1/CAV1/PROK2/TACR1/MYOCD/EDN3/EDN1/ADRA2A/NPNT/NMU/EDN2/ADRA1A/TNNI3/ADRB2/CNN1",17
"GO:0001654","GO:0001654","eye development","56/2590","261/18842",0.21455938697318,1.56089882986435,3.64266049661904,0.000398802581618882,0.0072648536951573,0.0072648536951573,"RD3/CNGA3/EFEMP1/GPM6A/TWIST1/SGCA/ADAMTS18/SIX6/KDM5B/DLX2/RBP4/SOX2/OLFM3/PMEL/LENEP/SGCG/PTPRM/MFAP2/DCX/SOX12/PRSS56/CYP1A1/FBN2/CRYBA2/NES/SOX11/PLAAT1/FOS/CLDN3/FZD4/TMOD1/FBN3/TH/CHRDL1/CLDN19/TENM3/PAX6/PROX1/ZEB2/ANGPTL7/FGF2/FREM2/OPN4/ACVRL1/FOXE3/STRA6/TFAP2A/LHX1/COL5A2/SLC1A1/SLC17A8/LCTL/SIX3/TYRP1/RP1/COL5A1",56
"GO:0035825","GO:0035825","homologous recombination","21/2590","71/18842",0.295774647887324,2.15173201370384,3.88137280134859,0.000402373940409984,0.00730556008086566,0.00730556008086566,"SYCE3/RAD54B/TEX11/RAD51AP1/RAD51/HSF2BP/SHOC1/BARD1/UHRF1/TOP2A/BRIP1/RAD54L/EME2/EME1/BRCA1/FIRRM/TEX19/SYCP2/FANCD2/MND1/TRIP13",21
"GO:0007612","GO:0007612","learning","26/2590","96/18842",0.270833333333333,1.97028635778636,3.80478118591643,0.0004130635887084,0.00742791735203129,0.00742791735203129,"BRSK1/GRIN1/CARTPT/TACR1/GPR88/MAPK8IP2/EPHB2/SLC8A2/PTN/CLDN5/NTRK2/CNTNAP2/FOS/TH/SHANK3/DKK1/BCHE/NETO1/SLC8A3/SLC6A4/STRA6/NRXN1/UCN/SLC1A1/EN1/NTSR1",26
"GO:0030282","GO:0030282","bone mineralization","26/2590","96/18842",0.270833333333333,1.97028635778636,3.80478118591643,0.0004130635887084,0.00742791735203129,0.00742791735203129,"ISG15/IFITM5/SPP1/PTHLH/KL/MMP13/TWIST1/CCN1/CLEC3B/PKDCC/NELL1/CCDC154/GREM1/LGR4/PTN/DDR2/FBN2/BMP2/AHSG/ECM1/CYP27B1/ALPL/GPM6B/S1PR1/IBSP/TFAP2A",26
"GO:0061326","GO:0061326","renal tubule development","22/2590","76/18842",0.289473684210526,2.10589311115627,3.8564041620129,0.000413190645016928,0.00742791735203129,0.00742791735203129,"HS3ST3A1/IRX1/TCF21/GDNF/GREM1/AQP1/LGR4/SIX2/POU3F3/FOXD1/BMP2/AGTR2/NPNT/FGF2/SIX4/WNT11/HOXA11/KIF26B/LHX1/CD24/GPC3/AGT",22
"GO:0002685","GO:0002685","regulation of leukocyte migration","47/2590","210/18842",0.223809523809524,1.6281926824784,3.65444334008489,0.00042493517886491,0.0076140024672024,0.0076140024672024,"TNFRSF18/P4HB/DUSP1/JAM3/DSG4/CCL20/ADAM8/CXCL13/TACR1/DPP4/CXCL12/RARRES2/GREM1/IL33/BST1/CX3CL1/IL34/SLIT2/PTN/PTGER4/EDN3/EDN1/S100A7/SELE/CCL19/SELP/ASCL2/LYVE1/GCSAML/NEDD9/APOD/CCL1/MMP14/EDN2/RAC3/IL23A/CX3CR1/F7/GDF15/IL6/P2RY12/VEGFD/JAM2/CCL25/CCL7/CCL2/MDK",47
"GO:0051445","GO:0051445","regulation of meiotic cell cycle","18/2590","57/18842",0.31578947368421,2.2973379394432,3.91591626808528,0.000426677267243493,0.00762023289374409,0.00762023289374409,"TTK/CDC25C/DUSP1/RAD51AP1/CDC25A/ASPM/PKMYT1/FBXO43/CDC20/ZWINT/DMRT1/RBM46/HORMAD2/MEIOSIN/KNL1/TRIP13/HORMAD1/STRA8",18
"GO:0060485","GO:0060485","mesenchyme development","61/2590","291/18842",0.209621993127148,1.52497976621688,3.60291359428675,0.000432071032535103,0.00762851518629941,0.00762851518629941,"ROBO2/SEMA3A/NOTCH4/CDH2/SEMA3D/TWIST1/FERMT2/ADAM8/GFAP/S100A4/SCX/FOXM1/TCF21/GDNF/MIR221/RGCC/TGFBR3L/GATA4/FOXH1/AMH/GREM1/SIX2/DAB2IP/ZIC3/FOXA1/BASP1/ELL3/GATA5/ALX1/EDN1/PHOX2B/TBX20/FOXD1/SEMA7A/BMP2/SEMA6A/SEMA6D/MEOX1/HMGA2/COL1A1/HPN/DKK1/IL17RD/TGFBR2/SEMA3G/SACK1D/SIX4/WNT11/NRG1/MIR222/SEMA5A/EZH2/ACVRL1/QKI/IL6/TGFBR3/ACTG2/RBM24/FGF8/AGT/MDK",61
"GO:0007130","GO:0007130","synaptonemal complex assembly","9/2590","19/18842",0.473684210526316,3.4460069091648,4.25832210357567,0.000432724557685785,0.00762851518629941,0.00762851518629941,"SYCE3/P3H4/TEX11/SHOC1/HORMAD2/TEX15/SYCP2/TRIP13/HORMAD1",9
"GO:0060080","GO:0060080","inhibitory postsynaptic potential","9/2590","19/18842",0.473684210526316,3.4460069091648,4.25832210357567,0.000432724557685785,0.00762851518629941,0.00762851518629941,"INSYN2A/RIMS1/RIMS2/INSYN1/CHRNA4/PNOC/CHRNA2/NTSR1/SYT1",9
"GO:0070193","GO:0070193","synaptonemal complex organization","9/2590","19/18842",0.473684210526316,3.4460069091648,4.25832210357567,0.000432724557685785,0.00762851518629941,0.00762851518629941,"SYCE3/P3H4/TEX11/SHOC1/HORMAD2/TEX15/SYCP2/TRIP13/HORMAD1",9
"GO:1902850","GO:1902850","microtubule cytoskeleton organization involved in mitosis","38/2590","160/18842",0.2375,1.72778957528958,3.69064767870203,0.000435155673072188,0.00764670660237785,0.00764670660237785,"TACC1/TTK/KIF15/AURKA/DLGAP5/CCNB1/CENPH/KIF11/SPC25/INCENP/CHEK2/CENPA/TACC3/KIF4B/NUF2/KIF23/AURKB/ESPL1/RCC1/CDK1/SAPCD2/UHRF1/WDR62/KIFC1/FSD1/TUBG1/STIL/PSRC1/PRC1/BIRC5/NDC80/RACGAP1/PLK1/TPX2/CDCA8/GPSM2/CENPE/KIF4A",38
"GO:0048771","GO:0048771","tissue remodeling","33/2590","133/18842",0.24812030075188,1.80505123813394,3.71939673292902,0.000440468516944181,0.00771525783685881,0.00771525783685881,"SPP1/P3H4/EPAS1/CALCA/CAV1/CARTPT/ADAM8/DLK1/NPR3/TIE1/IL21/GREM1/LGR4/PTN/PDK4/DDR2/CYP1A1/RUFY4/PPARG/KISS1/AGTR2/MMP14/ACVRL1/KISS1R/FLT4/IL23A/SYT7/IL6/S1PR1/LEPR/AGT/EFNA2/MDK",33
"GO:0034502","GO:0034502","protein localization to chromosome","29/2590","112/18842",0.258928571428571,1.88368036403751,3.74441328504964,0.000450842069891377,0.00784666213998846,0.00784666213998846,"TTK/H4C6/H4C1/KNTC1/CENPA/H4C2/AURKB/H4C16/CDK1/H4C8/MTBP/UHRF1/H4C3/H2AC8/HASPIN/H4C14/H4C12/TONSL/H2AC4/H4C11/ZWILCH/H4C4/PLK1/H4C9/H4C5/H2BC11/H2AX/KNL1/H4C15",29
"GO:0071621","GO:0071621","granulocyte chemotaxis","29/2590","112/18842",0.258928571428571,1.88368036403751,3.74441328504964,0.000450842069891377,0.00784666213998846,0.00784666213998846,"JAM3/CXCL9/CXCL13/DPP4/RARRES2/BST1/CX3CL1/IL34/SLIT2/EDN3/EDN1/S100A7/CCL19/CXCR2/CCL24/PF4/DPEP1/CCL1/EDN2/IL23A/CXCL3/CCL25/S100A12/CCL16/CCL7/PPBP/SAA1/CCL2/MDK",29
"GO:0050954","GO:0050954","sensory perception of mechanical stimulus","35/2590","144/18842",0.243055555555556,1.76820570570571,3.6941084983979,0.000455561609155555,0.00790363236201621,0.00790363236201622,"GJB2/CLRN3/SCN1A/USH1G/CXCL12/LHFPL5/OTOR/CDH23/MYO7B/COL11A1/COL2A1/PTPRQ/CLIC5/TRPA1/CEMIP/MYH1/TMC2/COL1A1/MYO3B/HPN/BIRC5/TMIE/KCNE1/COL4A3/OTOS/ESPN/LOXHD1/PAX3/SLC52A3/TFAP2A/UCN/SLC17A8/LRIG3/KCNA1/P2RX2",35
"GO:0002028","GO:0002028","regulation of sodium ion transport","20/2590","67/18842",0.298507462686567,2.17161297758313,3.83512966624878,0.000480022542597024,0.00830165568130613,0.00830165568130612,"SCN3B/CAV3/NKAIN4/UTRN/FXYD4/PCSK9/SCN5A/NKAIN1/NKAIN2/NOS1/SCN2B/PER1/FXYD1/TESC/FXYD6/ATP1B2/NKX2-5/SCN4B/BPIFA1/AGT",20
"GO:0034764","GO:0034764","positive regulation of transmembrane transport","40/2590","172/18842",0.232558139534884,1.69183801741941,3.63868899997595,0.000492479129393937,0.00849021590579769,0.00849021590579769,"GRIN1/IL13/CAPN3/IFNG/F2/GPER1/SLC7A5/SNCA/CXCL9/CAV1/FHL1/NR4A3/FXYD4/CX3CL1/ITLN1/PTPRM/NOS1/CEMIP/EDN1/LRRC26/ERFE/P2RX5/CACNB3/SLC34A1/PIK3R1/FXYD1/P2RY6/ADCYAP1R1/FGF21/KCNE1/KCNH2/TESC/FXYD6/ATP1B2/SORBS1/SLC17A8/MS4A1/P2RX2/NTSR1/CD19",40
"GO:0035270","GO:0035270","endocrine system development","22/2590","77/18842",0.285714285714286,2.07854384997242,3.78579710651796,0.000504403396844802,0.00864190456046706,0.00864190456046706,"ARX/NKX6-1/PDX1/CDH2/RFX6/SOX2/ALDH1A2/DKK3/FOXE1/EDN1/BMP2/FOXI3/PAX6/INSM1/WNT11/SOX3/IL6/STRA6/NKX2-5/SIX3/MNX1/MDK",22
"GO:0090128","GO:0090128","regulation of synapse maturation","11/2590","27/18842",0.407407407407407,2.96384956384956,4.07649052614428,0.000504440540675021,0.00864190456046706,0.00864190456046706,"C1QL2/ADGRB3/CDC20/DAB2IP/NEFL/NRN1/SEMA7A/ARHGEF15/NEURL1/IGSF9/NRXN1",11
"GO:0095500","GO:0095500","acetylcholine receptor signaling pathway","15/2590","44/18842",0.340909090909091,2.48008073008073,3.92377747720393,0.000508990115298066,0.00869259681282478,0.00869259681282478,"CHRM2/CHRNA1/HRH3/PSCA/LYPD1/CHRNA9/CHRNG/CHRNA6/CHRNA4/CHRNB4/CHRNB3/CHRND/CHRNA2/CDK5R1/CHRNA5",15
"GO:0070542","GO:0070542","response to fatty acid","18/2590","58/18842",0.310344827586207,2.25772866462522,3.82961720800965,0.000540151674906637,0.00919604019739804,0.00919604019739804,"PDX1/CAV3/CCNB1/PID1/NR1H4/GLDC/EDN1/PDK4/LPL/AKR1C1/CAMP/AKR1C2/FFAR3/CD36/AKR1C3/CAT/E2F1/KCNK10",18
"GO:1990868","GO:1990868","response to chemokine","27/2590","103/18842",0.262135922330097,1.90701353225625,3.6847465707645,0.000566650817956329,0.00958745114591745,0.00958745114591745,"DUSP1/CXCL9/CXCL13/CXCL12/CCR3/ACKR1/CCL14/CX3CL1/SLIT2/ENTREP1/CCR8/THPO/EDN1/CCL19/CCL23/CXCR2/CCL24/SLIT3/ACKR5/CCL1/ACKR4/CX3CR1/CCL25/CCL16/CCL7/GPR17/CCL2",27
"GO:1990869","GO:1990869","cellular response to chemokine","27/2590","103/18842",0.262135922330097,1.90701353225625,3.6847465707645,0.000566650817956329,0.00958745114591745,0.00958745114591745,"DUSP1/CXCL9/CXCL13/CXCL12/CCR3/ACKR1/CCL14/CX3CL1/SLIT2/ENTREP1/CCR8/THPO/EDN1/CCL19/CCL23/CXCR2/CCL24/SLIT3/ACKR5/CCL1/ACKR4/CX3CR1/CCL25/CCL16/CCL7/GPR17/CCL2",27
"GO:0060074","GO:0060074","synapse maturation","14/2590","40/18842",0.35,2.54621621621622,3.90792882375716,0.000573644506820426,0.00964605301468808,0.00964605301468808,"C1QL2/ADGRB3/CDC20/DAB2IP/NEFL/NRN1/SEMA7A/ARHGEF15/SEZ6L2/CHRDL1/NEURL1/IGSF9/CX3CR1/NRXN1",14
"GO:0071398","GO:0071398","cellular response to fatty acid","14/2590","40/18842",0.35,2.54621621621622,3.90792882375716,0.000573644506820426,0.00964605301468808,0.00964605301468808,"CAV3/CCNB1/PID1/NR1H4/EDN1/PDK4/LPL/AKR1C1/CAMP/AKR1C2/FFAR3/AKR1C3/E2F1/KCNK10",14
"GO:0042756","GO:0042756","drinking behavior","8/2590","16/18842",0.5,3.63745173745174,4.21321804330487,0.00057862144894255,0.00967734753446763,0.00967734753446763,"CARTPT/TACR1/SLC24A4/GAL/PNOC/PENK/UCN/EN1",8
"GO:0060986","GO:0060986","endocrine hormone secretion","16/2590","49/18842",0.326530612244898,2.37547868568277,3.84859576935288,0.000579047144331366,0.00967734753446763,0.00967734753446763,"SPP1/ECRG4/RAB11FIP1/FOXD1/HCAR2/PPARG/RETN/KISS1/GAL/KISS1R/CRHBP/KCNK9/UCN/INHA/CRY2/AGT",16
"GO:0006805","GO:0006805","xenobiotic metabolic process","33/2590","135/18842",0.244444444444444,1.77830973830974,3.62297823942732,0.000585788957255241,0.0097601727176826,0.0097601727176826,"GRIN1/CYP2A13/CYP2A6/AOX1/CYP1A2/CYP2B6/UGT1A10/SLCO1B1/UGT1A7/CYP3A4/ABCB11/FMO2/NOS1/CYP2F1/CYP1A1/SULT1C3/CYP2W1/AKR1C1/UGT1A6/ABCB1/SULT1C4/AADAC/SLCO1A2/BCHE/CYP2C18/GSTA3/ALDH2/ACSM2B/SLC28A3/ALDH3A1/CYP26B1/S100A12/LPO",33
"GO:0034767","GO:0034767","positive regulation of monoatomic ion transmembrane transport","30/2590","119/18842",0.252100840336134,1.83400927938743,3.64338524152959,0.000590134298039953,0.00980268674403753,0.00980268674403753,"GRIN1/IL13/CAPN3/IFNG/F2/GPER1/SNCA/CXCL9/CAV1/FHL1/FXYD4/CX3CL1/NOS1/CEMIP/EDN1/LRRC26/P2RX5/CACNB3/FXYD1/P2RY6/ADCYAP1R1/KCNE1/KCNH2/TESC/FXYD6/ATP1B2/MS4A1/P2RX2/NTSR1/CD19",30
"GO:0001763","GO:0001763","morphogenesis of a branching structure","25/2590","93/18842",0.268817204301075,1.95561921368373,3.68795610077445,0.000596569210496685,0.00984269919438156,0.00984269919438156,"PAK1/HS3ST3A1/RASIP1/NOTCH4/TCF21/TIE1/GDNF/GREM1/LGR4/SIX2/SLIT2/SULF1/MET/FOXD1/BMP2/COL13A1/AGTR2/NPNT/TGFBR2/FGF2/SIX4/HOXA11/LHX1/AGT/MDK",25
"GO:0016101","GO:0016101","diterpenoid metabolic process","25/2590","93/18842",0.268817204301075,1.95561921368373,3.68795610077445,0.000596569210496685,0.00984269919438156,0.00984269919438156,"HSD17B6/CYP1A2/ADH6/ADH4/RBP4/RARRES2/UGT1A7/ALDH1A2/CYP3A4/RBP2/CYP1A1/CYP2W1/LPL/AKR1C1/ADH1C/ALDH1A1/CEL/CES1/CYP2C18/ADH1B/LRP8/AKR1C3/CLPS/CYP26B1/ADH1A",25
"GO:0044839","GO:0044839","cell cycle G2/M phase transition","35/2590","146/18842",0.23972602739726,1.74398370973713,3.60258266168666,0.000597946227362247,0.00984269919438156,0.00984269919438156,"BRSK1/CDC25C/AURKA/CCNB1/CDC6/CDC25A/FOXM1/CHEK2/FHL1/ORC1/CDC7/AURKB/PKMYT1/BARD1/CDK1/CLSPN/NEK2/CCNA2/PHOX2B/NES/BLM/BRSK2/DONSON/ABCB1/BRCA1/BIRC5/TICRR/NDC80/DTL/PLK1/DBF4/MELK/CENPF/KIF14/CHEK1",35
"GO:0055123","GO:0055123","digestive system development","23/2590","83/18842",0.27710843373494,2.01593710750337,3.70296389762112,0.00061228771658638,0.0100244703774067,0.0100244703774067,"SOX17/CCNB1/PKDCC/TCF21/NR5A2/GATA4/RARRES2/EDNRB/SIX2/ALDH1A2/ZIC3/FOXE1/GATA5/SFRP5/CYP1A1/SOX11/CDX2/AGR2/WNT11/OTC/PTK6/STRA6/RET",23
"GO:0048565","GO:0048565","digestive tract development","22/2590","78/18842",0.282051282051282,2.05189585189585,3.71625735460769,0.000612657475947634,0.0100244703774067,0.0100244703774067,"SOX17/CCNB1/PKDCC/TCF21/GATA4/RARRES2/EDNRB/SIX2/ALDH1A2/ZIC3/FOXE1/GATA5/SFRP5/CYP1A1/SOX11/CDX2/AGR2/WNT11/OTC/PTK6/STRA6/RET",22
"GO:0007162","GO:0007162","negative regulation of cell adhesion","61/2590","295/18842",0.206779661016949,1.50430207447157,3.48508501448694,0.000624441217276816,0.0101867798579636,0.0101867798579636,"ADAMDEC1/CDKN2A/DUSP1/PLA2G5/JAM3/PLA2G2A/NOTCH4/APOA1/TIGIT/ADAMTS18/PTPN1/PLA2G2F/B4GALNT2/PPM1F/CTSG/CXCL12/VSIG4/CDH13/MIR221/RGCC/MUC21/LGALS9C/EPHB2/KNG1/CX3CL1/IFNB1/SCRIB/GDPD2/BMP2/PHLDB2/SEMA6A/KLF4/FBLN1/ASCL2/LAG3/TNFSF4/FZD4/RND1/IFNL1/FAM107A/EPCAM/CTLA4/IL4I1/APOD/DLC1/ANGPT1/MMP14/MIR222/SEMA5A/ACVRL1/MMP12/VSIR/ABCA12/MYOC/ARHGAP6/CORO2B/PLA2G2D/LGALS9B/CCL25/FOXP3/MDK",61
"GO:0045823","GO:0045823","positive regulation of heart contraction","13/2590","36/18842",0.361111111111111,2.62704847704848,3.9007846702308,0.000636430847514314,0.0103207554352099,0.0103207554352099,"ATP1A2/SCN3B/PTPN1/ADM2/EDN3/EDN1/ADRB1/NMU/EDN2/ADRA1A/NKX2-5/UCN/SLC1A1",13
"GO:0046164","GO:0046164","alcohol catabolic process","13/2590","36/18842",0.361111111111111,2.62704847704848,3.9007846702308,0.000636430847514314,0.0103207554352099,0.0103207554352099,"MIOX/ADH4/HAO1/SRD5A3/CYP7A1/SULT1C4/TPI1/AKR1D1/ALDH2/SORD/AKR1C3/NTSR1/SCARF1",13
"GO:0034329","GO:0034329","cell junction assembly","93/2590","490/18842",0.189795918367347,1.38074698605311,3.4091119571139,0.000663034207453522,0.0107203607802766,0.0107203607802766,"LSR/GPBAR1/SLITRK3/COL17A1/GPM6A/GJB2/ROBO2/PCDH17/IL1RAPL2/JAM3/LRFN4/SNCA/CBLN4/CDH2/CAV1/FERMT2/CLDN6/C1QL2/TEK/PTPN1/PPM1F/CLDN9/CDH13/CDH15/GABRA4/THSD1/NR1H4/CARMIL3/GREM1/EPHB2/CSMD2/LIMCH1/CLDN18/CLDN5/ADGRL2/CDH18/CLDN11/GABRA3/CDH12/CDH7/LRRTM4/PHLDB2/CNTNAP2/CRTAC1/RHOD/MICALL2/CLDN3/GABRG2/RTN4RL2/CDH5/SYNDIG1/ARHGEF15/NEGR1/SHANK3/CBLN1/FAM107A/DKK1/CLDN19/NPHS1/THBS2/LRRTM1/ST8SIA2/APOD/DLC1/CASKIN1/EPHB1/MMP14/PKP3/ACVRL1/ACTN2/RAC3/GPM6B/LRRC4B/GABRA5/CCDC141/MYOC/GABRG1/POU4F1/SORBS1/ARHGAP6/NRXN1/CORO2B/PECAM1/CDH20/ECT2/ESAM/AGT/SLITRK2/ADGRL3/PCDHB4/GABRE/NTRK3/LRRC15",93
"GO:0030278","GO:0030278","regulation of ossification","27/2590","104/18842",0.259615384615385,1.88867686367686,3.62783374353295,0.000666707320301687,0.0107292358542149,0.0107292358542149,"ISG15/IFITM5/KL/TWIST1/CCN1/DLK1/TACR1/PKDCC/NELL1/GREM1/SIX2/GDF10/PTN/DDR2/FBN2/BMP2/SOX11/AHSG/KREMEN2/DKK1/ECM1/CYP27B1/GPM6B/ZBTB16/S1PR1/TFAP2A/MDK",27
"GO:0046850","GO:0046850","regulation of bone remodeling","15/2590","45/18842",0.333333333333333,2.42496782496782,3.82045857033722,0.000667509641433318,0.0107292358542149,0.0107292358542149,"SPP1/CALCA/CARTPT/ADAM8/DLK1/GREM1/PDK4/RUFY4/KISS1/KISS1R/SYT7/IL6/S1PR1/LEPR/MDK",15
"GO:0050801","GO:0050801","monoatomic ion homeostasis","91/2590","478/18842",0.190376569037657,1.38497116363225,3.40335267905376,0.000680710783188628,0.0108858983516895,0.0108858983516895,"SCN7A/ATP1A2/GRIN1/HPX/CALCA/IFNG/CAV3/TESMIN/F2/GPER1/CAV1/FTHL17/CARTPT/ATP1A3/CFTR/ATP4B/FLVCR1/CXCL12/CASQ2/CDH23/NPR1/SLC11A1/FXYD4/ATP2B3/KCNK16/JPH2/SLC30A2/EDNRB/BOLA2B/CCL14/TFR2/SLC8A2/TRPA1/TRPC7/TMEM178A/BOLA2/EDN3/SLC24A4/GPHRB/EDN1/PDK4/AVP/PTH1R/SMAD9/ATP6V0D2/MT1X/BMP2/CCL19/CCL23/ERFE/SLC7A11/SCARA5/MT1M/CDH5/GPHRA/TF/KCNA5/TFRC/MT1H/ALAS2/FXYD1/CALCB/SLC4A1/NT5E/CNR1/SLC24A2/SLC45A2/CCL1/SLC26A3/CYP27B1/CA12/EDN2/KCNH2/ALPL/TESC/FXYD6/SLC39A4/TNNI3/ATP1B2/OTC/TMPRSS6/SLC8A3/CYBRD1/ATP4A/ADCY8/CAV2/HEPHL1/SLC1A1/AGT/CCL7/KCNA1",91
"GO:0086010","GO:0086010","membrane depolarization during action potential","12/2590","32/18842",0.375,2.7280888030888,3.90566596913106,0.000691167429746154,0.0108858983516895,0.0108858983516895,"ATP1A2/SCN3B/CAV3/SCN3A/SCN1A/SCN5A/SCN2B/HCN2/CACNA1G/CLCN2/KCNH2/SCN4B",12
"GO:0090183","GO:0090183","regulation of kidney development","12/2590","32/18842",0.375,2.7280888030888,3.90566596913106,0.000691167429746154,0.0108858983516895,0.0108858983516895,"GDNF/GREM1/LGR4/SIX2/BASP1/FOXD1/AGTR2/SIX4/EZH2/RET/LHX1/AGT",12
"GO:0090266","GO:0090266","regulation of mitotic cell cycle spindle assembly checkpoint","12/2590","32/18842",0.375,2.7280888030888,3.90566596913106,0.000691167429746154,0.0108858983516895,0.0108858983516895,"DUSP1/CCNB1/INCENP/AURKB/SKA1/GEN1/MAD2L1/BIRC5/NDC80/CDCA8/KNL1/SKA3",12
"GO:1903504","GO:1903504","regulation of mitotic spindle checkpoint","12/2590","32/18842",0.375,2.7280888030888,3.90566596913106,0.000691167429746154,0.0108858983516895,0.0108858983516895,"DUSP1/CCNB1/INCENP/AURKB/SKA1/GEN1/MAD2L1/BIRC5/NDC80/CDCA8/KNL1/SKA3",12
"GO:0015669","GO:0015669","gas transport","9/2590","20/18842",0.45,3.27370656370656,4.06129913652263,0.000691199767252747,0.0108858983516895,0.0108858983516895,"RHBG/NGB/AQP1/HBA2/HBA1/CYGB/MB/HBB/HBM",9
"GO:0021772","GO:0021772","olfactory bulb development","9/2590","20/18842",0.45,3.27370656370656,4.06129913652263,0.000691199767252747,0.0108858983516895,0.0108858983516895,"SALL3/ROBO2/SEMA3A/GSX2/SLIT2/ZIC3/ZIC1/KIF14/EFNA2",9
"GO:0055080","GO:0055080","monoatomic cation homeostasis","89/2590","466/18842",0.190987124463519,1.38941289542148,3.39802246968708,0.000698036797743714,0.0109619859185902,0.0109619859185902,"SCN7A/ATP1A2/GRIN1/HPX/CALCA/IFNG/CAV3/TESMIN/F2/GPER1/CAV1/FTHL17/CARTPT/ATP1A3/CFTR/ATP4B/FLVCR1/CXCL12/CASQ2/CDH23/NPR1/SLC11A1/FXYD4/ATP2B3/KCNK16/JPH2/SLC30A2/EDNRB/BOLA2B/CCL14/TFR2/SLC8A2/TRPA1/TRPC7/TMEM178A/BOLA2/EDN3/SLC24A4/GPHRB/EDN1/PDK4/AVP/PTH1R/SMAD9/ATP6V0D2/MT1X/BMP2/CCL19/CCL23/ERFE/SLC7A11/SCARA5/MT1M/CDH5/GPHRA/TF/KCNA5/TFRC/MT1H/ALAS2/FXYD1/CALCB/SLC4A1/NT5E/CNR1/SLC24A2/SLC45A2/CCL1/SLC26A3/CYP27B1/EDN2/KCNH2/ALPL/TESC/FXYD6/SLC39A4/TNNI3/ATP1B2/TMPRSS6/SLC8A3/CYBRD1/ATP4A/ADCY8/CAV2/HEPHL1/SLC1A1/AGT/CCL7/KCNA1",89
"GO:0051495","GO:0051495","positive regulation of cytoskeleton organization","40/2590","175/18842",0.228571428571429,1.66283507997794,3.51670303001914,0.000709239041576228,0.0110775582851672,0.0110775582851672,"PAK1/CAV3/APOA1/FERMT2/TACR1/PPM1F/RGCC/WASF3/AURKB/SYNPO/PPP1R35/CFL2/CX3CL1/SYNPO2L/LIMCH1/TENM1/SKA1/EDN1/BAIAP2L1/NES/LIMK1/BAIAP2L2/STIL/VIL1/CCL24/CSF3/ARHGEF15/SYNPO2/CARMIL2/PSRC1/LMOD1/PROX1/SPAG5/SEMA5A/ACTN2/PLK4/CRACD/MYOC/CDK5R1/GPSM2",40
"GO:1902808","GO:1902808","positive regulation of cell cycle G1/S phase transition","19/2590","64/18842",0.296875,2.15973696911197,3.70999454528048,0.000709450210394969,0.0110775582851672,0.0110775582851672,"RRM2/CCND2/ADAMTS1/CDC6/MIR221/RGCC/TP63/MTBP/TERT/DDR2/CYP1A1/STIL/KCNA5/SACK1D/MIR222/PKP3/EZH2/CCNE2/CCNE1",19
"GO:0015833","GO:0015833","peptide transport","51/2590","238/18842",0.214285714285714,1.55890788747932,3.4639690392353,0.000727193517068995,0.0113155340005773,0.0113155340005773,"NKX6-1/PDX1/IFNG/KCNB1/GPER1/SLC15A1/UQCC2/NPY2R/ALDOA/PTPRN/CARTPT/RIMS2/RASL10B/ABCB9/BMP8A/RBP4/PDE8B/RFX6/FGB/VIP/KCNK16/NR1H4/STX1A/SLC15A5/TFR2/G6PC2/TRPA1/FFAR4/ECRG4/CLEC4M/EDN3/EDN1/ADRA2A/BLK/KCNA5/CAMP/TRPM5/MYRIP/BRSK2/GAL/GIP/SLC25A39/NMU/FFAR3/ABCA12/SYT7/IL6/ADCY8/CRHBP/UCN/SSTR5",51
"GO:0001656","GO:0001656","metanephros development","20/2590","69/18842",0.289855072463768,2.10866767388507,3.68304936616887,0.000729065218839824,0.0113155340005773,0.0113155340005773,"ROBO2/SOX17/EGR1/IRX1/TCF21/GDNF/GREM1/AQP1/LGR4/SIX2/POU3F3/BASP1/FOXD1/AGTR2/SIX4/RET/KIF26B/LHX1/FGF8/CD34",20
"GO:0007274","GO:0007274","neuromuscular synaptic transmission","10/2590","24/18842",0.416666666666667,3.03120978120978,3.97486257309633,0.000734442335897893,0.0113155340005773,0.0113155340005773,"CHRNA1/CHRNA6/CHRNA4/CHRNB4/CHRNB3/CHRNA2/CHAT/CHRNA5/NRXN1/RIMBP2",10
"GO:0072677","GO:0072677","eosinophil migration","10/2590","24/18842",0.416666666666667,3.03120978120978,3.97486257309633,0.000734442335897893,0.0113155340005773,0.0113155340005773,"ADAM8/CX3CL1/PTGER4/CCL19/CCL24/CCL1/CCL25/CCL16/CCL7/CCL2",10
"GO:0033189","GO:0033189","response to vitamin A","7/2590","13/18842",0.538461538461538,3.91725571725572,4.20030665167109,0.000737114383203208,0.0113155340005773,0.0113155340005773,"GATA4/ALDH1A2/EPO/CYP1A1/SLC34A1/CYP26B1/CAT",7
"GO:0033314","GO:0033314","mitotic DNA replication checkpoint signaling","7/2590","13/18842",0.538461538461538,3.91725571725572,4.20030665167109,0.000737114383203208,0.0113155340005773,0.0113155340005773,"CDC6/ORC1/CDC7/CLSPN/DONSON/TICRR/DBF4",7
"GO:0010810","GO:0010810","regulation of cell-substrate adhesion","44/2590","198/18842",0.222222222222222,1.61664521664522,3.48214510731448,0.000744445699556783,0.0113960665212264,0.0113960665212264,"P4HB/CDKN2A/PLAU/APOA1/FERMT2/GFUS/TEK/PTPN1/PPM1F/NDNF/CDH13/FGB/UTRN/GREM1/BST1/CX3CL1/CEACAM6/LIMCH1/PLPP3/GDPD2/OLFM4/PHLDB2/VIT/FBLN1/RHOD/FZD4/ECM2/AGR2/NPNT/FAM107A/NEDD9/APOD/DLC1/MMP14/ACVRL1/CD36/RAC3/GPM6B/MMP12/MYOC/ARHGAP6/CORO2B/CCL25/MDK",44
"GO:0007605","GO:0007605","sensory perception of sound","31/2590","126/18842",0.246031746031746,1.78985720414292,3.55120536326927,0.000752574378852646,0.0114883211743847,0.0114883211743847,"GJB2/CLRN3/USH1G/LHFPL5/OTOR/CDH23/MYO7B/COL11A1/COL2A1/PTPRQ/CLIC5/CEMIP/MYH1/TMC2/COL1A1/MYO3B/HPN/BIRC5/TMIE/KCNE1/COL4A3/OTOS/ESPN/LOXHD1/PAX3/SLC52A3/TFAP2A/UCN/SLC17A8/LRIG3/P2RX2",31
"GO:0034762","GO:0034762","regulation of transmembrane transport","76/2590","388/18842",0.195876288659794,1.42498109302233,3.37667034564259,0.000793141065750801,0.0120414322515949,0.0120414322515949,"ATP1A2/GRIN1/IL13/CALCA/CAPN3/IFNG/CAV3/F2/GPER1/SLC7A5/SNCA/CXCL9/CAV1/GRIN2D/CARTPT/GRIN2A/CACNG6/TRIB3/JPH4/PID1/CASQ2/FHL1/NR4A3/UTRN/FXYD4/PCSK9/KCNK16/JPH2/SCN5A/CX3CL1/ITLN1/PTPRM/GRIN2C/NOS1/FFAR4/CEMIP/EPO/EDN1/LRRC26/ERFE/P2RX5/MMP9/CLDN3/CERS1/CACNB3/KCNIP1/DPP6/SLC34A1/PIK3R1/FXYD1/P2RY6/DPP10/JPH3/ADCYAP1R1/FGF21/KCNE1/KCNAB1/KCNH2/KISS1R/CBARP/TESC/FXYD6/ATP1B2/SORBS1/CACNG5/KCNS1/KCNG1/CRHBP/SLC17A8/MS4A1/BPIFA1/AGT/P2RX2/CACNG1/NTSR1/CD19",76
"GO:0009582","GO:0009582","detection of abiotic stimulus","30/2590","121/18842",0.247933884297521,1.80369507642235,3.54052708668338,0.000793214201385942,0.0120414322515949,0.0120414322515949,"PRDM12/CAV3/GPR52/CDH2/CARTPT/PKD1L2/TACR1/RGS9BP/SCN1A/GPR88/CXCL12/LHFPL5/COL11A1/PTPRQ/REEP6/TRPA1/SLC24A4/GNAT3/NPFFR2/GRK1/TIMELESS/TMC2/HPN/SLC24A2/EPHB1/OPN4/PECAM1/RP1/KCNA1/NTSR1",30
"GO:1904427","GO:1904427","positive regulation of calcium ion transmembrane transport","17/2590","55/18842",0.309090909090909,2.24860652860653,3.70191700999961,0.000803553052093324,0.0121645912179779,0.0121645912179779,"GRIN1/IL13/CAPN3/F2/GPER1/SNCA/CXCL9/CAV1/CX3CL1/CEMIP/P2RX5/P2RY6/ADCYAP1R1/MS4A1/P2RX2/NTSR1/CD19",17
"GO:0042180","GO:0042180","ketone metabolic process","47/2590","216/18842",0.217592592592593,1.58296510796511,3.43999719230352,0.000814714358909076,0.012299486108945,0.012299486108945,"KMO/HSD17B6/TWIST1/CAV1/EGR1/CYP2B6/CYP21A2/TRIB3/ADH4/UGT1A10/ANGPTL4/FGFR4/FANCD2OS/NR1H4/EDNRB/UGT1A7/ABCB11/DKK3/EDN1/PDK4/AVP/CYP7A1/BMP2/APOC1/AKR1C1/GPIHBP1/UGT1A6/ACACB/PPARG/AKR1C2/SULT1C4/TPI1/CES1/BRCA1/GIP/PROX1/CLCN2/ACADL/EDN2/HSD17B1/PLA2G3/GDF15/AKR1C3/NME1/CYP4F8/KAT2B/KIF12",47
"GO:0007517","GO:0007517","muscle organ development","53/2590","251/18842",0.211155378486056,1.53613499669277,3.41356433547357,0.000830311063692869,0.0125004131214367,0.0125004131214367,"MYH6/CAPN3/CAV3/COL3A1/CHRNA1/UQCC2/TWIST1/CAV1/MYLK/EGR3/SGCA/FER1L6/HBEGF/TCF21/MYL3/FHL1/UTRN/JPH2/FOXH1/CFL2/EGR2/MYOCD/SGCG/BASP1/ITGA11/DES/TBX20/BMP2/RCAN1/NPHS1/TRIM72/PROX1/CHRND/SRPK3/SIX4/PAX7/NRG1/EPHB1/NEURL1/PAX3/TNNI3/POU4F1/ANKRD1/TGFBR3/S1PR1/CAV2/STRA6/NKX2-5/S100B/CYP26B1/RBM24/CENPF/FGF8",53
"GO:0046683","GO:0046683","response to organophosphorus","29/2590","116/18842",0.25,1.81872586872587,3.53096528518144,0.000834000495290646,0.0125214634801192,0.0125214634801192,"SLC5A5/CNGA3/DUSP1/AANAT/VGF/CFTR/SCX/AQP1/HCN2/P2RX5/FOS/PER1/PDE2A/CDO1/COL1A1/P2RY6/NT5E/FOSB/KCNE1/SLC26A3/HCN1/MMP19/PENK/SLC8A3/SLC6A4/P2RY12/CRHBP/P2RX6/P2RX2",29
"GO:1902423","GO:1902423","regulation of attachment of mitotic spindle microtubules to kinetochore","6/2590","10/18842",0.6,4.36494208494208,4.24891282833428,0.000856518738711694,0.0128243148138614,0.0128243148138614,"INCENP/AURKB/CDK1/BIRC5/CDCA8/KAT2B",6
"GO:1903524","GO:1903524","positive regulation of blood circulation","13/2590","37/18842",0.351351351351351,2.55604716685798,3.78212083778767,0.00085893367338528,0.0128253347678977,0.0128253347678977,"ATP1A2/SCN3B/PTPN1/ADM2/EDN3/EDN1/ADRB1/NMU/EDN2/ADRA1A/NKX2-5/UCN/SLC1A1",13
"GO:1905145","GO:1905145","cellular response to acetylcholine","15/2590","46/18842",0.326086956521739,2.3722511331207,3.71987413766613,0.000866096013114916,0.0128970428110981,0.0128970428110981,"CHRM2/CHRNA1/HRH3/PSCA/LYPD1/CHRNA9/CHRNG/CHRNA6/CHRNA4/CHRNB4/CHRNB3/CHRND/CHRNA2/CDK5R1/CHRNA5",15
"GO:0030199","GO:0030199","collagen fibril organization","19/2590","65/18842",0.292307692307692,2.12651024651025,3.63184388028972,0.00087511560106419,0.0129729701947656,0.0129729701947656,"P3H4/COL3A1/TLL2/SCX/COL11A1/GREM1/COL2A1/COL1A2/DDR2/TNXB/COL1A1/ADAMTS14/COL4A3/LOXL1/COLGALT2/COL5A2/TLL1/DPT/COL5A1",19
"GO:0050767","GO:0050767","regulation of neurogenesis","58/2590","281/18842",0.206405693950178,1.50158150015801,3.38175728769911,0.000875942543800278,0.0129729701947656,0.0129729701947656,"SPP1/IDH2/PAK1/IFNG/F2/GPER1/VIM/ROBO2/SLC7A5/CDH2/MAG/HES6/GFAP/PTPRZ1/DPYSL5/CXCL12/EPHB2/CX3CL1/IL34/SLIT2/WDR62/EGR2/PTN/MME/NOS1/NTRK2/GDPD2/SEMA7A/BMP2/SOX11/LIMK1/LHX2/FEZF2/SEMA6D/TTBK1/ASCL2/FZD4/HAP1/NEGR1/SHANK3/PAX6/SEMA3G/CLCN2/SEMA5A/TRIM46/NEURL1/QKI/CNTFR/CX3CR1/LRP8/IL6/FEZF1/ASCL1/MEST/E2F1/MIR125B1/NTRK3/MDK",58
"GO:0030902","GO:0030902","hindbrain development","23/2590","85/18842",0.270588235294118,1.96850329320918,3.57254185388124,0.000878777493142122,0.0129797810811397,0.0129797810811397,"PAK1/SCN5A/EPHB2/GDF10/EGR2/PHOX2B/FZD4/HAP1/CBLN1/SEZ6L2/CEND1/PROX1/KCNE1/DLC1/EPHB1/ATP1B2/SLC6A4/NRXN1/LHX1/SSTR1/EN1/KIF14/MDK",23
"GO:0048545","GO:0048545","response to steroid hormone","64/2590","317/18842",0.201892744479495,1.46875022837168,3.36000918896962,0.000895818079188529,0.0131958107891248,0.0131958107891248,"ATP1A2/SPP1/ZFP36/PDX1/PAK1/DUSP1/GPER1/NKX2-2/CAV1/CARTPT/AANAT/ATP1A3/CALCR/TACR1/TCF21/UGT1A10/NR4A3/CBX3/FOXH1/TP63/AQP1/UGT1A7/SST/ABCA3/SLIT2/FOXA1/NEFL/EPO/RXRG/EDN1/HCN2/GABRB1/TDO2/FOS/GHR/CALCOCO1/JUN/PER1/UGT1A6/CDO1/HMGA2/KANK2/COL1A1/SLIT3/FAM107A/FOSB/BRCA1/ZNF366/BCHE/ALPL/PCNA/IL6/SRARP/AKR1C3/SCGB1A1/PPARGC1B/S100B/UCN/CRY2/PCK1/KLF9/SSTR5/NTRK3/MDK",64
"GO:0034308","GO:0034308","primary alcohol metabolic process","27/2590","106/18842",0.254716981132075,1.85304145115466,3.51587218738783,0.00091399314390226,0.0134201533949821,0.0134201533949821,"HSD17B6/CYP1A2/ADH6/CYP21A2/ADH4/HAO1/RBP4/EDNRB/ALDH1A2/CYP3A4/TKTL1/DKK3/CYP1A1/BMP2/AKR1C1/ADH1C/ALDH1A1/CEL/AKR1C2/SULT1C4/CES1/CYP2C18/CLCN2/ALDH2/ADH1B/AKR1C3/ADH1A",27
"GO:0031570","GO:0031570","DNA integrity checkpoint signaling","30/2590","122/18842",0.245901639344262,1.78891069055003,3.48982206620955,0.000915959234460809,0.0134201533949821,0.0134201533949821,"BRSK1/CDC6/RAD51/CHEK2/CDT1/ORC1/CDC7/BARD1/CDK1/CLSPN/DNA2/BRIP1/BLM/CDC45/TIMELESS/EME2/EME1/DONSON/BRCA1/TICRR/DTL/PLK1/DBF4/H2AX/FANCD2/WDR76/BRCA2/E2F1/CHEK1/RFC4",30
"GO:0014074","GO:0014074","response to purine-containing compound","32/2590","133/18842",0.240601503759398,1.75035271576625,3.46668548207494,0.000938490498566407,0.0137135042103353,0.0137135042103353,"SLC5A5/CNGA3/DUSP1/AANAT/VGF/CFTR/SCX/CASQ2/AQP1/TRPA1/TRPM2/HCN2/P2RX5/FOS/PER1/PDE2A/CDO1/COL1A1/P2RY6/NT5E/FOSB/KCNE1/SLC26A3/HCN1/MMP19/PENK/SLC8A3/SLC6A4/P2RY12/CRHBP/P2RX6/P2RX2",32
"GO:0061035","GO:0061035","regulation of cartilage development","16/2590","51/18842",0.313725490196078,2.28232265879325,3.66063062014409,0.0009477558759436,0.0138119622987514,0.0138119622987514,"PTHLH/EFEMP1/PKDCC/SCX/NKX3-2/NR5A2/GREM1/SIX2/BMP2/CCN4/WNT11/SOX5/ACVRL1/HOXA11/ZBTB16/MDK",16
"GO:0007271","GO:0007271","synaptic transmission, cholinergic","12/2590","33/18842",0.363636363636364,2.64541944541945,3.77658437660568,0.000951543424204671,0.0138215117977198,0.0138215117977198,"CHRNA1/TACR1/RIC3/CHRNA9/CHRNG/CHRNA6/CHRNA4/CHRNB4/CHRNB3/CHRND/CHRNA2/CHRNA5",12
"GO:0043010","GO:0043010","camera-type eye development","45/2590","206/18842",0.218446601941748,1.58917794354688,3.39431536094616,0.000953469340849106,0.0138215117977198,0.0138215117977198,"RD3/CNGA3/EFEMP1/GPM6A/TWIST1/SGCA/KDM5B/DLX2/RBP4/LENEP/SGCG/PTPRM/DCX/SOX12/PRSS56/CYP1A1/FBN2/CRYBA2/NES/SOX11/PLAAT1/FOS/CLDN3/FZD4/TMOD1/FBN3/TH/CLDN19/TENM3/PAX6/PROX1/ZEB2/ANGPTL7/FGF2/OPN4/ACVRL1/FOXE3/STRA6/TFAP2A/LHX1/SLC1A1/SLC17A8/LCTL/SIX3/RP1",45
"GO:0010522","GO:0010522","regulation of calcium ion transport into cytosol","8/2590","17/18842",0.470588235294118,3.42348398818987,3.99066776485889,0.00096171098866732,0.0138674157073005,0.0138674157073005,"GRIN1/CALCA/CAV1/NOS1/EPO/P2RX5/ADCYAP1R1/P2RX2",8
"GO:0033623","GO:0033623","regulation of integrin activation","8/2590","17/18842",0.470588235294118,3.42348398818987,3.99066776485889,0.00096171098866732,0.0138674157073005,0.0138674157073005,"JAM3/RASIP1/FERMT2/CXCL13/PTGER4/SELP/P2RY12/KIF14",8
"GO:0070252","GO:0070252","actin-mediated cell contraction","29/2590","117/18842",0.247863247863248,1.8031812031812,3.47891649016782,0.00096573989146881,0.0138888644917817,0.0138888644917817,"SCN7A/ATP1A2/MYH6/KCNJ8/SCN3B/CAV3/SCN3A/CAV1/SCN1A/CASQ2/GATA4/SCN4A/MYH2/SCN5A/LIMCH1/NOS1/SCN2B/MYL1/VIL1/KCNA5/CACNA1G/ZEB2/KCNE4/KCNE1/KCNH2/QKI/TNNI3/ADRB2/SCN4B",29
"GO:0007187","GO:0007187","G protein-coupled receptor signaling pathway, coupled to cyclic nucleotide second messenger","17/2590","56/18842",0.303571428571429,2.2084528405957,3.61538882580526,0.00100804975153096,0.014421444743761,0.014421444743761,"CHRM2/HRH3/HTR6/OPRD1/MC5R/GALR3/PTH1R/CNR2/AGTR2/CNR1/CALCRL/HTR1D/SSTR1/AGT/SSTR5/CCL2/LHCGR",17
"GO:0031638","GO:0031638","zymogen activation","17/2590","56/18842",0.303571428571429,2.2084528405957,3.61538882580526,0.00100804975153096,0.014421444743761,0.014421444743761,"F2/PLAU/CLEC3B/F10/FGB/F12/MASP1/HPR/KLK3/F8/HPN/THBD/MMP14/CFD/VSIR/F7/HGFAC",17
"GO:0099625","GO:0099625","ventricular cardiac muscle cell membrane repolarization","11/2590","29/18842",0.379310344827586,2.75944614565304,3.7852485293104,0.00102900817723357,0.0146828451398994,0.0146828451398994,"KCNJ8/CAV3/CASQ2/SCN5A/NOS1/SCN2B/KCNE4/KCNE1/KCNH2/SCN4B/KCNH6",11
"GO:0060562","GO:0060562","epithelial tube morphogenesis","41/2590","184/18842",0.222826086956522,1.62103827429914,3.37942788663881,0.00104505553371731,0.0148729908639717,0.0148729908639716,"PAK1/HS3ST3A1/RASIP1/NOTCH4/SOX17/IRX1/TCF21/TIE1/GDNF/GATA4/FOXH1/GREM1/LGR4/SIX2/SLIT2/EGF/SCRIB/ZIC3/MET/TBX20/FOXD1/BMP2/STIL/AGTR2/NPNT/PROX1/TGFBR2/FGF2/SIX4/WNT11/DLC1/ACVRL1/HOXA11/GRHL3/NKX2-5/KIF26B/LHX1/GPC3/AGT/MMRN2/MDK",41
"GO:0016053","GO:0016053","organic acid biosynthetic process","66/2590","331/18842",0.199395770392749,1.45058498291127,3.30159820648099,0.00105462424535631,0.0149701857165513,0.0149701857165513,"KMO/PNLIPRP3/PLA2G5/ELOVL2/GAD1/ALDH18A1/CYP1A2/ACSM2A/TRIB3/HAO1/ANGPTL4/FGFR4/PLA2G4A/NR1H4/GAD2/ACSM5/ALDH1A2/LOC102724560/CYP3A4/ABCB11/PAH/PYCR1/CBS/EDN1/PDK4/AVP/CYP1A1/CYP7A1/LPL/PTGIS/APOC1/GGTLC2/ALDH1A1/CTHRC1/GPIHBP1/CDO1/ACACB/PNLIPRP1/PYCR3/PSPH/CAMP/SLC27A2/ACMSD/CES1/GAMT/BRCA1/GIP/PROX1/BHMT2/FMO3/ACADL/EDN2/AKR1D1/MTHFD2/PLA2G10/ACSM2B/PLA2G3/OTC/ALOXE3/GGTA1/AKR1C3/NME1/SHMT2/KAT2B/KIF12/FADS6",66
"GO:0010744","GO:0010744","positive regulation of macrophage derived foam cell differentiation","9/2590","21/18842",0.428571428571429,3.11781577495863,3.87636736784504,0.00106291866699569,0.015016861156207,0.015016861156207,"PLA2G5/PLA2G2A/APOB/LPL/PF4/CD36/PLA2G10/PLA2G3/AGT",9
"GO:0051591","GO:0051591","response to cAMP","22/2590","81/18842",0.271604938271605,1.97589970923304,3.51372813655112,0.00106677232734403,0.015016861156207,0.015016861156207,"SLC5A5/CNGA3/DUSP1/AANAT/VGF/CFTR/SCX/AQP1/HCN2/FOS/PER1/PDE2A/CDO1/COL1A1/FOSB/KCNE1/SLC26A3/HCN1/MMP19/PENK/SLC8A3/CRHBP",22
"GO:0045123","GO:0045123","cellular extravasation","19/2590","66/18842",0.287878787878788,2.09429039429039,3.55509709505677,0.00107285668751905,0.015016861156207,0.015016861156207,"ITGAL/JAM3/PODXL2/ADAM8/CXCL12/SIRPA/BST1/CX3CL1/PTGER4/SELE/SELP/LYVE1/CD177/CX3CR1/JAM2/CCL25/PECAM1/CCL2/MDK",19
"GO:0046849","GO:0046849","bone remodeling","19/2590","66/18842",0.287878787878788,2.09429039429039,3.55509709505677,0.00107285668751905,0.015016861156207,0.015016861156207,"SPP1/P3H4/CALCA/CARTPT/ADAM8/DLK1/GREM1/LGR4/PTN/PDK4/RUFY4/KISS1/KISS1R/SYT7/IL6/S1PR1/LEPR/EFNA2/MDK",19
"GO:0007214","GO:0007214","gamma-aminobutyric acid signaling pathway","10/2590","25/18842",0.4,2.90996138996139,3.81476553170374,0.00107439939836723,0.015016861156207,0.015016861156207,"GABBR2/GABRQ/GABRA4/GABRA3/GABRD/GABRB1/GABRG2/GABRA5/GABRG1/GABRR3",10
"GO:0048663","GO:0048663","neuron fate commitment","10/2590","25/18842",0.4,2.90996138996139,3.81476553170374,0.00107439939836723,0.015016861156207,0.015016861156207,"PRDM12/ISL2/TBR1/ESRP1/EPOP/PAX6/POU4F1/ASCL1/NTRK3/MNX1",10
"GO:0010712","GO:0010712","regulation of collagen metabolic process","15/2590","47/18842",0.319148936170213,2.32177770475643,3.6218848273146,0.00111245560859429,0.0154424157330434,0.0154424157330434,"F2/VIM/KLF15/SCX/RGCC/FAP/MFAP4/DDR2/CYP7A1/CYGB/CBX8/SERPINB7/VSIR/IL6/UCN",15
"GO:0014015","GO:0014015","positive regulation of gliogenesis","15/2590","47/18842",0.319148936170213,2.32177770475643,3.6218848273146,0.00111245560859429,0.0154424157330434,0.0154424157330434,"SLC7A5/MAG/GFAP/PTPRZ1/IL34/EGR2/PTN/BMP2/TTBK1/CLCN2/QKI/IL6/E2F1/MIR125B1/MDK",15
"GO:0002027","GO:0002027","regulation of heart rate","26/2590","102/18842",0.254901960784314,1.85438716026951,3.45396916209982,0.00111332329347101,0.0154424157330434,0.0154424157330434,"MYH6/SCN3B/CAV3/CAV1/CARTPT/PTPN1/CASQ2/EDNRB/SCN5A/ADM2/EDN3/EDN1/SCN2B/ADRB1/KCNA5/CACNA1G/AGTR2/KCNE4/KCNE1/HCN1/NMU/EDN2/KCNH2/SLC1A1/SCN4B/KCNH6",26
"GO:0035150","GO:0035150","regulation of tube size","31/2590","129/18842",0.24031007751938,1.74823261800006,3.40414642940885,0.00114149595334655,0.0157135400126924,0.0157135400126924,"AVPR2/CALCA/GPER1/CAV1/TACR1/FGB/NPR1/EDNRB/KNG1/NTS/NOS1/KLF2/EDN3/EDN1/AVP/ADRA2A/ADRB1/AGTR2/SVEP1/EDN2/ADRA1A/HBB/SLC6A4/ADRB2/UCN/PECAM1/HTR1D/AGT/KAT2B/KCNMB2/UTS2",31
"GO:0035296","GO:0035296","regulation of tube diameter","31/2590","129/18842",0.24031007751938,1.74823261800006,3.40414642940885,0.00114149595334655,0.0157135400126924,0.0157135400126924,"AVPR2/CALCA/GPER1/CAV1/TACR1/FGB/NPR1/EDNRB/KNG1/NTS/NOS1/KLF2/EDN3/EDN1/AVP/ADRA2A/ADRB1/AGTR2/SVEP1/EDN2/ADRA1A/HBB/SLC6A4/ADRB2/UCN/PECAM1/HTR1D/AGT/KAT2B/KCNMB2/UTS2",31
"GO:0097746","GO:0097746","blood vessel diameter maintenance","31/2590","129/18842",0.24031007751938,1.74823261800006,3.40414642940885,0.00114149595334655,0.0157135400126924,0.0157135400126924,"AVPR2/CALCA/GPER1/CAV1/TACR1/FGB/NPR1/EDNRB/KNG1/NTS/NOS1/KLF2/EDN3/EDN1/AVP/ADRA2A/ADRB1/AGTR2/SVEP1/EDN2/ADRA1A/HBB/SLC6A4/ADRB2/UCN/PECAM1/HTR1D/AGT/KAT2B/KCNMB2/UTS2",31
"GO:0010389","GO:0010389","regulation of G2/M transition of mitotic cell cycle","25/2590","97/18842",0.257731958762887,1.8749751223978,3.44895318900622,0.00115936100856664,0.0159193666126047,0.0159193666126047,"BRSK1/CDC25C/AURKA/CCNB1/CDC6/CDC25A/FHL1/ORC1/CDC7/AURKB/PKMYT1/BARD1/CDK1/CLSPN/PHOX2B/BLM/DONSON/BRCA1/TICRR/DTL/PLK1/DBF4/CENPF/KIF14/CHEK1",25
"GO:0051785","GO:0051785","positive regulation of nuclear division","16/2590","52/18842",0.307692307692308,2.23843183843184,3.56992293016635,0.00119665856247463,0.0163493476098097,0.0163493476098097,"AURKA/DLGAP5/RAD51AP1/EPGN/ESPL1/UBE2C/CDC20/EGF/EDN3/SKA1/EDN1/PLK1/DMRT1/MEIOSIN/SKA3/STRA8",16
"GO:0098926","GO:0098926","postsynaptic signal transduction","16/2590","52/18842",0.307692307692308,2.23843183843184,3.56992293016635,0.00119665856247463,0.0163493476098097,0.0163493476098097,"CHRM2/CHRNA1/HRH3/PSCA/LYPD1/CHRNA9/CHRNG/CHRNA6/CHRNA4/CHRNB4/CHRNB3/CHRND/CHRNA2/PRR7/CDK5R1/CHRNA5",16
"GO:0002790","GO:0002790","peptide secretion","46/2590","214/18842",0.214953271028037,1.56376429834374,3.31108089784175,0.00120183941860609,0.0163791830989583,0.0163791830989583,"NKX6-1/PDX1/IFNG/KCNB1/GPER1/UQCC2/NPY2R/ALDOA/PTPRN/CARTPT/RIMS2/RASL10B/BMP8A/RBP4/PDE8B/RFX6/FGB/VIP/KCNK16/NR1H4/STX1A/TFR2/G6PC2/TRPA1/FFAR4/ECRG4/EDN3/EDN1/ADRA2A/BLK/KCNA5/CAMP/TRPM5/MYRIP/BRSK2/GAL/GIP/NMU/FFAR3/ABCA12/SYT7/IL6/ADCY8/CRHBP/UCN/SSTR5",46
"GO:0031644","GO:0031644","regulation of nervous system process","30/2590","124/18842",0.241935483870968,1.76005729231536,3.38981425195767,0.00121196903525634,0.0164761462131241,0.0164761462131241,"GRIN1/TPPP/NPY2R/RIMS1/GRIN2D/CARTPT/RIMS2/MAG/GRIN2A/MAPK8IP2/STX1A/EGR2/SLC8A2/TRPA1/GRIN2C/AVP/CHRNB4/SHANK3/CBLN1/PNOC/CHRNA2/NMU/QKI/SLC8A3/TMEM100/NRXN1/ADRB2/S100B/JAM2/NTSR1",30
"GO:0086001","GO:0086001","cardiac muscle cell action potential","23/2590","87/18842",0.264367816091954,1.92325034394,3.44563301598628,0.00124009824594211,0.0168154882755088,0.0168154882755088,"SCN7A/ATP1A2/KCNJ8/SCN3B/CAV3/SCN3A/CAV1/TBX18/SCN1A/CASQ2/SCN4A/SCN5A/NOS1/SCN2B/HCN2/KCNA5/CACNA1G/KCNE4/KCNE1/HCN1/KCNH2/SCN4B/KCNH6",23
"GO:0046394","GO:0046394","carboxylic acid biosynthetic process","65/2590","327/18842",0.198776758409786,1.4460817304854,3.24844041437329,0.00124308458614923,0.0168154882755088,0.0168154882755088,"KMO/PNLIPRP3/PLA2G5/ELOVL2/GAD1/ALDH18A1/CYP1A2/ACSM2A/TRIB3/HAO1/ANGPTL4/FGFR4/PLA2G4A/NR1H4/GAD2/ACSM5/ALDH1A2/LOC102724560/CYP3A4/ABCB11/PAH/PYCR1/CBS/EDN1/PDK4/AVP/CYP1A1/CYP7A1/LPL/PTGIS/APOC1/GGTLC2/ALDH1A1/CTHRC1/GPIHBP1/CDO1/ACACB/PNLIPRP1/PYCR3/PSPH/CAMP/SLC27A2/ACMSD/CES1/GAMT/BRCA1/GIP/PROX1/BHMT2/ACADL/EDN2/AKR1D1/MTHFD2/PLA2G10/ACSM2B/PLA2G3/OTC/ALOXE3/GGTA1/AKR1C3/NME1/SHMT2/KAT2B/KIF12/FADS6",65
"GO:0044331","GO:0044331","cell-cell adhesion mediated by cadherin","17/2590","57/18842",0.298245614035088,2.16970805391858,3.53067512942388,0.00125513305735313,0.0169365485393453,0.0169365485393453,"FAT4/NOTCH4/CDH2/CDHR2/PPM1F/CDH13/CDH15/RGCC/FOXA1/CDH18/CDH12/CDH7/CDH5/CELSR3/EPCAM/FAT2/CDH20",17
"GO:0086002","GO:0086002","cardiac muscle cell action potential involved in contraction","18/2590","62/18842",0.290322580645161,2.11206875077843,3.50129044015436,0.00129098757029346,0.0173242087176839,0.0173242087176839,"SCN7A/KCNJ8/SCN3B/CAV3/SCN3A/CAV1/SCN1A/CASQ2/SCN4A/SCN5A/NOS1/SCN2B/KCNA5/CACNA1G/KCNE4/KCNE1/KCNH2/SCN4B",18
"GO:0015671","GO:0015671","oxygen transport","7/2590","14/18842",0.5,3.63745173745174,3.94089527642794,0.00129971190745661,0.0173242087176839,0.0173242087176839,"NGB/HBA2/HBA1/CYGB/MB/HBB/HBM",7
"GO:0034374","GO:0034374","low-density lipoprotein particle remodeling","7/2590","14/18842",0.5,3.63745173745174,3.94089527642794,0.00129971190745661,0.0173242087176839,0.0173242087176839,"PLA2G5/PLA2G2A/APOB/CETP/PLA2G10/PLA2G3/AGT",7
"GO:0045916","GO:0045916","negative regulation of complement activation","7/2590","14/18842",0.5,3.63745173745174,3.94089527642794,0.00129971190745661,0.0173242087176839,0.0173242087176839,"SUSD4/C4BPA/VSIG4/A2M/MASP1/CR2/SERPING1",7
"GO:0048665","GO:0048665","neuron fate specification","7/2590","14/18842",0.5,3.63745173745174,3.94089527642794,0.00129971190745661,0.0173242087176839,0.0173242087176839,"PRDM12/ISL2/ESRP1/POU4F1/ASCL1/NTRK3/MNX1",7
"GO:0050818","GO:0050818","regulation of coagulation","20/2590","72/18842",0.277777777777778,2.02080652080652,3.46438378734016,0.00130792368063459,0.0173912479675621,0.0173912479675621,"EMILIN2/F2/PROS1/CAV1/PLAU/ADAMTS18/FGB/F12/HS3ST5/EPHB2/KNG1/FAP/EDN1/PF4/SERPING1/THBD/ANGPT1/CD36/PROC/F7",20
"GO:0048667","GO:0048667","cell morphogenesis involved in neuron differentiation","87/2590","463/18842",0.187904967602592,1.36699050176372,3.19177913126313,0.00132582209808111,0.0175490759204799,0.0175490759204799,"BRSK1/SPP1/FAT4/PAK1/SLITRK3/VIM/ROBO2/SEMA3A/CDH2/CNTN6/HMCN2/SEMA3D/CDK5R2/ISL2/MAG/ROBO4/CDHR2/DPYSL5/KIF1A/CXCL12/MAPK8IP2/GDNF/ADGRB3/NELL2/ZDHHC15/EPHB2/KCTD12/NEFH/EPHA10/SLIT2/TNR/PTN/PTPRM/NEXN/TENM1/EDN3/EDN1/NTRK2/PHOX2B/SEMA7A/LIMK1/SEMA6A/SEMA6D/NGEF/EFNA3/EPHA8/ACTL8/FZD4/MYPN/BRSK2/SHANK3/ARC/NOVA2/CELSR3/SLIT3/KIFC2/TENM3/TUBB2B/SEMA3G/EPHB1/SEMA5A/TRIM46/EDN2/IGSF9/PLA2G10/RAC3/POU4F1/SULT4A1/LRP8/SRCIN1/FEZ1/LHX9/IGF2BP1/CDK5R1/TUBB3/PAK3/NRXN1/RET/S100B/LHX1/EFNA4/NFASC/APLP1/NTNG1/FGF8/SLITRK2/EFNA2",87
"GO:0009636","GO:0009636","response to toxic substance","53/2590","256/18842",0.20703125,1.50613236003861,3.25491439838683,0.00132621561851019,0.0175490759204799,0.0175490759204799,"AKR7L/SLC19A1/SLC67A1/CCNB1/GSR/RAD51/KDM5B/FBLN5/ADH4/MUC2/OPRD1/UGT1A10/CDH13/SLC11A1/UGT1A7/CDK1/HBA2/SOD3/TRPA1/NEFL/EDN1/CYP1A1/SCN2B/MT1X/GABRB1/AKR7A3/SLC7A11/FOS/ALDH1A1/CERS1/MT1M/MT1H/ABCB1/HBA1/CES1/CYGB/TTPA/MB/ALDH2/CD36/HBB/GPX3/PENK/INMT/ABCG2/SLC29A4/SLC6A4/DHRS2/SRXN1/TPO/CAT/ALB/LPO",53
"GO:0007200","GO:0007200","phospholipase C-activating G protein-coupled receptor signaling pathway","36/2590","158/18842",0.227848101265823,1.65757294364889,3.31349255926405,0.00135118311442404,0.0178362698558633,0.0178362698558633,"CHRM2/CALCA/F2/OXGR1/TACR1/MCHR1/OPRD1/GPR143/CCR3/EDNRB/PLCH2/FFAR4/SELE/PTH1R/NMUR1/ADRA2A/NMBR/CXCR2/KISS1/P2RY6/GALR2/MCHR2/DGKI/OPN4/CCKAR/KISS1R/ADRA1A/ACTN2/CX3CR1/P2RY12/S1PR1/CCKBR/NRXN1/GNG13/AGT/LHCGR",36
"GO:0140115","GO:0140115","export across plasma membrane","25/2590","98/18842",0.255102040816327,1.85584272318966,3.39097284910677,0.00135674457262937,0.017866527926312,0.017866527926312,"ATP1A2/KCNB1/SLC67A1/ATP1A3/ATP4B/FXYD4/ATP2B3/SLC30A2/SLC8A2/SLC24A4/KCNK5/KCNIP1/KCNA5/FXYD1/ABCB1/KCNE4/KCNE1/KCNH2/FXYD6/ATP1B2/ABCG2/SLC29A4/SLC8A3/ATP4A/KCNT2",25
"GO:1990266","GO:1990266","neutrophil migration","24/2590","93/18842",0.258064516129032,1.87739444513638,3.38606858295886,0.0014126918739607,0.0185477097150161,0.0185477097150161,"JAM3/CXCL9/ADAM8/CXCL13/DPP4/BST1/SLIT2/EDN3/EDN1/CCL19/CXCR2/PF4/DPEP1/CD177/EDN2/RAC3/IL23A/GP2/CXCL3/PECAM1/S100A12/PPBP/SAA1/MDK",24
"GO:0033555","GO:0033555","multicellular organismal response to stress","15/2590","48/18842",0.3125,2.27340733590734,3.5263612850813,0.00141525982637909,0.0185477097150161,0.0185477097150161,"ATP1A2/SCN3A/TACR1/MAPK8IP2/EDNRB/EPHB2/NOS1/AVP/PNOC/ADCYAP1R1/PENK/RET/UCN/NTSR1/MDK",15
"GO:0051281","GO:0051281","positive regulation of release of sequestered calcium ion into cytosol","11/2590","30/18842",0.366666666666667,2.66746460746461,3.64878452178253,0.00142494279453167,0.0186299339045827,0.0186299339045827,"IL13/CAPN3/F2/GPER1/SNCA/CXCL9/CX3CL1/CEMIP/P2RY6/NTSR1/CD19",11
"GO:0030072","GO:0030072","peptide hormone secretion","45/2590","210/18842",0.214285714285714,1.55890788747932,3.25138649985778,0.0014412920976454,0.0187987143523439,0.0187987143523439,"NKX6-1/PDX1/IFNG/KCNB1/GPER1/UQCC2/ALDOA/PTPRN/CARTPT/RIMS2/RASL10B/BMP8A/RBP4/PDE8B/RFX6/FGB/VIP/KCNK16/NR1H4/STX1A/TFR2/G6PC2/TRPA1/FFAR4/ECRG4/EDN3/EDN1/ADRA2A/BLK/KCNA5/CAMP/TRPM5/MYRIP/BRSK2/GAL/GIP/NMU/FFAR3/ABCA12/SYT7/IL6/ADCY8/CRHBP/UCN/SSTR5",45
"GO:0006958","GO:0006958","complement activation, classical pathway","13/2590","39/18842",0.333333333333333,2.42496782496783,3.55608586443727,0.00150152646497891,0.0194451235334354,0.0194451235334354,"IGHA1/IGHG1/SUSD4/C4BPA/C6/IGHG3/IGHE/C7/IGHA2/CR2/IGHG2/IGHG4/C8G",13
"GO:0032330","GO:0032330","regulation of chondrocyte differentiation","13/2590","39/18842",0.333333333333333,2.42496782496783,3.55608586443727,0.00150152646497891,0.0194451235334354,0.0194451235334354,"PTHLH/EFEMP1/PKDCC/NKX3-2/NR5A2/GREM1/SIX2/CCN4/SOX5/ACVRL1/HOXA11/ZBTB16/MDK",13
"GO:0050432","GO:0050432","catecholamine secretion","13/2590","39/18842",0.333333333333333,2.42496782496783,3.55608586443727,0.00150152646497891,0.0194451235334354,0.0194451235334354,"KCNB1/SNCA/CARTPT/CXCL12/GDNF/VIP/STX1A/ADRA2A/CHRNA6/CHRNA4/PNOC/FFAR3/SYT1",13
"GO:0060541","GO:0060541","respiratory system development","22/2590","83/18842",0.265060240963855,1.9282876680467,3.38349263551477,0.00150961175429579,0.0195036128539634,0.0195036128539634,"IL13/EPAS1/COL3A1/PKDCC/TCF21/WFDC2/RBP4/ABCA3/RCN3/ZIC3/MME/CLDN18/BASP1/PHOX2B/BMP2/SOX11/PROX1/SIX4/WNT11/CLCN2/STRA6/ASCL1",22
"GO:0051177","GO:0051177","meiotic sister chromatid cohesion","8/2590","18/18842",0.444444444444444,3.23329043329043,3.78419886409998,0.00152363873206036,0.0195462104946241,0.0195462104946241,"BUB1/SGO1/SMC1B/SGO2/BUB1B/HORMAD2/RAD21L1/HORMAD1",8
"GO:0055093","GO:0055093","response to hyperoxia","8/2590","18/18842",0.444444444444444,3.23329043329043,3.78419886409998,0.00152363873206036,0.0195462104946241,0.0195462104946241,"SLC7A5/CAV1/EPO/CYP1A1/KCNA5/POLB/COL1A1/CAT",8
"GO:0110110","GO:0110110","positive regulation of animal organ morphogenesis","8/2590","18/18842",0.444444444444444,3.23329043329043,3.78419886409998,0.00152363873206036,0.0195462104946241,0.0195462104946241,"ROBO2/GDNF/GATA5/EDN1/BMP2/DKK1/SIX4/CD34",8
"GO:0007143","GO:0007143","female meiotic nuclear division","10/2590","26/18842",0.384615384615385,2.7980397980398,3.66244213724569,0.001532751787772,0.0195712348602195,0.0195712348602195,"DCAF13/HSF2BP/TOP2A/SKA1/NDC80/NCAPH/RBM46/SKA3/SPIRE2/TUBB8",10
"GO:0045987","GO:0045987","positive regulation of smooth muscle contraction","10/2590","26/18842",0.384615384615385,2.7980397980398,3.66244213724569,0.001532751787772,0.0195712348602195,0.0195712348602195,"GPER1/PROK2/TACR1/MYOCD/EDN3/EDN1/NPNT/NMU/EDN2/ADRA1A",10
"GO:0010639","GO:0010639","negative regulation of organelle organization","68/2590","348/18842",0.195402298850575,1.42153286291217,3.16850271371513,0.00154604519311418,0.0196646424046779,0.0196646424046779,"TTK/CAV3/CKAP2/DUSP1/BUB1/SNCA/SPTBN1/CCNB1/CCNF/KNTC1/SPC25/INCENP/GAS2L2/NUF2/AURKB/ESPL1/FBXO43/CDC20/SLIT2/SPTB/HASPIN/SKA1/PHLDB2/SPEF1/CDH5/BUB1B/VIL1/PPARG/TMOD1/TFRC/CARMIL2/PIK3R1/KANK2/SHANK3/GEN1/LMOD1/SPC24/BRCA1/MAD2L1/BIRC5/RHPN1/NDC80/KANK3/ZWINT/ZWILCH/PLK1/DLC1/DMRT1/PIF1/TPX2/CDCA8/CRACD/CAPZA3/MYOC/HORMAD2/FEZ1/S1PR1/ARHGAP6/TUBB4A/PLEKHH2/KNL1/FKBP4/CENPF/SKA3/TRIP13/KAT2B/HORMAD1/CHEK1",68
"GO:0043410","GO:0043410","positive regulation of MAPK cascade","81/2590","428/18842",0.189252336448598,1.37679248006351,3.14773738243191,0.00154726372077063,0.0196646424046779,0.0196646424046779,"IL13/GPBAR1/GPER1/PLA2G5/FGF5/SEMA3A/PLA2G2A/CARTPT/EPGN/FERMT2/ADAM8/IL11/CALCR/TEK/PTPN1/PDE8B/MAPK8IP2/GRM4/FGB/SOX2/FGFR4/ALKAL1/UNC5CL/IL27/MC5R/CX3CL1/DAB2IP/IL34/EGF/FFAR4/TENM1/THPO/EDN3/EPO/MIR126/EDN1/S100A7/GPR37L1/AKAP12/DDR2/NTRK2/SEMA7A/BMP2/CCL19/ADRA2A/CD27/GHR/ADRB1/EPHA8/MARCO/P2RY6/NPNT/TRAF2/DKK1/MST1R/FGF21/FGF2/RASGRF1/NRG1/ANGPT1/EZH2/ADRA1A/CD36/FLT4/MYOC/GDF15/TRAF4/IL6/INAVA/CAV2/NRXN1/RET/ADRB2/PECAM1/ALKAL2/S100A12/BMPER/MTURN/FGF8/NTRK3/SASH1",81
"GO:2000177","GO:2000177","regulation of neural precursor cell proliferation","17/2590","58/18842",0.293103448275862,2.13229929436826,3.4477013876614,0.00155158875251387,0.0196738573839636,0.0196738573839636,"PTPRZ1/CX3CL1/WDR62/PTN/GDPD2/NES/LHX2/PROX1/INSM1/DISP3/CNTFR/CX3CR1/SLC6A4/SIX3/SHCBP1/NTRK3/MDK",17
"GO:0030324","GO:0030324","lung development","19/2590","68/18842",0.279411764705882,2.03269361798774,3.40561847130008,0.00158444802164845,0.0200440010146036,0.0200440010146036,"IL13/EPAS1/COL3A1/PKDCC/TCF21/WFDC2/RBP4/ABCA3/RCN3/ZIC3/MME/CLDN18/BMP2/SOX11/PROX1/WNT11/CLCN2/STRA6/ASCL1",19
"GO:0021681","GO:0021681","cerebellar granular layer development","6/2590","11/18842",0.545454545454545,3.96812916812917,3.93089006135749,0.00166527916796575,0.0205596021978703,0.0205596021978703,"CBLN1/CEND1/PROX1/NRXN1/KIF14/MDK",6
"GO:0033313","GO:0033313","meiotic cell cycle checkpoint signaling","6/2590","11/18842",0.545454545454545,3.96812916812917,3.93089006135749,0.00166527916796575,0.0205596021978703,0.0205596021978703,"TTK/ZWINT/HORMAD2/KNL1/TRIP13/HORMAD1",6
"GO:0033605","GO:0033605","positive regulation of catecholamine secretion","6/2590","11/18842",0.545454545454545,3.96812916812917,3.93089006135749,0.00166527916796575,0.0205596021978703,0.0205596021978703,"KCNB1/CARTPT/CXCL12/GDNF/STX1A/SYT1",6
"GO:0034080","GO:0034080","CENP-A containing chromatin assembly","6/2590","11/18842",0.545454545454545,3.96812916812917,3.93089006135749,0.00166527916796575,0.0205596021978703,0.0205596021978703,"MIS18A/CENPA/HJURP/OIP5/CENPW/CENPI",6
"GO:0048251","GO:0048251","elastic fiber assembly","6/2590","11/18842",0.545454545454545,3.96812916812917,3.93089006135749,0.00166527916796575,0.0205596021978703,0.0205596021978703,"COL3A1/FBLN5/MFAP4/LTBP4/MYH11/TNXB",6
"GO:0048484","GO:0048484","enteric nervous system development","6/2590","11/18842",0.545454545454545,3.96812916812917,3.93089006135749,0.00166527916796575,0.0205596021978703,0.0205596021978703,"GFAP/GDNF/EDNRB/PHOX2B/KIF26A/SLC6A4",6
"GO:0051987","GO:0051987","positive regulation of attachment of spindle microtubules to kinetochore","6/2590","11/18842",0.545454545454545,3.96812916812917,3.93089006135749,0.00166527916796575,0.0205596021978703,0.0205596021978703,"CCNB1/INCENP/AURKB/BIRC5/CDCA8/KAT2B",6
"GO:0071492","GO:0071492","cellular response to UV-A","6/2590","11/18842",0.545454545454545,3.96812916812917,3.93089006135749,0.00166527916796575,0.0205596021978703,0.0205596021978703,"MMP3/MMP1/TIMP1/MME/MMP9/CERS1",6
"GO:0086015","GO:0086015","SA node cell action potential","6/2590","11/18842",0.545454545454545,3.96812916812917,3.93089006135749,0.00166527916796575,0.0205596021978703,0.0205596021978703,"SCN3B/TBX18/SCN5A/KCNA5/CACNA1G/HCN1",6
"GO:0086018","GO:0086018","SA node cell to atrial cardiac muscle cell signaling","6/2590","11/18842",0.545454545454545,3.96812916812917,3.93089006135749,0.00166527916796575,0.0205596021978703,0.0205596021978703,"SCN3B/TBX18/SCN5A/KCNA5/CACNA1G/HCN1",6
"GO:0007160","GO:0007160","cell-matrix adhesion","48/2590","229/18842",0.209606986899563,1.52487059735968,3.19014370722302,0.001666588064713,0.0205596021978703,0.0205596021978703,"ITGAL/CDKN2A/COL3A1/COL17A1/PLAU/FERMT2/GFUS/TEK/FBLN5/PPM1F/CDH13/FGB/UTRN/THSD1/GREM1/FREM3/BST1/CX3CL1/CEACAM6/LIMCH1/ITGA11/PLPP3/MSLN/GDPD2/PHLDB2/LYVE1/RHOD/ECM2/COL13A1/NPNT/FAM107A/APOD/FREM2/DLC1/SVEP1/MMP14/ACVRL1/CD36/ACTN2/GPM6B/MMP12/MYOC/SORBS1/ARHGAP6/CORO2B/CCL25/MSLNL/CD34",48
"GO:1905332","GO:1905332","positive regulation of morphogenesis of an epithelium","12/2590","35/18842",0.342857142857143,2.49425261996691,3.53221179054583,0.00171850691250769,0.021104809610909,0.021104809610909,"GDNF/GREM1/LGR4/EGF/AGTR2/FGF2/SIX4/LBX2/LHX1/AGT/MMRN2/MDK",12
"GO:1990806","GO:1990806","ligand-gated ion channel signaling pathway","12/2590","35/18842",0.342857142857143,2.49425261996691,3.53221179054583,0.00171850691250769,0.021104809610909,0.021104809610909,"GRIN1/GRIK4/GRIN2D/GRIN2A/GRIN2C/GRIA4/GRIA2/HTR3C/HTR3A/CDK5R1/NRXN1/ADRB2",12
"GO:0071674","GO:0071674","mononuclear cell migration","45/2590","212/18842",0.212264150943396,1.54420120929555,3.18104238303725,0.00175861969856915,0.021549005947714,0.021549005947714,"ITGAL/P4HB/CALCA/DUSP1/JAM3/DSG4/CCL20/ADAM8/CXCL13/CTSG/CXCL12/RARRES2/EDNRB/GREM1/SIRPA/CX3CL1/IL34/SLIT2/S100A7/TRPM2/CCL19/CCL23/ASCL2/GCSAML/CXCR2/PF4/NEDD9/ICAM2/APOD/CCL1/MMP14/EDN2/ARTN/CX3CR1/IL6/P2RY12/S1PR1/RET/JAM2/PECAM1/S100A12/CCL7/SAA1/CCL2/MDK",45
"GO:0098815","GO:0098815","modulation of excitatory postsynaptic potential","15/2590","49/18842",0.306122448979592,2.22701126782759,3.43318324265092,0.00178417718610603,0.0217645721474764,0.0217645721474764,"GRIN1/RIMS1/GRIN2D/RIMS2/GRIN2A/MAPK8IP2/STX1A/SLC8A2/GRIN2C/SHANK3/CBLN1/PNOC/SLC8A3/NRXN1/ADRB2",15
"GO:1905144","GO:1905144","response to acetylcholine","15/2590","49/18842",0.306122448979592,2.22701126782759,3.43318324265092,0.00178417718610603,0.0217645721474764,0.0217645721474764,"CHRM2/CHRNA1/HRH3/PSCA/LYPD1/CHRNA9/CHRNG/CHRNA6/CHRNA4/CHRNB4/CHRNB3/CHRND/CHRNA2/CDK5R1/CHRNA5",15
"GO:0044703","GO:0044703","multi-organism reproductive process","35/2590","155/18842",0.225806451612903,1.64272013949433,3.20749815276639,0.00183942525356668,0.0223390407385914,0.0223390407385914,"SPP1/PTHLH/CALCA/SLC19A1/PTGFR/TACR1/DCAF13/PSG3/TIMP1/PRLR/CLIC5/PTN/EDN1/SLC2A1/CYP1A1/FBN2/ADRA2A/EPYC/FBLN1/FOS/NDP/PNOC/FOSB/CYP27B1/MAFF/PSG9/AGRP/ENDOU/TPPP3/PSG4/CRHBP/SCGB1A1/UCN/PSG1/PZP",35
"GO:0061351","GO:0061351","neural precursor cell proliferation","25/2590","100/18842",0.25,1.81872586872587,3.2770192756608,0.00183944525752353,0.0223390407385914,0.0223390407385914,"DIXDC1/PTPRZ1/CX3CL1/WDR62/PTN/GDPD2/NES/LHX2/PROX1/INSM1/RACGAP1/EPHB1/SOX5/DISP3/ARTN/CNTFR/CX3CR1/SLC6A4/MELK/SIX3/KCNA1/SHCBP1/KIF14/NTRK3/MDK",25
"GO:0042572","GO:0042572","retinol metabolic process","16/2590","54/18842",0.296296296296296,2.15552695552696,3.39457286325328,0.00186192205824616,0.022561871504025,0.022561871504025,"HSD17B6/CYP1A2/ADH6/ADH4/RBP4/ALDH1A2/CYP3A4/CYP1A1/ADH1C/ALDH1A1/CEL/CES1/CYP2C18/ADH1B/AKR1C3/ADH1A",16
"GO:0031640","GO:0031640","killing of cells of another organism","27/2590","111/18842",0.243243243243243,1.76957111551706,3.24622199731207,0.00190641480228095,0.022999021842087,0.022999021842087,"F2/PLA2G2A/CXCL9/PGLYRP4/CCL20/RNASE7/C6/CXCL13/CTSG/CXCL12/KNG1/NTS/C7/CCL19/PF4/CXCL2/CCL1/LYZ/H2BC11/KRT6A/CXCL3/C8G/CCL25/S100A12/H2BC12/PPBP/PGLYRP3",27
"GO:0141061","GO:0141061","disruption of cell in another organism","27/2590","111/18842",0.243243243243243,1.76957111551706,3.24622199731207,0.00190641480228095,0.022999021842087,0.022999021842087,"F2/PLA2G2A/CXCL9/PGLYRP4/CCL20/RNASE7/C6/CXCL13/CTSG/CXCL12/KNG1/NTS/C7/CCL19/PF4/CXCL2/CCL1/LYZ/H2BC11/KRT6A/CXCL3/C8G/CCL25/S100A12/H2BC12/PPBP/PGLYRP3",27
"GO:0042060","GO:0042060","wound healing","75/2590","394/18842",0.190355329949239,1.38481665131411,3.08159649845345,0.00192448622353232,0.0231543828816914,0.0231543828816914,"EMILIN2/PAK1/F2/COL3A1/TLR4/PROS1/CAV1/PLAU/PEAR1/MYLK/FERMT2/ANGPT4/ADAMTS18/HBEGF/CTSG/F10/NDNF/MIR221/FGB/SLC11A1/F12/ANGPTL4/GATA4/PLA2G4A/MMRN1/EPHB2/KNG1/FAP/ARHGAP24/PRSS56/F13B/EDN1/DDR2/TFPI2/AHNAK/PHLDB2/F8/ADRA2A/SELP/FBLN1/CLDN3/CCN4/F2RL2/VIL1/PPARG/PF4/CARMIL2/PRRG3/TRIM72/SERPING1/ANGPTL7/DGKI/THBD/FGF2/NRG1/ANGPT1/SVEP1/ACVRL1/CD36/HBB/PROC/MMP12/F7/SYT7/IL6/SLC6A4/P2RY12/KRT6A/MYL9/VWF/ANGPTL1/CD34/HGFAC/COL5A1/SAA1",75
"GO:0006821","GO:0006821","chloride transport","29/2590","122/18842",0.237704918032787,1.72928033419837,3.22604146860236,0.00193200340238816,0.0231543828816914,0.0231543828816914,"CLIC6/CFTR/GABRQ/GABRA4/CLIC5/GABRA3/NMUR1/GABRD/GABRB1/P2RX5/GABRG2/SLC1A4/FXYD1/ABCB1/SLC4A1/KCNK1/CLIC3/ANO9/GLRA3/SLC26A3/CLCN2/GABRA5/GABRG1/TTYH3/GABRR3/SLC1A1/SLC17A8/SLC1A7/GABRE",29
"GO:0007586","GO:0007586","digestion","29/2590","122/18842",0.237704918032787,1.72928033419837,3.22604146860236,0.00193200340238816,0.0231543828816914,0.0231543828816914,"SI/TLR4/TFF3/CTRB1/CLPSL2/MUC2/RBP4/AQP1/SST/ADRA2A/AKR1C1/CEL/VIL1/AKR1C2/TFF1/MUC13/PRSS1/NMU/AKR1D1/CLPSL1/CD36/PRSS2/CRACD/INAVA/VSIG1/CLPS/CLDN2/ABCG8/MDK",29
"GO:0010765","GO:0010765","positive regulation of sodium ion transport","11/2590","31/18842",0.354838709677419,2.58141736206252,3.51778957651158,0.00193742471904263,0.0231685472419431,0.0231685472419431,"SCN3B/FXYD4/SCN5A/NOS1/SCN2B/FXYD1/TESC/FXYD6/ATP1B2/NKX2-5/SCN4B",11
"GO:0044060","GO:0044060","regulation of endocrine process","13/2590","40/18842",0.325,2.36434362934363,3.44826146479624,0.00194828444483299,0.0231968943159309,0.0231968943159309,"SPP1/ECRG4/RETN/KISS1/GAL/KISS1R/CRHBP/KCNK9/UCN/INHA/CRY2/AGT/PDE1C",13
"GO:0048704","GO:0048704","embryonic skeletal system morphogenesis","13/2590","40/18842",0.325,2.36434362934363,3.44826146479624,0.00194828444483299,0.0231968943159309,0.0231968943159309,"HOXA4/TWIST1/HOXD4/HOXC4/COL2A1/HOXB9/ALX1/SOX11/TGFBR2/HOXA11/HOXC11/TFAP2A/LHX1",13
"GO:0002687","GO:0002687","positive regulation of leukocyte migration","32/2590","139/18842",0.23021582733813,1.67479792227994,3.18767436513122,0.00203190955228282,0.0240876045623115,0.0240876045623115,"TNFRSF18/P4HB/JAM3/CCL20/ADAM8/CXCL13/TACR1/CXCL12/RARRES2/CX3CL1/IL34/PTN/EDN3/EDN1/S100A7/CCL19/ASCL2/LYVE1/NEDD9/CCL1/MMP14/EDN2/IL23A/CX3CR1/F7/IL6/P2RY12/VEGFD/JAM2/CCL7/CCL2/MDK",32
"GO:0030856","GO:0030856","regulation of epithelial cell differentiation","32/2590","139/18842",0.23021582733813,1.67479792227994,3.18767436513122,0.00203190955228282,0.0240876045623115,0.0240876045623115,"IL13/ZFP36/NKX6-1/IFNG/NOTCH4/CAV1/WFDC2/GDNF/ZEB1/KRT36/ESRP1/DSPP/ATOH8/CLDN5/ZBED2/BMP2/APOLD1/MMP9/CDH5/ZEB2/FGF2/CYP27B1/MAFF/ACVRL1/PROC/ABCA12/TMEM100/FOXE3/LHX1/CD24/IL20/MIR125B1",32
"GO:0008037","GO:0008037","cell recognition","30/2590","128/18842",0.234375,1.7050555019305,3.195166014974,0.00206010662115541,0.0243690101398578,0.0243690101398578,"CFB/ZPBP/SPACA4/ROBO2/PLA2G5/CNTN6/ALDOA/C4BPA/PRSS55/ROBO4/FUT3/EPHB2/MASP1/SFTPA1/NEXN/CLEC4M/COLEC10/CCL19/CNTNAP2/CRTAC1/ZAN/ADAM18/MYPN/NEDD9/SEMA5A/IGSF9/VCAN/CDK5R1/PECAM1/CFP",30
"GO:0033273","GO:0033273","response to vitamin","22/2590","85/18842",0.258823529411765,1.88291619350443,3.25683461985176,0.00210068851241636,0.02479538384526,0.02479538384526,"SPP1/PDX1/KL/GATA4/ALDH1A2/POSTN/EPO/CYP1A1/SLC34A1/KANK2/COL1A1/BCHE/CYP27B1/ALPL/PENK/F7/OTC/SHMT2/ASCL1/CYP26B1/CAT/MIR125B1",22
"GO:0000212","GO:0000212","meiotic spindle organization","7/2590","15/18842",0.466666666666667,3.39495495495496,3.7042549312788,0.0021491884513072,0.0251505672085522,0.0251505672085522,"AURKA/DCAF13/SKA1/TUBG1/NDC80/SKA3/TUBB8",7
"GO:0034501","GO:0034501","protein localization to kinetochore","7/2590","15/18842",0.466666666666667,3.39495495495496,3.7042549312788,0.0021491884513072,0.0251505672085522,0.0251505672085522,"TTK/KNTC1/AURKB/CDK1/MTBP/ZWILCH/KNL1",7
"GO:0051299","GO:0051299","centrosome separation","7/2590","15/18842",0.466666666666667,3.39495495495496,3.7042549312788,0.0021491884513072,0.0251505672085522,0.0251505672085522,"KIF15/AURKA/KIF11/KIF25/NEK2/CEP85/CHEK1",7
"GO:0090235","GO:0090235","regulation of metaphase plate congression","7/2590","15/18842",0.466666666666667,3.39495495495496,3.7042549312788,0.0021491884513072,0.0251505672085522,0.0251505672085522,"INCENP/AURKB/CDK1/BIRC5/SPAG5/CDCA8/KAT2B",7
"GO:0043434","GO:0043434","response to peptide hormone","80/2590","427/18842",0.187353629976581,1.36297957375241,3.02871711856335,0.0021961490278766,0.0256452017892,0.0256452017892,"NKX6-1/PAK1/COL3A1/KL/GPER1/PLA2G2A/CAV1/KLF15/EGR1/CARTPT/AANAT/CDC6/NR4A1/PTPN1/TRIB3/CXCL12/PID1/TIMP1/NR4A3/PCSK9/RARRES2/NR1H4/EDNRB/TNS2/GRB14/CCNA2/KLF2/FOXE1/NEFL/SLC24A4/EDN1/PDK4/DDR2/SLC2A1/ERFE/KLF4/FOS/AHSG/GLP2R/GHR/TRARG1/CDO1/PPARG/SLC34A1/RETN/PIK3R1/DNAI1/COL1A1/AGTR2/TFF1/GAL/IGFBP1/CAMK2A/CPEB1/FFAR3/ADCY4/ALPL/AGRP/ACTN2/F7/OTC/SORBS1/GDF15/TGFBR3/ADCY8/G6PC1/GCGR/CAV2/CRHBP/REG1A/SOCS2/CAT/CA3/MZB1/CRY2/PRLH/AGT/PCK1/KAT2B/LHCGR",80
"GO:0072330","GO:0072330","monocarboxylic acid biosynthetic process","48/2590","232/18842",0.206896551724138,1.50515244308348,3.09059226690187,0.00220321600325312,0.0256728687799111,0.0256728687799111,"KMO/PNLIPRP3/ELOVL2/CYP1A2/ACSM2A/TRIB3/ANGPTL4/FGFR4/PLA2G4A/NR1H4/ACSM5/ALDH1A2/CYP3A4/ABCB11/EDN1/PDK4/AVP/CYP1A1/CYP7A1/LPL/PTGIS/APOC1/ALDH1A1/CTHRC1/GPIHBP1/ACACB/PNLIPRP1/SLC27A2/ACMSD/CES1/GAMT/BRCA1/GIP/PROX1/ACADL/EDN2/AKR1D1/MTHFD2/PLA2G10/ACSM2B/PLA2G3/ALOXE3/AKR1C3/NME1/SHMT2/KAT2B/KIF12/FADS6",48
"GO:0060537","GO:0060537","muscle tissue development","59/2590","298/18842",0.197986577181208,1.44033323831982,3.05869618854493,0.00222830101091323,0.0258733901089774,0.0258733901089774,"MYH6/PAK1/CAV3/COL3A1/CHRNA1/UQCC2/TWIST1/CAV1/CCNB1/TBX18/MYLK/FER1L6/TCF21/RBP4/MYL3/GATA4/JPH2/FOXH1/SCN5A/GREM1/CDK1/CFL2/EGR2/MYOCD/SGCG/ZIC3/GATA5/EDN1/TBX20/BMP2/MYH11/RCAN1/CACNA1G/DKK1/NPHS1/PROX1/CHRND/SRPK3/FGF2/SIX4/PAX7/NRG1/EPHB1/MIR222/NEURL1/ACTN2/TNNI3/POU4F1/ANKRD1/TGFBR3/S1PR1/CAV2/STRA6/NKX2-5/S100B/CYP26B1/RBM24/FGF8/PGM5",59
"GO:0043114","GO:0043114","regulation of vascular permeability","15/2590","50/18842",0.3,2.18247104247104,3.34223870583144,0.00222989327380208,0.0258733901089774,0.0258733901089774,"FERMT2/TEK/TACR1/C2CD4A/NPR1/SLIT2/CLDN5/AKAP12/PDE2A/CDH5/SH3GL2/ZEB2/ANGPT1/ZG16B/UCN",15
"GO:0060307","GO:0060307","regulation of ventricular cardiac muscle cell membrane repolarization","9/2590","23/18842",0.391304347826087,2.84670135974484,3.53761662206513,0.00228357833007363,0.0263067539527121,0.0263067539527121,"CAV3/CASQ2/SCN5A/NOS1/KCNE4/KCNE1/KCNH2/SCN4B/KCNH6",9
"GO:0061448","GO:0061448","connective tissue development","43/2590","203/18842",0.211822660098522,1.54098940601404,3.09366956879126,0.00228553608944399,0.0263067539527121,0.0263067539527121,"PTHLH/HYAL1/EFEMP1/COL3A1/EGR1/PKDCC/SCX/BMP8A/SACK1A/TIMP1/RUNX2/OTOR/NKX3-2/NR5A2/NR1H4/GREM1/COL2A1/SIX2/INHBE/SULF1/FOXD1/CNMD/BMP8B/LPL/BMP2/EPYC/GHR/CCN4/HMGA2/PPARG/TGFBR2/FGF2/WNT11/SOX5/ACVRL1/SERPINB7/WNT10B/HOXA11/ZBTB16/SNORC/OGN/CD34/MDK",43
"GO:0001708","GO:0001708","cell fate specification","19/2590","70/18842",0.271428571428571,1.9746166574738,3.26118943723343,0.00228903385406263,0.0263067539527121,0.0263067539527121,"PRDM12/SOX17/TBX18/ISL2/TBR1/SOX2/TBX15/SIX2/ESRP1/TBX20/DKK1/FOXI3/TBX10/FGF2/HOXA11/POU4F1/ASCL1/NTRK3/MNX1",19
"GO:0030323","GO:0030323","respiratory tube development","19/2590","70/18842",0.271428571428571,1.9746166574738,3.26118943723343,0.00228903385406263,0.0263067539527121,0.0263067539527121,"IL13/EPAS1/COL3A1/PKDCC/TCF21/WFDC2/RBP4/ABCA3/RCN3/ZIC3/MME/CLDN18/BMP2/SOX11/PROX1/WNT11/CLCN2/STRA6/ASCL1",19
"GO:0021510","GO:0021510","spinal cord development","16/2590","55/18842",0.290909090909091,2.11633555633556,3.30975490691853,0.00229612472743709,0.0263067539527121,0.0263067539527121,"MDGA2/GDNF/SOX12/NEFL/TBX20/SOX11/VIT/PAX6/PROX1/CHRD/LRP8/ZIC1/ASCL1/LHX1/LHX5/MNX1",16
"GO:0032964","GO:0032964","collagen biosynthetic process","16/2590","55/18842",0.290909090909091,2.11633555633556,3.30975490691853,0.00229612472743709,0.0263067539527121,0.0263067539527121,"P3H4/F2/VIM/KLF15/SCX/RGCC/RCN3/DDR2/CYP7A1/COL1A1/CYGB/CBX8/SERPINB7/IL6/UCN/COL5A1",16
"GO:0031076","GO:0031076","embryonic camera-type eye development","8/2590","19/18842",0.421052631578947,3.06311725259094,3.59173875022949,0.00231703085887824,0.0264354355819824,0.0264354355819824,"TWIST1/NES/SOX11/TH/PROX1/STRA6/TFAP2A/SIX3",8
"GO:1901881","GO:1901881","positive regulation of protein depolymerization","8/2590","19/18842",0.421052631578947,3.06311725259094,3.59173875022949,0.00231703085887824,0.0264354355819824,0.0264354355819824,"AURKB/CFL2/NES/VIL1/CARMIL2/SEMA5A/ACTN2/CRACD",8
"GO:0060326","GO:0060326","cell chemotaxis","61/2590","311/18842",0.196141479099678,1.42691032787496,3.03051109209296,0.00238393147356161,0.0271420531312796,0.0271420531312796,"CALCA/DUSP1/JAM3/CXCL9/CCL20/EGR3/ADAM8/CXCL13/HBEGF/NR4A1/DPP4/CTSG/CXCL12/RARRES2/CCR3/ARHGEF16/EDNRB/GREM1/CCL14/BST1/CX3CL1/IL34/SLIT2/CCR8/PTN/HOXB9/EDN3/EDN1/S100A7/MET/TRPM2/CCL19/CCL23/CXCR2/CCL24/PF4/AGR2/DPEP1/CXCL2/NEDD9/FGF2/CCL1/EPHB1/SEMA5A/EDN2/RAC3/IL23A/ACKR4/CX3CR1/F7/IL6/CXCL3/VEGFD/CCL25/S100A12/CCL16/CCL7/PPBP/SAA1/CCL2/MDK",61
"GO:0002791","GO:0002791","regulation of peptide secretion","40/2590","186/18842",0.21505376344086,1.56449537094698,3.08855998500499,0.00239047879090858,0.0271600137054374,0.0271600137054374,"NKX6-1/PDX1/IFNG/KCNB1/GPER1/UQCC2/NPY2R/ALDOA/CARTPT/RASL10B/BMP8A/RBP4/PDE8B/RFX6/FGB/KCNK16/NR1H4/STX1A/TFR2/G6PC2/TRPA1/FFAR4/ECRG4/ADRA2A/BLK/KCNA5/CAMP/TRPM5/MYRIP/BRSK2/GIP/NMU/FFAR3/ABCA12/SYT7/IL6/ADCY8/CRHBP/UCN/SSTR5",40
"GO:0001990","GO:0001990","regulation of systemic arterial blood pressure by hormone","13/2590","41/18842",0.317073170731707,2.30667671155476,3.3436287785357,0.00249903498984586,0.0282758306822105,0.0282758306822105,"AVPR2/RASL10B/TACR1/CTSG/EDNRB/MME/EDN3/EDN1/AGTR2/CMA1/EDN2/AGT/PDE1C",13
"GO:0014009","GO:0014009","glial cell proliferation","13/2590","41/18842",0.317073170731707,2.30667671155476,3.3436287785357,0.00249903498984586,0.0282758306822105,0.0282758306822105,"IDH2/SLC7A5/GFAP/IL33/CX3CL1/IL34/SOX11/ASCL2/NEGR1/PENK/IL6/E2F1/MIR125B1",13
"GO:0050769","GO:0050769","positive regulation of neurogenesis","38/2590","175/18842",0.217142857142857,1.57969332597904,3.07559050136607,0.00253199022200888,0.0285895176927243,0.0285895176927243,"PAK1/IFNG/GPER1/VIM/ROBO2/SLC7A5/CDH2/MAG/GFAP/PTPRZ1/CXCL12/EPHB2/CX3CL1/IL34/SLIT2/WDR62/EGR2/PTN/MME/NTRK2/SEMA7A/BMP2/SOX11/LIMK1/TTBK1/FZD4/HAP1/SHANK3/CLCN2/SEMA5A/NEURL1/QKI/CX3CR1/LRP8/IL6/E2F1/MIR125B1/MDK",38
"GO:0002062","GO:0002062","chondrocyte differentiation","21/2590","81/18842",0.259259259259259,1.88608608608609,3.19035407289341,0.00256381469354637,0.0288297269552076,0.0288297269552076,"PTHLH/EFEMP1/COL3A1/PKDCC/SCX/RUNX2/NKX3-2/NR5A2/GREM1/COL2A1/SIX2/SULF1/BMP2/CCN4/HMGA2/SOX5/ACVRL1/WNT10B/HOXA11/ZBTB16/MDK",21
"GO:0042476","GO:0042476","odontogenesis","21/2590","81/18842",0.259259259259259,1.88608608608609,3.19035407289341,0.00256381469354637,0.0288297269552076,0.0288297269552076,"ODAPH/ENAM/CFTR/CSF3R/TMT1A/SCN5A/AQP1/COL1A2/DSPP/SLC24A4/EDN1/BMP2/SLC34A1/CAMP/COL1A1/AMTN/FOXI3/ALPL/TFAP2A/FGF8/CD34",21
"GO:0098656","GO:0098656","monoatomic anion transmembrane transport","32/2590","141/18842",0.226950354609929,1.65104192338235,3.09766569904665,0.00258424385943769,0.0288889509064125,0.0288889509064125,"SLC5A5/SLC19A1/CLIC6/CFTR/GABRQ/LRRC8C/GABRA4/CLIC5/GPHRB/GABRA3/GABRD/GABRB1/P2RX5/GABRG2/GPHRA/SLC1A4/FXYD1/SLC4A1/KCNK1/CLIC3/ANO9/GLRA3/SLC26A3/CLCN2/GABRA5/GABRG1/TTYH3/GABRR3/SLC1A1/SLC17A8/SLC1A7/GABRE",32
"GO:0006820","GO:0006820","monoatomic anion transport","35/2590","158/18842",0.221518987341772,1.61152925076976,3.08147961647254,0.00258623506804981,0.0288889509064125,0.0288889509064125,"SLC5A5/SLC19A1/CLIC6/CFTR/GABRQ/LRRC8C/GABRA4/CLIC5/TRPA1/GPHRB/GABRA3/NMUR1/GABRD/GABRB1/P2RX5/GABRG2/GPHRA/SLC1A4/FXYD1/ABCB1/SLC4A1/KCNK1/CLIC3/ANO9/GLRA3/SLC26A3/CLCN2/GABRA5/GABRG1/TTYH3/GABRR3/SLC1A1/SLC17A8/SLC1A7/GABRE",35
"GO:1901343","GO:1901343","negative regulation of vasculature development","35/2590","158/18842",0.221518987341772,1.61152925076976,3.08147961647254,0.00258623506804981,0.0288889509064125,0.0288889509064125,"ADAMTS1/ANGPT4/TEK/FBLN5/MIR221/RGCC/ADGRB3/NPR1/ADGRB2/HOXA5/DAB2IP/PTPRM/CLDN5/KLF2/SULF1/KLK3/CNMD/TNMD/SEMA6A/KLF4/EFNA3/DCN/PPARG/PF4/ECSCR/MIR205/THBS2/ANGPTL7/COL4A3/MIR222/CD36/QKI/E2F2/NAXE/MIR125B1",35
"GO:0051954","GO:0051954","positive regulation of amine transport","11/2590","32/18842",0.34375,2.50074806949807,3.39185153725953,0.00259022615629316,0.0288889509064125,0.0288889509064125,"KMO/KCNB1/SLC7A5/CARTPT/CXCL12/GDNF/STX1A/AVP/SLC17A8/NTSR1/SYT1",11
"GO:0070371","GO:0070371","ERK1 and ERK2 cascade","59/2590","300/18842",0.196666666666667,1.43073101673102,3.00218143630507,0.00260947078070926,0.0290443132720491,0.0290443132720491,"IL13/GPBAR1/DUSP1/GPER1/TLR4/PLA2G5/PLA2G2A/CCN1/FERMT2/CALCR/TEK/PTPN1/PDE8B/ATF3/MIR221/FGB/FGFR4/ALKAL1/EPHB2/CDK1/MC5R/SIRPA/CX3CL1/DAB2IP/EGF/PSCA/FFAR4/THPO/PTGER4/EPO/MIR126/EDN1/S100A7/AKAP12/DDR2/SEMA7A/BMP2/CCL19/CHRNA9/SEMA6A/KLF4/FBLN1/MARCO/P2RY6/NPNT/MIR205/FGF21/SACK1D/FGF2/NRG1/ANGPT1/EPHB1/ADRA1A/CD36/FLT4/NRXN1/ALKAL2/BMPER/MTURN",59
"GO:0044774","GO:0044774","mitotic DNA integrity checkpoint signaling","19/2590","71/18842",0.267605633802817,1.94680515525586,3.19076289801881,0.00272997837085227,0.0303238451152595,0.0303238451152595,"BRSK1/CDC6/CHEK2/ORC1/CDC7/CDK1/CLSPN/BLM/TIMELESS/EME2/EME1/DONSON/BRCA1/TICRR/DTL/PLK1/DBF4/FANCD2/CHEK1",19
"GO:0035249","GO:0035249","synaptic transmission, glutamatergic","23/2590","92/18842",0.25,1.81872586872587,3.14253584668945,0.00274044366785472,0.0303783461355498,0.0303783461355498,"ATP1A2/KMO/GRIN1/GRIK4/GRIN2D/GRIN2A/MAPK8IP2/GRM4/UNC13C/GRIN2C/GRIA4/SLC1A4/SHANK3/GRIA2/PNOC/UNC13A/DKK1/CACNG5/NRXN1/UCN/SLC17A8/SYT1/CCL2",23
"GO:0003009","GO:0003009","skeletal muscle contraction","15/2590","51/18842",0.294117647058824,2.13967749261867,3.25342323007458,0.00276411718957645,0.0304554444375711,0.0304554444375712,"CAV3/CHRNA1/KBTBD13/SCN4A/JSRP1/CHRNG/TNNT1/SYNM/CHRND/MB/TNNI3/SLC8A3/ADGRD1/TNNT3/CA3",15
"GO:0003254","GO:0003254","regulation of membrane depolarization","15/2590","51/18842",0.294117647058824,2.13967749261867,3.25342323007458,0.00276411718957645,0.0304554444375711,0.0304554444375712,"SCN3B/CAV3/FHL1/MLLT11/SCN5A/SCN2B/HCN2/DCN/KISS1/CLCN2/HCN1/KISS1R/MYOC/ALB/NTSR1",15
"GO:1900087","GO:1900087","positive regulation of G1/S transition of mitotic cell cycle","15/2590","51/18842",0.294117647058824,2.13967749261867,3.25342323007458,0.00276411718957645,0.0304554444375711,0.0304554444375712,"RRM2/CCND2/ADAMTS1/CDC6/MIR221/RGCC/MTBP/TERT/DDR2/CYP1A1/STIL/KCNA5/MIR222/CCNE2/CCNE1",15
"GO:0006260","GO:0006260","DNA replication","61/2590","313/18842",0.194888178913738,1.41779268999716,2.9754692410134,0.00277888307363622,0.0305113123648463,0.0305113123648463,"GINS2/DSCC1/GINS1/MCM4/POLQ/TRAIP/ESCO2/CDC6/MCM2/CDC25A/RAD51/ORC6/CDT1/TYMS/ORC1/CDC7/BARD1/CDK1/CCNA2/RNASEH2A/KCTD13/DNA2/GINS4/POLE2/BLM/ADRA2A/CHAF1B/CDC45/FAM111B/MCM10/RECQL4/POLB/TIMELESS/EME2/EME1/TK1/GEN1/DONSON/WDHD1/MCM6/BRCA1/TICRR/TONSL/DTL/DBF4/E2F7/ACVRL1/RMI2/PCNA/PCLAF/E2F8/PTK6/MCIDAS/BRCA2/UCN/FEN1/EXO1/STRA8/CHEK1/CHTF18/RFC4",61
"GO:0030193","GO:0030193","regulation of blood coagulation","18/2590","66/18842",0.272727272727273,1.98406458406458,3.19699886100605,0.00278593684722018,0.0305113123648463,0.0305113123648463,"EMILIN2/F2/PROS1/CAV1/PLAU/ADAMTS18/FGB/F12/EPHB2/KNG1/FAP/EDN1/PF4/SERPING1/THBD/CD36/PROC/F7",18
"GO:0072577","GO:0072577","endothelial cell apoptotic process","18/2590","66/18842",0.272727272727273,1.98406458406458,3.19699886100605,0.00278593684722018,0.0305113123648463,0.0305113123648463,"IL13/GPER1/TEK/PTPN1/NDNF/RGCC/FGB/TERT/DAB2IP/MIR126/CDH5/TMEM215/ECSCR/ANGPT1/COL4A3/SEMA5A/AKR1C3/CCL2",18
"GO:0007131","GO:0007131","reciprocal meiotic recombination","17/2590","61/18842",0.278688524590164,2.02743211595671,3.20853771158317,0.00281562447749116,0.0306521668714924,0.0306521668714924,"SYCE3/RAD54B/TEX11/RAD51AP1/RAD51/HSF2BP/SHOC1/TOP2A/BRIP1/RAD54L/EME2/EME1/TEX19/SYCP2/FANCD2/MND1/TRIP13",17
"GO:0031297","GO:0031297","replication fork processing","17/2590","61/18842",0.278688524590164,2.02743211595671,3.20853771158317,0.00281562447749116,0.0306521668714924,0.0306521668714924,"POLQ/TRAIP/RAD51/BARD1/DNA2/BLM/FAM111B/TIMELESS/EME2/EME1/GEN1/DONSON/BRCA1/TONSL/PCNA/BRCA2/EXO1",17
"GO:0140527","GO:0140527","reciprocal homologous recombination","17/2590","61/18842",0.278688524590164,2.02743211595671,3.20853771158317,0.00281562447749116,0.0306521668714924,0.0306521668714924,"SYCE3/RAD54B/TEX11/RAD51AP1/RAD51/HSF2BP/SHOC1/TOP2A/BRIP1/RAD54L/EME2/EME1/TEX19/SYCP2/FANCD2/MND1/TRIP13",17
"GO:0001649","GO:0001649","osteoblast differentiation","45/2590","217/18842",0.207373271889401,1.50862053627031,3.00832025390026,0.00283127346065447,0.0307612514164546,0.0307612514164546,"SPP1/PTHLH/TWIST1/CCN1/FERMT2/DLK1/TMT1A/NELL1/RUNX2/SOX2/TWIST2/IFITM1/TP63/GREM1/LGR4/HSPE1/GDF10/FFAR4/ITGA11/DDR2/SMAD9/FBN2/SEMA7A/BMP2/SOX11/ERFE/CRIM1/CCN4/PPARG/SCUBE3/COL1A1/NPNT/MIR205/CHRD/PANX3/ALPL/PENK/VCAN/MYOC/IL6/PTPRB/IBSP/CAT/MIR125B1/DLX5",45
"GO:0031507","GO:0031507","heterochromatin formation","46/2590","223/18842",0.20627802690583,1.50065273473345,3.00233603154084,0.00285328539021303,0.0309388981299885,0.0309388981299885,"H1-2/H3C11/TDRD12/MIS18A/H3C3/CBX7/SUV39H2/H2AC13/H3C8/H3C14/CENPA/H2AC25/MAEL/H3C6/CBX3/H3C1/CBX2/UHRF1/H2AC8/PIWIL1/H2AC7/H2AC21/EPOP/H3C7/H3C10/H2AC12/HMGA2/H2AC17/LMNB1/H2AC20/H2AC11/CBX8/H2AC4/H3C13/OIP5/EZH2/H3C2/H2AC16/H2AX/TEX15/HELLS/CDKN2B-AS1/H3C12/CBX4/H2AC6/TDRD1",46
"GO:0090276","GO:0090276","regulation of peptide hormone secretion","39/2590","182/18842",0.214285714285714,1.55890788747932,3.02460428324384,0.00287088306157417,0.0310597855290891,0.0310597855290891,"NKX6-1/PDX1/IFNG/KCNB1/GPER1/UQCC2/ALDOA/CARTPT/RASL10B/BMP8A/RBP4/PDE8B/RFX6/FGB/KCNK16/NR1H4/STX1A/TFR2/G6PC2/TRPA1/FFAR4/ECRG4/ADRA2A/BLK/KCNA5/CAMP/TRPM5/MYRIP/BRSK2/GIP/NMU/FFAR3/ABCA12/SYT7/IL6/ADCY8/CRHBP/UCN/SSTR5",39
"GO:0014706","GO:0014706","striated muscle tissue development","55/2590","277/18842",0.1985559566787,1.44447541920466,2.97501120621591,0.0028809260903056,0.0310597855290891,0.0310597855290891,"MYH6/PAK1/CAV3/CHRNA1/UQCC2/TWIST1/CAV1/CCNB1/TBX18/FER1L6/TCF21/RBP4/MYL3/GATA4/JPH2/FOXH1/SCN5A/GREM1/CDK1/CFL2/EGR2/MYOCD/SGCG/ZIC3/GATA5/EDN1/TBX20/BMP2/MYH11/RCAN1/CACNA1G/DKK1/NPHS1/PROX1/CHRND/FGF2/SIX4/PAX7/NRG1/EPHB1/MIR222/NEURL1/ACTN2/TNNI3/POU4F1/ANKRD1/TGFBR3/S1PR1/CAV2/NKX2-5/S100B/CYP26B1/RBM24/FGF8/PGM5",55
"GO:0044706","GO:0044706","multi-multicellular organism process","35/2590","159/18842",0.220125786163522,1.60139384667687,3.04006371222558,0.00288716762100225,0.0310597855290891,0.0310597855290891,"SPP1/PTHLH/CALCA/SLC19A1/PTGFR/TACR1/DCAF13/PSG3/TIMP1/PRLR/CLIC5/PTN/EDN1/SLC2A1/CYP1A1/FBN2/ADRA2A/EPYC/FBLN1/FOS/NDP/PNOC/FOSB/CYP27B1/MAFF/PSG9/AGRP/ENDOU/TPPP3/PSG4/CRHBP/SCGB1A1/UCN/PSG1/PZP",35
"GO:0051017","GO:0051017","actin filament bundle assembly","35/2590","159/18842",0.220125786163522,1.60139384667687,3.04006371222558,0.00288716762100225,0.0310597855290891,0.0310597855290891,"PAK1/APOA1/FERMT2/TACR1/PPM1F/RGCC/SYNPO/CX3CL1/SYNPO2L/LIMCH1/KCTD13/PTGER4/BAIAP2L1/PHLDB2/LIMK1/BAIAP2L2/RHOD/VIL1/ARHGEF15/SYNPO2/PIK3R1/SHANK3/FAM107A/NEDD9/FHDC1/ZEB2/RHPN1/DLC1/ESPN/MYOC/SORBS1/S1PR1/ARHGAP6/MYL9/SPIRE2",35
"GO:0010996","GO:0010996","response to auditory stimulus","10/2590","28/18842",0.357142857142857,2.59817981246553,3.378411419265,0.0029205564417264,0.0312464925536359,0.0312464925536359,"ATP1A2/TACR1/PTN/CHRNA9/CNTNAP2/SHANK3/STRA6/NRXN1/UCN/MDK",10
"GO:0099623","GO:0099623","regulation of cardiac muscle cell membrane repolarization","10/2590","28/18842",0.357142857142857,2.59817981246553,3.378411419265,0.0029205564417264,0.0312464925536359,0.0312464925536359,"CAV3/CASQ2/SCN5A/NOS1/KCNA5/KCNE4/KCNE1/KCNH2/SCN4B/KCNH6",10
"GO:0090087","GO:0090087","regulation of peptide transport","40/2590","188/18842",0.212765957446809,1.54785180317095,3.01373098906282,0.00292465477857458,0.0312464925536359,0.0312464925536359,"NKX6-1/PDX1/IFNG/KCNB1/GPER1/UQCC2/NPY2R/ALDOA/CARTPT/RASL10B/BMP8A/RBP4/PDE8B/RFX6/FGB/KCNK16/NR1H4/STX1A/TFR2/G6PC2/TRPA1/FFAR4/ECRG4/ADRA2A/BLK/KCNA5/CAMP/TRPM5/MYRIP/BRSK2/GIP/NMU/FFAR3/ABCA12/SYT7/IL6/ADCY8/CRHBP/UCN/SSTR5",40
"GO:0050433","GO:0050433","regulation of catecholamine secretion","12/2590","37/18842",0.324324324324324,2.35942815402275,3.30421960099487,0.00293183835538155,0.0312464925536359,0.0312464925536359,"KCNB1/SNCA/CARTPT/CXCL12/GDNF/STX1A/ADRA2A/CHRNA6/CHRNA4/PNOC/FFAR3/SYT1",12
"GO:0030836","GO:0030836","positive regulation of actin filament depolymerization","6/2590","12/18842",0.5,3.63745173745174,3.64836628972336,0.00294454595885132,0.0312464925536359,0.0312464925536359,"CFL2/VIL1/CARMIL2/SEMA5A/ACTN2/CRACD",6
"GO:0070365","GO:0070365","hepatocyte differentiation","6/2590","12/18842",0.5,3.63745173745174,3.64836628972336,0.00294454595885132,0.0312464925536359,0.0312464925536359,"FOXH1/CYP1A1/PROX1/E2F7/E2F8/PCK1",6
"GO:0097646","GO:0097646","calcitonin family receptor signaling pathway","6/2590","12/18842",0.5,3.63745173745174,3.64836628972336,0.00294454595885132,0.0312464925536359,0.0312464925536359,"CALCA/CALCR/ADM2/CALCB/CALCRL/RAMP1",6
"GO:1903034","GO:1903034","regulation of response to wounding","36/2590","165/18842",0.218181818181818,1.58725166725167,3.0245524567683,0.00297108369234253,0.0314670007338215,0.0314670007338215,"EMILIN2/SPP1/F2/PROS1/CAV1/PLAU/MYLK/FERMT2/ADAMTS18/HBEGF/MIR221/FGB/F12/MMRN1/EPHB2/KNG1/IL33/FAP/PTN/EDN1/DDR2/PHLDB2/ADRA2A/CLDN3/CCN4/VIL1/PF4/SERPING1/THBD/FGF2/MIR222/CD36/PROC/F7/SCARF1/MDK",36
"GO:0006836","GO:0006836","neurotransmitter transport","43/2590","206/18842",0.20873786407767,1.51854781272257,2.98740783728815,0.00304865409628793,0.0322261018108579,0.0322261018108579,"BRSK1/ATP1A2/KMO/GPR158/GPER1/HRH3/SNCA/RIMS1/RIMS2/RIMS4/GABRQ/GDNF/GRM4/STX1A/UNC13C/SCRIB/NOS1/SLC6A11/SYT5/CPLX4/CHRNB4/PNOC/UNC13A/CAMK2A/CHAT/STX11/SYNGR3/CPLX2/SLC1A6/GPM6B/SYN2/SYT7/SLC29A4/SLC6A4/SYT13/NRXN1/SLC1A1/CACNA1B/SLC17A8/DOC2A/SLC1A7/SLC6A17/SYT1",43
"GO:0006066","GO:0006066","alcohol metabolic process","65/2590","339/18842",0.191740412979351,1.39489299666291,2.92891424579392,0.00309680053554045,0.032671843487893,0.032671843487893,"IDH2/APOBR/HSD17B6/GPER1/SNCA/APOA1/MIOX/CYP1A2/PLPP2/ADH6/CYP21A2/ADH4/HAO1/RBP4/MOGAT1/APOB/PCSK9/PLA2G4A/SRD5A3/NR1H4/EDNRB/GPR146/ALDH1A2/CYP3A4/TKTL1/DKK3/PLPP3/ITPKA/PTH1R/CYP1A1/CYP7A1/SULT1C3/BMP2/AKR1C1/ADH1C/ISYNA1/ALDH1A1/CEL/P2RY6/AKR1C2/SULT1C4/TPI1/SPTSSB/CES1/GALR2/ADCYAP1R1/CETP/CYP2C18/CYP27B1/CLCN2/ACADL/AKR1D1/ALDH2/DISP3/QKI/ADH1B/SORD/APOF/AKR1C3/AGT/PCK1/ADH1A/NTSR1/SCARF1/LHCGR",65
"GO:0016525","GO:0016525","negative regulation of angiogenesis","34/2590","154/18842",0.220779220779221,1.60614752043323,3.01512783921059,0.00312318298484044,0.032886695591817,0.032886695591817,"ADAMTS1/ANGPT4/TEK/FBLN5/MIR221/RGCC/ADGRB3/NPR1/ADGRB2/HOXA5/DAB2IP/PTPRM/CLDN5/KLF2/SULF1/KLK3/CNMD/TNMD/SEMA6A/KLF4/EFNA3/DCN/PPARG/PF4/ECSCR/MIR205/THBS2/COL4A3/MIR222/CD36/QKI/E2F2/NAXE/MIR125B1",34
"GO:0009072","GO:0009072","aromatic amino acid metabolic process","13/2590","42/18842",0.30952380952381,2.25175583747012,3.24200586321248,0.0031709553215484,0.0333218669281966,0.0333218669281966,"KMO/HPDL/IYD/NMNAT2/PAH/TDO2/FTCD/TH/ACMSD/HGD/QPRT/IL4I1/SLC45A2",13
"GO:0051928","GO:0051928","positive regulation of calcium ion transport","23/2590","93/18842",0.247311827956989,1.79916967658903,3.08418106514327,0.00317670497156275,0.0333218669281966,0.0333218669281966,"GRIN1/IL13/CAPN3/F2/GPER1/SNCA/CXCL9/CAV1/MYLK/MCHR1/CXCL12/CX3CL1/CEMIP/P2RX5/P2RY6/CAMK2A/ADCYAP1R1/UCN/MS4A1/P2RX2/NTSR1/CD19/CCL2",23
"GO:0006706","GO:0006706","steroid catabolic process","9/2590","24/18842",0.375,2.7280888030888,3.38168689907225,0.00321305992657908,0.0334464238071517,0.0334464238071517,"SPP1/HSD17B6/CYP1A2/CYP3A4/CYP1A1/CYP7A1/CYP27B1/AKR1D1/SCARF1",9
"GO:0010460","GO:0010460","positive regulation of heart rate","9/2590","24/18842",0.375,2.7280888030888,3.38168689907225,0.00321305992657908,0.0334464238071517,0.0334464238071517,"SCN3B/PTPN1/ADM2/EDN3/EDN1/ADRB1/NMU/EDN2/SLC1A1",9
"GO:0048546","GO:0048546","digestive tract morphogenesis","9/2590","24/18842",0.375,2.7280888030888,3.38168689907225,0.00321305992657908,0.0334464238071517,0.0334464238071517,"SOX17/TCF21/GATA4/SIX2/SFRP5/SOX11/AGR2/WNT11/STRA6",9
"GO:0060563","GO:0060563","neuroepithelial cell differentiation","9/2590","24/18842",0.375,2.7280888030888,3.38168689907225,0.00321305992657908,0.0334464238071517,0.0334464238071517,"ARX/RFX6/DSPP/BMP2/SOX11/INSM1/WNT11/DLX3/FGF8",9
"GO:0141060","GO:0141060","disruption of anatomical structure in another organism","27/2590","115/18842",0.234782608695652,1.7080208158469,3.04024995758082,0.00326272536741709,0.0338988481614723,0.0338988481614723,"F2/PLA2G2A/CXCL9/PGLYRP4/CCL20/RNASE7/C6/CXCL13/CTSG/CXCL12/KNG1/NTS/C7/CCL19/PF4/CXCL2/CCL1/LYZ/H2BC11/KRT6A/CXCL3/C8G/CCL25/S100A12/H2BC12/PPBP/PGLYRP3",27
"GO:0045165","GO:0045165","cell fate commitment","41/2590","195/18842",0.21025641025641,1.52959508959509,2.96759902648984,0.00327445026839124,0.0339561114169983,0.0339561114169983,"PRDM12/EPAS1/TRIM15/NOTCH4/SOX17/TBX18/ISL2/TBR1/SOCS3/SOX2/TBX15/GATA4/SIX2/TAL1/ESRP1/GATA5/EDN1/TBX20/EPOP/BMP2/KLF4/PPARG/TNXB/DKK1/FOXI3/TBX10/PAX6/PROX1/FGF2/WNT11/SOX5/WNT10B/HOXA11/IL23A/POU4F1/IL6/ASCL1/CYP26B1/FOXP3/NTRK3/MNX1",41
"GO:0002573","GO:0002573","myeloid leukocyte differentiation","42/2590","201/18842",0.208955223880597,1.52012908430819,2.95953182580423,0.00331413308682122,0.0343025328020416,0.0343025328020416,"IL31RA/OSCAR/CALCA/IFNG/TLR4/CARTPT/PDE1B/DLK1/IRF7/UBD/IL33/TAL1/IL34/IGHE/TMEM178A/BMP2/CCL19/ERFE/P2RX5/MMP9/PDE2A/CCN4/PPARG/TF/CSF3/PF4/TFRC/KISS1/NEDD9/TGFBR2/KISS1R/QKI/TESC/PLA2G3/IL23A/POU4F1/DHRS2/PPARGC1B/INHA/IL20/MIR125B1/EFNA2",42
"GO:0051952","GO:0051952","regulation of amine transport","18/2590","67/18842",0.26865671641791,1.95445167982481,3.12427911121991,0.00332902867562939,0.0343266824760653,0.0343266824760653,"ATP1A2/KMO/KCNB1/SLC7A5/SNCA/CARTPT/CXCL12/GDNF/STX1A/AVP/ADRA2A/CHRNA6/CHRNA4/PNOC/FFAR3/SLC17A8/NTSR1/SYT1",18
"GO:1900046","GO:1900046","regulation of hemostasis","18/2590","67/18842",0.26865671641791,1.95445167982481,3.12427911121991,0.00332902867562939,0.0343266824760653,0.0343266824760653,"EMILIN2/F2/PROS1/CAV1/PLAU/ADAMTS18/FGB/F12/EPHB2/KNG1/FAP/EDN1/PF4/SERPING1/THBD/CD36/PROC/F7",18
"GO:1903083","GO:1903083","protein localization to condensed chromosome","7/2590","16/18842",0.4375,3.18277027027027,3.48688355373571,0.00337074056425749,0.0346261225256902,0.0346261225256902,"TTK/KNTC1/AURKB/CDK1/MTBP/ZWILCH/KNL1",7
"GO:1903975","GO:1903975","regulation of glial cell migration","7/2590","16/18842",0.4375,3.18277027027027,3.48688355373571,0.00337074056425749,0.0346261225256902,0.0346261225256902,"IDH2/MIR221/CX3CL1/MIR222/CX3CR1/ATP1B2/P2RY12",7
"GO:0001934","GO:0001934","positive regulation of protein phosphorylation","45/2590","219/18842",0.205479452054795,1.49484317977469,2.94044645049149,0.00339728698868434,0.0348052776296974,0.0348052776296974,"TNFRSF18/IL13/IL31RA/CALCA/IFNG/GPER1/DYNAP/ANGPT4/IL11/CARD14/RARRES2/IL21/PRLR/ITLN1/PROM2/IL34/EGF/LIMCH1/CEMIP/TENM1/THPO/DDR2/BMP2/MMP9/HMGA2/IFNL1/TRAF2/NEDD9/MST1R/FGF2/NRG1/ANGPT1/RSPO1/EZH2/TPX2/FLT4/TRAF4/IL6/SRCIN1/ADCY8/S100A12/ECT2/IL20/KIF14/SASH1",45
"GO:0090189","GO:0090189","regulation of branching involved in ureteric bud morphogenesis","8/2590","20/18842",0.4,2.90996138996139,3.41157679168438,0.00340091825329523,0.0348052776296974,0.0348052776296974,"GDNF/GREM1/LGR4/SIX2/AGTR2/SIX4/LHX1/AGT",8
"GO:0007492","GO:0007492","endoderm development","16/2590","57/18842",0.280701754385965,2.04207816839396,3.14543399076248,0.00341866073163229,0.0349214596231223,0.0349214596231223,"DUSP1/LAMB3/SOX17/SOX2/GATA4/COL11A1/SOX7/TBX20/MMP9/HMGA2/DKK1/MMP14/HOXC11/LHX1/COL5A2/COL5A1",16
"GO:0001952","GO:0001952","regulation of cell-matrix adhesion","28/2590","121/18842",0.231404958677686,1.68344873799419,3.01080452053983,0.00345530574551343,0.0352299363791621,0.0352299363791621,"CDKN2A/PLAU/FERMT2/GFUS/TEK/PPM1F/CDH13/UTRN/GREM1/BST1/CX3CL1/CEACAM6/LIMCH1/PLPP3/GDPD2/PHLDB2/RHOD/FAM107A/APOD/DLC1/MMP14/ACVRL1/CD36/GPM6B/MMP12/MYOC/ARHGAP6/CCL25",28
"GO:0030048","GO:0030048","actin filament-based movement","31/2590","138/18842",0.22463768115942,1.63421744726093,2.9851003236982,0.00351932263982479,0.0358158253754981,0.0358158253754981,"SCN7A/ATP1A2/MYH6/KCNJ8/SCN3B/CAV3/SCN3A/CAV1/SCN1A/CASQ2/GATA4/MYO7B/SCN4A/MYH2/SCN5A/MYO19/LIMCH1/NOS1/SCN2B/MYL1/VIL1/KCNA5/CACNA1G/ZEB2/KCNE4/KCNE1/KCNH2/QKI/TNNI3/ADRB2/SCN4B",31
"GO:0060348","GO:0060348","bone development","29/2590","127/18842",0.228346456692913,1.66119843127717,2.9846073851023,0.00363336414117095,0.0369076859321547,0.0369076859321547,"IFITM5/COL3A1/MMP13/TWIST1/SCX/FBLN5/CCDC154/GREM1/PTGER4/SULF1/ATG9B/DDR2/BMP2/P2RX5/EPYC/GHR/CCN4/COL13A1/HOXA11/HSD17B1/MYOC/ZBTB16/TFAP2A/LEPR/CYP26B1/OSTN/FGF8/OGN/DLX5",29
"GO:0030003","GO:0030003","intracellular monoatomic cation homeostasis","76/2590","410/18842",0.185365853658537,1.34851869290894,2.84826389068261,0.00369402201086853,0.0374542305925724,0.0374542305925724,"ATP1A2/HPX/CALCA/IFNG/CAV3/TESMIN/F2/GPER1/CAV1/FTHL17/CARTPT/ATP1A3/CFTR/ATP4B/FLVCR1/CXCL12/CASQ2/CDH23/SLC11A1/FXYD4/ATP2B3/KCNK16/SLC30A2/BOLA2B/CCL14/TFR2/SLC8A2/TRPA1/TRPC7/TMEM178A/BOLA2/EDN3/SLC24A4/GPHRB/EDN1/AVP/PTH1R/SMAD9/ATP6V0D2/MT1X/BMP2/CCL19/CCL23/ERFE/SLC7A11/SCARA5/MT1M/CDH5/GPHRA/TF/TFRC/MT1H/ALAS2/FXYD1/CALCB/SLC4A1/CNR1/SLC24A2/SLC45A2/CCL1/SLC26A3/EDN2/TESC/FXYD6/SLC39A4/TNNI3/ATP1B2/TMPRSS6/SLC8A3/CYBRD1/ATP4A/ADCY8/CAV2/HEPHL1/SLC1A1/CCL7",76
"GO:0099171","GO:0099171","presynaptic modulation of chemical synaptic transmission","12/2590","38/18842",0.31578947368421,2.2973379394432,3.19571650632164,0.00375740498311362,0.038026330060585,0.038026330060585,"CHRM2/CHRNA1/LAMP5/NRN1/ADRA2A/CHRNA6/CHRNA4/APBA2/CHRNB3/CHRNA2/GLRA3/CHRNA5",12
"GO:0000302","GO:0000302","response to reactive oxygen species","38/2590","179/18842",0.212290502793296,1.54439291645996,2.92143819577502,0.00380889924695842,0.0384762188255596,0.0384762188255596,"HYAL1/DUSP1/MMP3/PTPRN/TACR1/FBLN5/AQP1/CDK1/SIRPA/HBA2/SOD3/TRPA1/KLF2/EDN1/S100A7/GPR37L1/DDR2/MET/TRPM2/KLF4/FOS/KCNA5/COL1A1/HBA1/CYGB/CBX8/APOD/MB/CD36/HBB/PCNA/CRYAB/IL6/SCGB1A1/CAT/ECT2/FOXP3/CA3",38
"GO:2000181","GO:2000181","negative regulation of blood vessel morphogenesis","34/2590","156/18842",0.217948717948718,1.58555588555589,2.93170945360937,0.00387952096770632,0.0390708775340649,0.0390708775340649,"ADAMTS1/ANGPT4/TEK/FBLN5/MIR221/RGCC/ADGRB3/NPR1/ADGRB2/HOXA5/DAB2IP/PTPRM/CLDN5/KLF2/SULF1/KLK3/CNMD/TNMD/SEMA6A/KLF4/EFNA3/DCN/PPARG/PF4/ECSCR/MIR205/THBS2/COL4A3/MIR222/CD36/QKI/E2F2/NAXE/MIR125B1",34
"GO:0015837","GO:0015837","amine transport","22/2590","89/18842",0.247191011235955,1.79829074660535,3.01348595496683,0.00388206523348531,0.0390708775340649,0.0390708775340649,"ATP1A2/KMO/KCNB1/SLC67A1/SLC7A5/SNCA/SLC14A2/CARTPT/FLVCR1/CXCL12/GDNF/STX1A/AVP/ADRA2A/CHRNA6/CHRNA4/PNOC/SLC14A1/FFAR3/SLC17A8/NTSR1/SYT1",22
"GO:0030449","GO:0030449","regulation of complement activation","10/2590","29/18842",0.344827586206897,2.50858740513913,3.24555444379322,0.00391610815988052,0.0392581205793716,0.0392581205793716,"SUSD4/C4BPA/C6/VSIG4/A2M/MASP1/CR2/CFHR5/SERPING1/CFP",10
"GO:0045687","GO:0045687","positive regulation of glial cell differentiation","10/2590","29/18842",0.344827586206897,2.50858740513913,3.24555444379322,0.00391610815988052,0.0392581205793716,0.0392581205793716,"MAG/PTPRZ1/IL34/EGR2/PTN/BMP2/TTBK1/CLCN2/QKI/MDK",10
"GO:0008544","GO:0008544","epidermis development","56/2590","287/18842",0.195121951219512,1.41949336095678,2.85880156351902,0.00392222028112295,0.0392581205793716,0.0392581205793716,"TMEM79/KRT73/CASP14/PTHLH/LSR/ZFP36/COL17A1/LAMB3/KRT14/CRABP2/KRT6C/KRT17/LIPN/KRT78/TP63/KRT36/TMEM132E/CYSRT1/ESRP1/SPRR2F/RBP2/FOXE1/S100A7/ZBED2/KRT81/KLF4/OVOL1/HOXB13/LAMC2/GAL/KRT86/FOXI3/KRT34/CNFN/CYP27B1/MAFF/SVEP1/PKP3/ST14/IVL/KRT3/PLA2G10/CALML5/EMP1/ABCA12/ALOXE3/KRT6A/AKR1C3/DLX3/GRHL3/KRT15/KRT75/KRT31/DSC1/IL20/MIR125B1",56
"GO:0002526","GO:0002526","acute inflammatory response","24/2590","100/18842",0.24,1.74597683397683,2.98583513422246,0.00397191137883053,0.0394301672159583,0.0394301672159583,"ORM1/F2/IGHG1/DNASE1L3/ADAM8/SAA4/C2CD4A/SAA2/F12/EDNRB/IGHE/EPO/IL22RA1/F8/AHSG/TNFSF4/ORM2/TFRC/FFAR3/FCGR3A/F7/IL6/PLA2G2D/SAA1",24
"GO:1902476","GO:1902476","chloride transmembrane transport","26/2590","111/18842",0.234234234234234,1.70403144457199,2.96976109950985,0.00397343718750873,0.0394301672159583,0.0394301672159583,"CLIC6/CFTR/GABRQ/GABRA4/CLIC5/GABRA3/GABRD/GABRB1/GABRG2/SLC1A4/FXYD1/SLC4A1/KCNK1/CLIC3/ANO9/GLRA3/SLC26A3/CLCN2/GABRA5/GABRG1/TTYH3/GABRR3/SLC1A1/SLC17A8/SLC1A7/GABRE",26
"GO:0015850","GO:0015850","organic hydroxy compound transport","54/2590","275/18842",0.196363636363636,1.4285265005265,2.85773275396082,0.00397867146783118,0.0394301672159583,0.0394301672159583,"SLC19A3/SLC16A3/SPP1/KCNB1/SNCA/CAV1/CARTPT/APOA1/SLC51B/RBP4/FLVCR1/CXCL12/GDNF/SLCO1B1/APOB/VIP/PCSK9/NR1H4/STX1A/AQP1/ABCA3/SLCO1B3-SLCO1B7/ABCB11/EGF/NOS1/ECRG4/AQP7B/ADRA2A/APOC1/AKR1C1/SLC16A7/PPARG/CHRNA6/CHRNA4/GAL/PNOC/CES1/SLCO1A2/CETP/FFAR3/CD36/PLA2G10/GPM6B/ABCA12/SYT7/SLC29A4/SLC6A4/STRA6/KCNK9/ABCA8/NAXE/AGT/ABCG8/SYT1",54
"GO:0007140","GO:0007140","male meiotic nuclear division","13/2590","43/18842",0.302325581395349,2.19938942264524,3.14322534970004,0.00398269941504281,0.0394301672159583,0.0394301672159583,"TDRD12/TEX11/TESMIN/HSF2BP/MAEL/RBM46/TEX19/TEX15/BRDT/BRCA2/CYP26B1/MYBL1/TDRKH",13
"GO:0045840","GO:0045840","positive regulation of mitotic nuclear division","13/2590","43/18842",0.302325581395349,2.19938942264524,3.14322534970004,0.00398269941504281,0.0394301672159583,0.0394301672159583,"AURKA/DLGAP5/EPGN/ESPL1/UBE2C/CDC20/EGF/EDN3/SKA1/EDN1/PLK1/DMRT1/SKA3",13
"GO:0055078","GO:0055078","sodium ion homeostasis","13/2590","43/18842",0.302325581395349,2.19938942264524,3.14322534970004,0.00398269941504281,0.0394301672159583,0.0394301672159583,"SCN7A/ATP1A2/ATP1A3/ATP4B/NPR1/FXYD4/EDNRB/FXYD1/TESC/FXYD6/ATP1B2/ATP4A/AGT",13
"GO:0001890","GO:0001890","placenta development","17/2590","63/18842",0.26984126984127,1.96306919164062,3.0566096779477,0.00406155049776533,0.0401381075412072,0.0401381075412071,"SPP1/GCM1/DCAF13/PHLDA2/PLAC1/PTN/MME/FBN2/ASCL2/PPARG/NDP/CYP27B1/E2F7/TEX19/PLK4/TPPP3/E2F8",17
"GO:0070828","GO:0070828","heterochromatin organization","47/2590","233/18842",0.201716738197425,1.46746979965864,2.86627893265692,0.0040713575802472,0.040162399234749,0.040162399234749,"H1-2/H3C11/TDRD12/MIS18A/H3C3/CBX7/SUV39H2/H2AC13/H3C8/H3C14/CENPA/H2AC25/MAEL/H3C6/CBX3/H3C1/CDK1/CBX2/UHRF1/H2AC8/PIWIL1/H2AC7/H2AC21/EPOP/H3C7/H3C10/H2AC12/HMGA2/H2AC17/LMNB1/H2AC20/H2AC11/CBX8/H2AC4/H3C13/OIP5/EZH2/H3C2/H2AC16/H2AX/TEX15/HELLS/CDKN2B-AS1/H3C12/CBX4/H2AC6/TDRD1",47
"GO:0044818","GO:0044818","mitotic G2/M transition checkpoint","15/2590","53/18842",0.283018867924528,2.0589349457274,3.0817956101948,0.00414997808270929,0.0408641985982095,0.0408641985982095,"BRSK1/CDC6/ORC1/CDC7/BARD1/CDK1/CLSPN/BLM/DONSON/BRCA1/TICRR/DTL/PLK1/DBF4/CHEK1",15
"GO:0010811","GO:0010811","positive regulation of cell-substrate adhesion","25/2590","106/18842",0.235849056603774,1.7157791214395,2.95013554379524,0.00425305346355623,0.0418038438459259,0.0418038438459259,"P4HB/APOA1/FERMT2/GFUS/TEK/PPM1F/NDNF/CDH13/FGB/UTRN/CX3CL1/CEACAM6/PLPP3/OLFM4/VIT/FBLN1/ECM2/AGR2/NPNT/NEDD9/CD36/RAC3/MYOC/CCL25/MDK",25
"GO:0055002","GO:0055002","striated muscle cell development","30/2590","134/18842",0.223880597014925,1.62870973318735,2.91566317939017,0.00426313905543848,0.0418277467468066,0.0418277467468066,"MYH6/MYOM3/CAPN3/PAK1/CAV3/CCNB1/TBX18/KRT19/KRT8/GATA4/MYBPH/CDK1/SYNPO2L/MYOM2/EDN1/MYH11/TNNT1/TMOD1/MYPN/LMOD1/PROX1/SIX4/ACTN2/ANKRD1/MYBPC1/CAV2/NKX2-5/TNNT3/MYL9/PGM5",30
"GO:0050673","GO:0050673","epithelial cell proliferation","67/2590","356/18842",0.188202247191011,1.36915318207453,2.80710456846866,0.00427319999579228,0.0418513225394351,0.0418513225394352,"ZFP36/NKX6-1/CALCA/GPBAR1/CAV1/PTPRN/CARTPT/EGR3/EPGN/PROK2/TEK/NR4A1/TACR1/PPP1R16B/CXCL12/TIE1/CDH13/RGCC/NR4A3/CCR3/EDNRB/SCN5A/FAP/UHRF1/DAB2IP/EGF/PTN/PTPRM/CLDN18/ATOH8/SULF1/MIR126/CNMD/TNMD/SOX11/CDKN1C/PPARG/CCL24/HPN/MIR205/PROX1/ZEB2/ECM1/FGF2/SIX4/COL4A3/MMP14/MIR222/SEMA5A/ACVRL1/FLT4/MMP12/IL6/TGFBR3/FOXE3/CAV2/RETNLB/NME1/BRCA2/BMPER/DSC1/MIR125B1/KLF9/CD34/MMRN2/CCL2/MDK",67
"GO:0048589","GO:0048589","developmental growth","71/2590","381/18842",0.186351706036745,1.35569067380091,2.79998564520421,0.0042877083445614,0.0419182935653454,0.0419182935653454,"SPP1/CAPN3/PAK1/CAV3/COL3A1/CHRNA1/VIM/SEMA3A/CDH2/CCNB1/RIMS1/RIMS2/MAG/DCAF13/FBLN5/RBP4/CXCL12/NR5A2/GATA4/AMH/CDK1/SPAAR/SLIT2/PTN/CLDN18/BASP1/EDN3/NRN1/EDN1/RNF157/DDR2/TBX20/SEMA7A/LIMK1/P2RX5/SEMA6D/GHR/STIL/VIL1/ACACB/SH3GL2/AGR2/UNC13A/SLIT3/IGFBP1/PROX1/ST8SIA2/CHRND/SEMA3G/APOD/FGF2/SIX4/NRG1/MIR222/SEMA5A/TRIM46/EDN2/HOXA11/GDF15/TGFBR3/SLC6A4/S1PR1/STRA6/LEPR/KIF26B/S100B/LHX1/OSTN/DMBX1/SYT1/MDK",71
"GO:0043279","GO:0043279","response to alkaloid","20/2590","79/18842",0.253164556962025,1.84174771516544,2.99290410946887,0.00430077433361169,0.0419709495235498,0.0419709495235498,"PDX1/SNCA/SOX17/CARTPT/RAD51/CASQ2/CCNA2/TRPA1/BLM/ADRA2A/SLC34A1/PNOC/FOSB/ST8SIA2/BCHE/SLC6A4/ADCY8/CRHBP/SLC1A1/EN1",20
"GO:0090257","GO:0090257","regulation of muscle system process","50/2590","252/18842",0.198412698412698,1.44343322914751,2.82902809097079,0.00439902692870027,0.0426391318529344,0.0426391318529344,"ATP1A2/CHRM2/CALCA/PAK1/CAV3/GPER1/CAV1/CARTPT/KBTBD13/PROK2/TACR1/NPR3/JPH4/MYL3/CASQ2/NR4A3/GATA4/JPH2/SCN4A/SCN5A/MYBPH/MYOCD/NOS1/EDN3/GATA5/EDN1/ADRA2A/KLF4/CERS1/CACNB3/PPARG/TNNT1/NPNT/JPH3/NMU/EDN2/ADRA1A/CACNA2D2/TNNI3/SLC8A3/ADGRD1/NKX2-5/TNNT3/MYL9/ADRB2/UCN/CNN1/AGT/KCNA1/CACNG1",50
"GO:0061572","GO:0061572","actin filament bundle organization","35/2590","163/18842",0.214723926380368,1.56209583816946,2.87723815528601,0.00440926816984645,0.0426391318529344,0.0426391318529344,"PAK1/APOA1/FERMT2/TACR1/PPM1F/RGCC/SYNPO/CX3CL1/SYNPO2L/LIMCH1/KCTD13/PTGER4/BAIAP2L1/PHLDB2/LIMK1/BAIAP2L2/RHOD/VIL1/ARHGEF15/SYNPO2/PIK3R1/SHANK3/FAM107A/NEDD9/FHDC1/ZEB2/RHPN1/DLC1/ESPN/MYOC/SORBS1/S1PR1/ARHGAP6/MYL9/SPIRE2",35
"GO:0010714","GO:0010714","positive regulation of collagen metabolic process","9/2590","25/18842",0.36,2.61896525096525,3.23355899698746,0.00441605647369823,0.0426391318529344,0.0426391318529344,"F2/VIM/SCX/RGCC/DDR2/CBX8/SERPINB7/VSIR/UCN",9
"GO:0030277","GO:0030277","maintenance of gastrointestinal epithelium","9/2590","25/18842",0.36,2.61896525096525,3.23355899698746,0.00441605647369823,0.0426391318529344,0.0426391318529344,"TLR4/TFF3/MUC2/RBP4/TFF1/MUC13/CRACD/INAVA/VSIG1",9
"GO:0072378","GO:0072378","blood coagulation, fibrin clot formation","9/2590","25/18842",0.36,2.61896525096525,3.23355899698746,0.00441605647369823,0.0426391318529344,0.0426391318529344,"F2/F10/FGB/F12/F13B/F8/FBLN1/THBD/F7",9
"GO:0099188","GO:0099188","postsynaptic cytoskeleton organization","9/2590","25/18842",0.36,2.61896525096525,3.23355899698746,0.00441605647369823,0.0426391318529344,0.0426391318529344,"NEFH/NEFL/KIF2C/ACTL8/SH3GL2/ACTN2/RAC3/SRCIN1/INA",9
"GO:0060421","GO:0060421","positive regulation of heart growth","11/2590","34/18842",0.323529411764706,2.35364524188054,3.15370786726429,0.00442395481204755,0.0426400582854318,0.0426400582854318,"CCNB1/CDK1/BASP1/EDN1/TBX20/ACACB/PROX1/FGF2/NRG1/MIR222/TGFBR3",11
"GO:0070372","GO:0070372","regulation of ERK1 and ERK2 cascade","55/2590","283/18842",0.19434628975265,1.41385049865615,2.80032130597907,0.00460508364949389,0.0443077150431058,0.0443077150431058,"IL13/GPBAR1/DUSP1/GPER1/TLR4/PLA2G5/PLA2G2A/CCN1/FERMT2/CALCR/TEK/PTPN1/PDE8B/ATF3/MIR221/FGB/FGFR4/ALKAL1/EPHB2/MC5R/SIRPA/CX3CL1/DAB2IP/PSCA/FFAR4/THPO/EPO/MIR126/S100A7/AKAP12/DDR2/SEMA7A/BMP2/CCL19/CHRNA9/SEMA6A/KLF4/FBLN1/MARCO/P2RY6/NPNT/MIR205/FGF21/SACK1D/FGF2/NRG1/ANGPT1/EPHB1/ADRA1A/CD36/FLT4/NRXN1/ALKAL2/BMPER/MTURN",55
"GO:0050806","GO:0050806","positive regulation of synaptic transmission","33/2590","152/18842",0.217105263157895,1.5794198333672,2.86324789543706,0.004677028435956,0.0447895942580194,0.0447895942580194,"KMO/GRIN1/GPR158/GPER1/GRIN2D/TACR1/GRIN2A/SLC7A10/STX1A/EPHB2/SLC8A2/PTN/GRIN2C/MME/KCTD13/NTRK2/RETN/HAP1/SHANK3/ARC/FAM107A/CAMK2A/SLC24A2/NMU/ADRA1A/SLC8A3/CACNG5/ADCY8/NRXN1/S100B/CACNA1B/SYT1/CCL2",33
"GO:0045005","GO:0045005","DNA-templated DNA replication maintenance of fidelity","18/2590","69/18842",0.260869565217391,1.89780090649656,2.98253943675531,0.00467975449612609,0.0447895942580194,0.0447895942580194,"POLQ/TRAIP/RAD51/BARD1/RNASEH2A/DNA2/BLM/FAM111B/TIMELESS/EME2/EME1/GEN1/DONSON/BRCA1/TONSL/PCNA/BRCA2/EXO1",18
"GO:0098900","GO:0098900","regulation of action potential","18/2590","69/18842",0.260869565217391,1.89780090649656,2.98253943675531,0.00467975449612609,0.0447895942580194,0.0447895942580194,"CAV3/KCNB1/NPY2R/CAV1/TBX18/TACR1/CASQ2/KCNK16/SCN5A/SLC8A2/TRPA1/NOS1/CNR2/CACNB3/HCN1/ADRA1A/CD36/KCNK9",18
"GO:0009581","GO:0009581","detection of external stimulus","27/2590","118/18842",0.228813559322034,1.6645965578169,2.89100088758047,0.0047511122287437,0.0452891964197016,0.0452891964197016,"PRDM12/CAV3/GPR52/CDH2/CARTPT/PKD1L2/RGS9BP/SCN1A/GPR88/CXCL12/LHFPL5/COL11A1/PTPRQ/REEP6/TRPA1/SLC24A4/GNAT3/GRK1/TMC2/HPN/SLC24A2/EPHB1/OPN4/PECAM1/RP1/KCNA1/NTSR1",27
"GO:0006270","GO:0006270","DNA replication initiation","12/2590","39/18842",0.307692307692308,2.23843183843184,3.09057501338036,0.00476001765784016,0.0452891964197016,0.0452891964197016,"MCM4/CDC6/MCM2/ORC6/CDT1/ORC1/CDC45/MCM10/MCM6/TICRR/DTL/MCIDAS",12
"GO:0060306","GO:0060306","regulation of membrane repolarization","12/2590","39/18842",0.307692307692308,2.23843183843184,3.09057501338036,0.00476001765784016,0.0452891964197016,0.0452891964197016,"CAV3/CAV1/CASQ2/SCN5A/NOS1/CACNB3/KCNA5/KCNE4/KCNE1/KCNH2/SCN4B/KCNH6",12
"GO:0061041","GO:0061041","regulation of wound healing","30/2590","135/18842",0.222222222222222,1.61664521664522,2.87044102288166,0.00477667912319717,0.0452891964197016,0.0452891964197016,"EMILIN2/F2/PROS1/CAV1/PLAU/MYLK/FERMT2/ADAMTS18/HBEGF/MIR221/FGB/F12/MMRN1/EPHB2/KNG1/FAP/EDN1/DDR2/PHLDB2/ADRA2A/CLDN3/CCN4/VIL1/PF4/SERPING1/THBD/FGF2/CD36/PROC/F7",30
"GO:0030595","GO:0030595","leukocyte chemotaxis","44/2590","217/18842",0.202764976958525,1.4750956354643,2.81003168528629,0.0048203595137516,0.0452891964197016,0.0452891964197016,"CALCA/DUSP1/JAM3/CXCL9/ADAM8/CXCL13/DPP4/CTSG/CXCL12/RARRES2/EDNRB/GREM1/BST1/CX3CL1/IL34/SLIT2/PTN/EDN3/EDN1/S100A7/TRPM2/CCL19/CCL23/CXCR2/CCL24/PF4/DPEP1/NEDD9/CCL1/EDN2/IL23A/CX3CR1/F7/IL6/CXCL3/VEGFD/CCL25/S100A12/CCL16/CCL7/PPBP/SAA1/CCL2/MDK",44
"GO:0007100","GO:0007100","mitotic centrosome separation","6/2590","13/18842",0.461538461538462,3.35764775764776,3.39457507964402,0.00483663016654971,0.0452891964197016,0.0452891964197016,"AURKA/KIF11/KIF25/NEK2/CEP85/CHEK1",6
"GO:0048486","GO:0048486","parasympathetic nervous system development","6/2590","13/18842",0.461538461538462,3.35764775764776,3.39457507964402,0.00483663016654971,0.0452891964197016,0.0452891964197016,"SEMA3A/GDNF/EGR2/PHOX2B/PHOX2A/TFAP2A",6
"GO:0086070","GO:0086070","SA node cell to atrial cardiac muscle cell communication","6/2590","13/18842",0.461538461538462,3.35764775764776,3.39457507964402,0.00483663016654971,0.0452891964197016,0.0452891964197016,"SCN3B/TBX18/SCN5A/KCNA5/CACNA1G/HCN1",6
"GO:0098712","GO:0098712","L-glutamate import across plasma membrane","6/2590","13/18842",0.461538461538462,3.35764775764776,3.39457507964402,0.00483663016654971,0.0452891964197016,0.0452891964197016,"ATP1A2/SLC1A4/SLC1A6/SLC1A1/SLC17A8/NTSR1",6
"GO:1901993","GO:1901993","regulation of meiotic cell cycle phase transition","6/2590","13/18842",0.461538461538462,3.35764775764776,3.39457507964402,0.00483663016654971,0.0452891964197016,0.0452891964197016,"TTK/CDC25C/CDC25A/PKMYT1/ZWINT/KNL1",6
"GO:0036376","GO:0036376","sodium ion export across plasma membrane","8/2590","21/18842",0.380952380952381,2.77139179996323,3.24228643975412,0.00483968722947955,0.0452891964197016,0.0452891964197016,"ATP1A2/ATP1A3/ATP4B/FXYD4/FXYD1/FXYD6/ATP1B2/ATP4A",8
"GO:0048245","GO:0048245","eosinophil chemotaxis","8/2590","21/18842",0.380952380952381,2.77139179996323,3.24228643975412,0.00483968722947955,0.0452891964197016,0.0452891964197016,"CX3CL1/CCL19/CCL24/CCL1/CCL25/CCL16/CCL7/CCL2",8
"GO:0090232","GO:0090232","positive regulation of spindle checkpoint","8/2590","21/18842",0.380952380952381,2.77139179996323,3.24228643975412,0.00483968722947955,0.0452891964197016,0.0452891964197016,"INCENP/AURKB/GEN1/MAD2L1/BIRC5/NDC80/CDCA8/KNL1",8
"GO:0002455","GO:0002455","humoral immune response mediated by circulating immunoglobulin","13/2590","44/18842",0.295454545454545,2.1494032994033,3.04713296157606,0.00495431740680391,0.0459230633418807,0.0459230633418807,"IGHA1/IGHG1/SUSD4/C4BPA/C6/IGHG3/IGHE/C7/IGHA2/CR2/IGHG2/IGHG4/C8G",13
"GO:0002920","GO:0002920","regulation of humoral immune response","13/2590","44/18842",0.295454545454545,2.1494032994033,3.04713296157606,0.00495431740680391,0.0459230633418807,0.0459230633418807,"SUSD4/C4BPA/C6/CXCL13/VSIG4/A2M/MASP1/KLK3/CR2/CFHR5/CAMP/SERPING1/CFP",13
"GO:0008347","GO:0008347","glial cell migration","13/2590","44/18842",0.295454545454545,2.1494032994033,3.04713296157606,0.00495431740680391,0.0459230633418807,0.0459230633418807,"IDH2/COL3A1/MIR221/CX3CL1/DAB2IP/MMP14/MIR222/VCAN/CX3CR1/ATP1B2/LRP8/P2RY12/CCL2",13
"GO:0061005","GO:0061005","cell differentiation involved in kidney development","13/2590","44/18842",0.295454545454545,2.1494032994033,3.04713296157606,0.00495431740680391,0.0459230633418807,0.0459230633418807,"KLF15/TCF21/GDNF/GREM1/SIX2/POU3F3/BASP1/EDN1/MMP9/NPHS1/LHX1/CD24/CD34",13
"GO:0010718","GO:0010718","positive regulation of epithelial to mesenchymal transition","16/2590","59/18842",0.271186440677966,1.97285517963484,2.98772191086274,0.00495784215401823,0.0459230633418807,0.0459230633418807,"TWIST1/FERMT2/ADAM8/FOXM1/MIR221/RGCC/ALX1/TBX20/BMP2/COL1A1/TGFBR2/MIR222/EZH2/IL6/AGT/MDK",16
"GO:0042304","GO:0042304","regulation of fatty acid biosynthetic process","16/2590","59/18842",0.271186440677966,1.97285517963484,2.98772191086274,0.00495784215401823,0.0459230633418807,0.0459230633418807,"TRIB3/ANGPTL4/EDN1/PDK4/AVP/CYP7A1/APOC1/GPIHBP1/BRCA1/GIP/ACADL/EDN2/PLA2G3/NME1/KAT2B/KIF12",16
"GO:0006690","GO:0006690","icosanoid metabolic process","28/2590","124/18842",0.225806451612903,1.64272013949433,2.86649692188486,0.00496823586280213,0.0459414703726119,0.0459414703726119,"CYP2A13/CPA1/PLA2G5/CYP2A6/CYP1A2/CYP2B6/PLA2G2F/PLA2G4A/ABHD6/CYP2F1/EDN1/AVP/CYP1A1/PTGIS/GGTLC2/AKR1C1/CTHRC1/CAMP/DPEP1/AKR1C2/CYP2C18/EDN2/PLA2G10/PLA2G3/ALOXE3/GGTA1/AKR1C3/CYP4F8",28
"GO:0034103","GO:0034103","regulation of tissue remodeling","20/2590","80/18842",0.25,1.81872586872587,2.92949249944767,0.00500913491194725,0.0462154512125208,0.0462154512125208,"SPP1/CALCA/CARTPT/ADAM8/DLK1/IL21/GREM1/PDK4/DDR2/RUFY4/PPARG/KISS1/KISS1R/FLT4/IL23A/SYT7/IL6/S1PR1/LEPR/MDK",20
"GO:0002921","GO:0002921","negative regulation of humoral immune response","7/2590","17/18842",0.411764705882353,2.99554848966614,3.28600109170583,0.00505706126717062,0.0462154512125208,0.0462154512125208,"SUSD4/C4BPA/VSIG4/A2M/MASP1/CR2/SERPING1",7
"GO:0009713","GO:0009713","catechol-containing compound biosynthetic process","7/2590","17/18842",0.411764705882353,2.99554848966614,3.28600109170583,0.00505706126717062,0.0462154512125208,0.0462154512125208,"KL/SNCA/PAH/PNMT/TH/INSM1/ALDH2",7
"GO:0036005","GO:0036005","response to macrophage colony-stimulating factor","7/2590","17/18842",0.411764705882353,2.99554848966614,3.28600109170583,0.00505706126717062,0.0462154512125208,0.0462154512125208,"SPP1/TLR4/PDE1B/IL34/PDE2A/MST1R/ALPL",7
"GO:0042423","GO:0042423","catecholamine biosynthetic process","7/2590","17/18842",0.411764705882353,2.99554848966614,3.28600109170583,0.00505706126717062,0.0462154512125208,0.0462154512125208,"KL/SNCA/PAH/PNMT/TH/INSM1/ALDH2",7
"GO:0048596","GO:0048596","embryonic camera-type eye morphogenesis","7/2590","17/18842",0.411764705882353,2.99554848966614,3.28600109170583,0.00505706126717062,0.0462154512125208,0.0462154512125208,"TWIST1/SOX11/TH/PROX1/STRA6/TFAP2A/SIX3",7
"GO:0090190","GO:0090190","positive regulation of branching involved in ureteric bud morphogenesis","7/2590","17/18842",0.411764705882353,2.99554848966614,3.28600109170583,0.00505706126717062,0.0462154512125208,0.0462154512125208,"GDNF/GREM1/LGR4/AGTR2/SIX4/LHX1/AGT",7
"GO:0010715","GO:0010715","regulation of extracellular matrix disassembly","10/2590","30/18842",0.333333333333333,2.42496782496783,3.1181474680212,0.00516169084255494,0.0469361738012691,0.0469361738012691,"PLAU/DPP4/FGFR4/FAP/DDR2/GDPD2/RECK/CARMIL2/MIR205/IL6",10
"GO:0035235","GO:0035235","ionotropic glutamate receptor signaling pathway","10/2590","30/18842",0.333333333333333,2.42496782496783,3.1181474680212,0.00516169084255494,0.0469361738012691,0.0469361738012691,"GRIN1/GRIK4/GRIN2D/GRIN2A/GRIN2C/GRIA4/GRIA2/CDK5R1/NRXN1/ADRB2",10
"GO:0055075","GO:0055075","potassium ion homeostasis","10/2590","30/18842",0.333333333333333,2.42496782496783,3.1181474680212,0.00516169084255494,0.0469361738012691,0.0469361738012691,"ATP1A2/ATP1A3/ATP4B/FXYD4/KCNA5/FXYD1/KCNH2/FXYD6/ATP1B2/ATP4A",10
"GO:0090596","GO:0090596","sensory organ morphogenesis","33/2590","153/18842",0.215686274509804,1.56909682792036,2.8215470608246,0.00519462778975463,0.0471572107491844,0.0471572107491844,"EFEMP1/TWIST1/TBX18/SOBP/RBP4/OLFM3/EPHB2/PTPRM/MFAP2/ZIC3/SOX12/FBN2/SOX11/FBN3/TH/MYO3B/HPN/TENM3/PAX6/PROX1/TMIE/SIX4/FOXE3/ZIC1/STRA6/TFAP2A/LHX1/CYP26B1/COL5A2/LCTL/SIX3/RP1/COL5A1",33
"GO:0048732","GO:0048732","gland development","47/2590","236/18842",0.199152542372881,1.44881552254434,2.7697834248924,0.00523313855719841,0.0474280302074449,0.0474280302074449,"LSR/AURKA/NOTCH4/SLC7A5/CAV1/TCF21/UGT1A10/SOX2/NR5A2/PCSK9/FOXH1/UGT1A7/PRLR/ALDH1A2/SCRIB/ZIC3/DKK3/FOXE1/SULF1/EDN1/CYP1A1/MET/BMP2/HOXB13/UGT1A6/CDO1/FOXI3/PROX1/INSM1/WNT11/HOXA10/NRG1/E2F7/SOX3/HOXA11/PCNA/OTC/IL6/TGFBR3/E2F8/STRA6/NKX2-5/BRCA2/CA3/SIX3/PCK1/MDK",47
"GO:0030593","GO:0030593","neutrophil chemotaxis","19/2590","75/18842",0.253333333333333,1.84297554697555,2.92009265227237,0.00526463910858233,0.047555789633723,0.047555789633723,"JAM3/CXCL9/CXCL13/DPP4/BST1/SLIT2/EDN3/EDN1/CCL19/CXCR2/PF4/DPEP1/EDN2/IL23A/CXCL3/S100A12/PPBP/SAA1/MDK",19
"GO:1903053","GO:1903053","regulation of extracellular matrix organization","19/2590","75/18842",0.253333333333333,1.84297554697555,2.92009265227237,0.00526463910858233,0.047555789633723,0.047555789633723,"PLAU/DPP4/TIE1/RGCC/FGFR4/PRDM5/FAP/DDR2/GDPD2/BMP2/RECK/PPARG/TNXB/CARMIL2/MIR205/ANGPTL7/IL6/TGFBR3/AGT",19
"GO:0019217","GO:0019217","regulation of fatty acid metabolic process","25/2590","108/18842",0.231481481481481,1.68400543400543,2.84580161653252,0.00549543032321567,0.0494239739369331,0.0494239739369331,"TWIST1/CAV1/TRIB3/UGT1A10/ANGPTL4/UGT1A7/ABCB11/EDN1/PDK4/AVP/CYP7A1/APOC1/GPIHBP1/UGT1A6/ACACB/PPARG/BRCA1/GIP/ACADL/EDN2/PLA2G3/GDF15/NME1/KAT2B/KIF12",25
"GO:0032355","GO:0032355","response to estradiol","25/2590","108/18842",0.231481481481481,1.68400543400543,2.84580161653252,0.00549543032321567,0.0494239739369331,0.0494239739369331,"DUSP1/GPER1/CARTPT/PTGFR/TACR1/KIF18A/ALDH1A2/CCNA2/FOXA1/GHR/SLC34A1/COL1A1/ADCYAP1R1/EZH2/PENK/PCNA/F7/CRYAB/POU4F1/SLC6A4/CRHBP/UCN/SOCS2/CAT/SSTR1",25
"GO:0007043","GO:0007043","cell-cell junction assembly","31/2590","142/18842",0.21830985915493,1.58818315297189,2.80856448637801,0.00549858667038524,0.0494239739369331,0.0494239739369331,"LSR/GPBAR1/GJB2/JAM3/CDH2/CAV1/CLDN6/CLDN9/CDH13/CDH15/NR1H4/EPHB2/CLDN18/CLDN5/CDH18/CLDN11/CDH12/CDH7/CNTNAP2/MICALL2/CLDN3/CDH5/CLDN19/NPHS1/PKP3/ACVRL1/PECAM1/CDH20/ECT2/ESAM/AGT",31
"GO:0050905","GO:0050905","neuromuscular process","23/2590","97/18842",0.237113402061856,1.72497711260598,2.85769510523536,0.0055487173183763,0.0497110494179123,0.0497110494179123,"CAV3/CHRNA1/KBTBD13/USH1G/CDH23/SCN4A/JSRP1/CNTNAP2/CHRNG/TNNT1/SHANK3/SYNM/CHRND/MB/TNNI3/SLC8A3/ADGRD1/STRA6/NRXN1/TNNT3/UCN/CA3/KCNA1",23
"GO:0110020","GO:0110020","regulation of actomyosin structure organization","23/2590","97/18842",0.237113402061856,1.72497711260598,2.85769510523536,0.0055487173183763,0.0497110494179123,0.0497110494179123,"PAK1/CAV3/APOA1/FERMT2/TACR1/PPM1F/RGCC/SYNPO/SYNPO2L/LIMCH1/PTGER4/EDN1/PHLDB2/LIMK1/ARHGEF15/PIK3R1/PROX1/RHPN1/DLC1/MYOC/S1PR1/ARHGAP6/ECT2",23
